pass,magentaMats,missingMats,totalMats,hasLODGroup,billboardLOD,tris,sizeX,sizeY,sizeZ,inCodex,name,path
True,0,0,1,False,True,2,0,020,0,000,0,020,False,"SM_Extra_Billboard_01","Assets/Vefects/Free Fire VFX URP/_ Extra/Resources/Meshes/SM_Extra_Billboard_01.fbx"
True,0,0,2,False,True,36,0,060,0,011,0,040,False,"SM_Extra_Billboard_Base_01","Assets/Vefects/Free Fire VFX URP/_ Extra/Resources/Meshes/SM_Extra_Billboard_Base_01.fbx"
True,0,0,7,False,False,2058,1,266,5,398,4,299,False,"Alpaca","Assets/Quaternius/FBX/Alpaca.fbx"
True,0,0,1,False,False,1448,0,795,0,341,0,284,False,"Anvil","Assets/UpDraftArt/BlackSmith Props Sampler/Prefabs/Anvil.prefab"
True,0,0,112,False,False,14082,19,079,18,848,9,807,False,"BLD_03_16x8_Ext_01","Assets/Fantastic City Pack/Prefabs/Modular/03_BLD_COMPLETE/Exterior/BLD_03_16x8_Ext_01.prefab"
True,0,0,93,False,False,11072,19,079,19,358,9,600,False,"BLD_03_16x8_Ext_02","Assets/Fantastic City Pack/Prefabs/Modular/03_BLD_COMPLETE/Exterior/BLD_03_16x8_Ext_02.prefab"
True,0,0,89,False,False,10892,17,600,21,520,9,600,False,"BLD_03_16x8_Ext_03","Assets/Fantastic City Pack/Prefabs/Modular/03_BLD_COMPLETE/Exterior/BLD_03_16x8_Ext_03.prefab"
True,0,0,75,False,False,9214,18,601,20,878,9,600,False,"BLD_03_16x8_Ext_04","Assets/Fantastic City Pack/Prefabs/Modular/03_BLD_COMPLETE/Exterior/BLD_03_16x8_Ext_04.prefab"
True,0,0,106,False,False,12390,20,558,20,922,9,767,False,"BLD_03_16x8_Ext_05","Assets/Fantastic City Pack/Prefabs/Modular/03_BLD_COMPLETE/Exterior/BLD_03_16x8_Ext_05.prefab"
True,0,0,138,False,False,14182,19,540,16,978,9,783,False,"BLD_03_16x8_Ext_06","Assets/Fantastic City Pack/Prefabs/Modular/03_BLD_COMPLETE/Exterior/BLD_03_16x8_Ext_06.prefab"
True,0,0,92,False,False,11672,18,709,18,556,9,600,False,"BLD_03_16x8_Ext_07","Assets/Fantastic City Pack/Prefabs/Modular/03_BLD_COMPLETE/Exterior/BLD_03_16x8_Ext_07.prefab"
True,0,0,134,False,False,16942,17,600,20,941,12,079,False,"BLD_03_16x8_Ext_08","Assets/Fantastic City Pack/Prefabs/Modular/03_BLD_COMPLETE/Exterior/BLD_03_16x8_Ext_08.prefab"
True,0,0,90,False,False,9550,20,059,20,186,9,600,False,"BLD_03_16x8_Ext_09","Assets/Fantastic City Pack/Prefabs/Modular/03_BLD_COMPLETE/Exterior/BLD_03_16x8_Ext_09.prefab"
True,0,0,51,False,False,5832,17,600,21,520,9,600,False,"BLD_03_16x8_Ext_10","Assets/Fantastic City Pack/Prefabs/Modular/03_BLD_COMPLETE/Exterior/BLD_03_16x8_Ext_10.prefab"
True,0,0,61,False,False,6452,17,600,21,238,9,600,False,"BLD_03_16x8_Ext_11","Assets/Fantastic City Pack/Prefabs/Modular/03_BLD_COMPLETE/Exterior/BLD_03_16x8_Ext_11.prefab"
True,0,0,49,False,False,3466,17,508,15,030,9,421,True,"BLD_03_16x8_Ext_Arch_01","Assets/Fantastic City Pack/Prefabs/Modular/03_BLD_COMPLETE/Exterior/BLD_03_16x8_Ext_Arch_01.prefab"
True,0,0,76,False,False,6794,19,601,17,711,9,421,False,"BLD_03_16x8_Ext_Arch_02","Assets/Fantastic City Pack/Prefabs/Modular/03_BLD_COMPLETE/Exterior/BLD_03_16x8_Ext_Arch_02.prefab"
True,0,0,118,False,False,13468,19,079,17,419,9,600,False,"BLD_03_16x8_Int_01","Assets/Fantastic City Pack/Prefabs/Modular/03_BLD_COMPLETE/Interior/BLD_03_16x8_Int_01.prefab"
True,0,0,134,False,False,15962,19,597,20,852,9,600,False,"BLD_03_16x8_Int_02","Assets/Fantastic City Pack/Prefabs/Modular/03_BLD_COMPLETE/Interior/BLD_03_16x8_Int_02.prefab"
True,0,0,253,False,False,25897,20,679,18,193,9,600,False,"BLD_03_16x8_Int_03","Assets/Fantastic City Pack/Prefabs/Modular/03_BLD_COMPLETE/Interior/BLD_03_16x8_Int_03.prefab"
True,0,0,129,False,False,12820,17,600,22,005,10,600,False,"BLD_03_16x8_Int_04","Assets/Fantastic City Pack/Prefabs/Modular/03_BLD_COMPLETE/Interior/BLD_03_16x8_Int_04.prefab"
True,0,0,585,False,False,78346,23,478,20,852,9,952,False,"BLD_03_16x8_Int_Alchemy_01","Assets/Fantastic City Pack/Prefabs/Modular/03_BLD_COMPLETE/Themed/BLD_03_16x8_Int_Alchemy_01.prefab"
True,0,0,869,False,False,111933,20,064,21,003,9,600,False,"BLD_03_16x8_Int_Bakery_01","Assets/Fantastic City Pack/Prefabs/Modular/03_BLD_COMPLETE/Themed/BLD_03_16x8_Int_Bakery_01.prefab"
True,0,0,226,False,False,34104,19,079,17,419,9,600,False,"BLD_03_16x8_Int_Bar_01","Assets/Fantastic City Pack/Prefabs/Modular/03_BLD_COMPLETE/Themed/BLD_03_16x8_Int_Bar_01.prefab"
True,0,0,223,False,False,36824,19,079,17,419,9,600,False,"BLD_03_16x8_Int_Bar_02","Assets/Fantastic City Pack/Prefabs/Modular/03_BLD_COMPLETE/Themed/BLD_03_16x8_Int_Bar_02.prefab"
True,0,0,415,False,False,54791,21,298,18,193,10,975,False,"BLD_03_16x8_Int_Tavern_01","Assets/Fantastic City Pack/Prefabs/Modular/03_BLD_COMPLETE/Themed/BLD_03_16x8_Int_Tavern_01.prefab"
True,0,0,285,False,False,35044,17,660,22,005,13,052,False,"BLD_03_16x8_Int_Woodworking","Assets/Fantastic City Pack/Prefabs/Modular/03_BLD_COMPLETE/Themed/BLD_03_16x8_Int_Woodworking.prefab"
True,0,0,51,False,False,4224,7,194,18,101,5,747,False,"BLD_03_4x4_Ext_01","Assets/Fantastic City Pack/Prefabs/Modular/03_BLD_COMPLETE/Exterior/BLD_03_4x4_Ext_01.prefab"
True,0,0,91,False,False,11444,9,637,21,228,11,600,False,"BLD_03_8x8_Ext_01","Assets/Fantastic City Pack/Prefabs/Modular/03_BLD_COMPLETE/Exterior/BLD_03_8x8_Ext_01.prefab"
True,0,0,47,False,False,4196,9,600,14,459,9,600,False,"BLD_03_8x8_Ext_Arch_01","Assets/Fantastic City Pack/Prefabs/Modular/03_BLD_COMPLETE/Exterior/BLD_03_8x8_Ext_Arch_01.prefab"
True,0,0,148,False,False,18070,20,130,21,379,13,600,True,"BLD_03_L_Ext_01","Assets/Fantastic City Pack/Prefabs/Modular/03_BLD_COMPLETE/Exterior/BLD_03_L_Ext_01.prefab"
True,0,0,163,False,False,16226,19,301,17,638,14,600,False,"BLD_03_L_Ext_02","Assets/Fantastic City Pack/Prefabs/Modular/03_BLD_COMPLETE/Exterior/BLD_03_L_Ext_02.prefab"
True,0,0,137,False,False,16826,17,600,20,642,16,362,False,"BLD_03_L_Ext_03","Assets/Fantastic City Pack/Prefabs/Modular/03_BLD_COMPLETE/Exterior/BLD_03_L_Ext_03.prefab"
True,0,0,129,False,False,15827,19,079,16,928,14,562,False,"BLD_03_L_Ext_04","Assets/Fantastic City Pack/Prefabs/Modular/03_BLD_COMPLETE/Exterior/BLD_03_L_Ext_04.prefab"
True,0,0,183,False,False,21580,18,845,30,892,14,855,False,"BLD_03_L_Ext_05","Assets/Fantastic City Pack/Prefabs/Modular/03_BLD_COMPLETE/Exterior/BLD_03_L_Ext_05.prefab"
True,0,0,164,False,False,20841,19,900,17,948,15,079,False,"BLD_03_L_Ext_06","Assets/Fantastic City Pack/Prefabs/Modular/03_BLD_COMPLETE/Exterior/BLD_03_L_Ext_06.prefab"
True,0,0,112,False,False,11674,17,600,20,899,14,391,False,"BLD_03_L_Ext_07","Assets/Fantastic City Pack/Prefabs/Modular/03_BLD_COMPLETE/Exterior/BLD_03_L_Ext_07.prefab"
True,0,0,185,False,False,19626,18,601,21,379,14,561,False,"BLD_03_L_Int_01","Assets/Fantastic City Pack/Prefabs/Modular/03_BLD_COMPLETE/Interior/BLD_03_L_Int_01.prefab"
True,0,0,193,False,False,20468,17,600,21,419,15,364,False,"BLD_03_L_Int_02","Assets/Fantastic City Pack/Prefabs/Modular/03_BLD_COMPLETE/Interior/BLD_03_L_Int_02.prefab"
True,0,0,170,False,False,22408,17,600,21,043,15,001,False,"BLD_03_L_Int_Blacksmith","Assets/Fantastic City Pack/Prefabs/Modular/03_BLD_COMPLETE/Themed/BLD_03_L_Int_Blacksmith.prefab"
True,0,0,475,False,False,62060,18,601,21,379,14,561,False,"BLD_03_L_Int_Tavern_01","Assets/Fantastic City Pack/Prefabs/Modular/03_BLD_COMPLETE/Themed/BLD_03_L_Int_Tavern_01.prefab"
True,0,0,422,False,False,54690,17,600,21,419,15,364,False,"BLD_03_L_Int_Tavern_02","Assets/Fantastic City Pack/Prefabs/Modular/03_BLD_COMPLETE/Themed/BLD_03_L_Int_Tavern_02.prefab"
True,0,0,122,False,False,11048,20,557,17,388,13,452,False,"BLD_03_T_Ext_01","Assets/Fantastic City Pack/Prefabs/Modular/03_BLD_COMPLETE/Exterior/BLD_03_T_Ext_01.prefab"
True,0,0,75,False,False,6932,17,600,16,892,13,712,False,"BLD_03_T_Ext_02","Assets/Fantastic City Pack/Prefabs/Modular/03_BLD_COMPLETE/Exterior/BLD_03_T_Ext_02.prefab"
True,0,0,71,False,False,7810,17,600,12,978,13,600,False,"BLD_03_T_Ext_03","Assets/Fantastic City Pack/Prefabs/Modular/03_BLD_COMPLETE/Exterior/BLD_03_T_Ext_03.prefab"
True,0,0,171,False,False,17564,17,600,17,538,14,600,False,"BLD_03_T_Int_01","Assets/Fantastic City Pack/Prefabs/Modular/03_BLD_COMPLETE/Interior/BLD_03_T_Int_01.prefab"
True,0,0,442,False,False,66873,17,600,17,538,14,976,False,"BLD_03_T_Int_Tailor","Assets/Fantastic City Pack/Prefabs/Modular/03_BLD_COMPLETE/Themed/BLD_03_T_Int_Tailor.prefab"
True,0,0,7,False,False,2418,2,513,4,587,8,067,False,"Bull","Assets/Quaternius/FBX/Bull.fbx"
True,0,0,2,False,False,0,0,000,0,000,0,000,False,"Campfire","Assets/Polyart/PolyartStudio/DreamscapeCampsite/Effects/Campfire.prefab"
True,0,0,1,False,False,3157,0,700,0,200,0,550,False,"Coal Pile","Assets/UpDraftArt/BlackSmith Props Sampler/Prefabs/Coal Pile.prefab"
True,0,0,15,False,False,1672,17,600,4,000,9,600,False,"COMP_Base_03_16x8_door_01_01","Assets/Fantastic City Pack/Prefabs/Modular/02_COMPS/Base/16x8/COMP_Base_03_16x8_door_01_01.prefab"
True,0,0,11,False,False,260,17,421,4,000,9,421,False,"COMP_Base_03_16x8_door_01_02","Assets/Fantastic City Pack/Prefabs/Modular/02_COMPS/Base/16x8/COMP_Base_03_16x8_door_01_02.prefab"
True,0,0,15,False,False,1672,17,600,4,000,9,600,False,"COMP_Base_03_16x8_door_02_01","Assets/Fantastic City Pack/Prefabs/Modular/02_COMPS/Base/16x8/COMP_Base_03_16x8_door_02_01.prefab"
True,0,0,11,False,False,260,17,421,4,000,9,421,False,"COMP_Base_03_16x8_door_02_02","Assets/Fantastic City Pack/Prefabs/Modular/02_COMPS/Base/16x8/COMP_Base_03_16x8_door_02_02.prefab"
True,0,0,15,False,False,1676,17,600,4,000,9,600,False,"COMP_Base_03_16x8_door_03_01","Assets/Fantastic City Pack/Prefabs/Modular/02_COMPS/Base/16x8/COMP_Base_03_16x8_door_03_01.prefab"
True,0,0,11,False,False,264,17,421,4,000,9,421,False,"COMP_Base_03_16x8_door_03_02","Assets/Fantastic City Pack/Prefabs/Modular/02_COMPS/Base/16x8/COMP_Base_03_16x8_door_03_02.prefab"
True,0,0,7,False,False,224,17,185,1,000,9,185,False,"COMP_Base_03_16x8_extension_01","Assets/Fantastic City Pack/Prefabs/Modular/02_COMPS/Base/16x8/COMP_Base_03_16x8_extension_01.prefab"
True,0,0,13,False,False,296,17,421,1,000,9,421,False,"COMP_Base_03_16x8_extension_02","Assets/Fantastic City Pack/Prefabs/Modular/02_COMPS/Base/16x8/COMP_Base_03_16x8_extension_02.prefab"
True,0,0,15,False,False,1668,17,600,4,000,9,600,False,"COMP_Base_03_16x8_noDoor_01","Assets/Fantastic City Pack/Prefabs/Modular/02_COMPS/Base/16x8/COMP_Base_03_16x8_noDoor_01.prefab"
True,0,0,11,False,False,256,17,421,4,000,9,421,False,"COMP_Base_03_16x8_noDoor_02","Assets/Fantastic City Pack/Prefabs/Modular/02_COMPS/Base/16x8/COMP_Base_03_16x8_noDoor_02.prefab"
True,0,0,13,False,False,1124,5,600,4,000,5,600,False,"COMP_Base_03_4x4_door_01","Assets/Fantastic City Pack/Prefabs/Modular/02_COMPS/Base/4x4/COMP_Base_03_4x4_door_01.prefab"
True,0,0,9,False,False,164,5,421,4,000,5,421,False,"COMP_Base_03_4x4_door_02","Assets/Fantastic City Pack/Prefabs/Modular/02_COMPS/Base/4x4/COMP_Base_03_4x4_door_02.prefab"
True,0,0,7,False,False,224,5,185,1,000,5,185,False,"COMP_Base_03_4x4_extension_01","Assets/Fantastic City Pack/Prefabs/Modular/02_COMPS/Base/4x4/COMP_Base_03_4x4_extension_01.prefab"
True,0,0,11,False,False,200,5,421,1,000,5,421,False,"COMP_Base_03_4x4_extension_02","Assets/Fantastic City Pack/Prefabs/Modular/02_COMPS/Base/4x4/COMP_Base_03_4x4_extension_02.prefab"
True,0,0,13,False,False,1120,5,600,4,000,5,600,False,"COMP_Base_03_4x4_noDoor_01","Assets/Fantastic City Pack/Prefabs/Modular/02_COMPS/Base/4x4/COMP_Base_03_4x4_noDoor_01.prefab"
True,0,0,9,False,False,160,5,421,4,000,5,421,False,"COMP_Base_03_4x4_noDoor_02","Assets/Fantastic City Pack/Prefabs/Modular/02_COMPS/Base/4x4/COMP_Base_03_4x4_noDoor_02.prefab"
True,0,0,13,False,False,1380,9,600,4,000,9,600,False,"COMP_Base_03_8x8_door_01_01","Assets/Fantastic City Pack/Prefabs/Modular/02_COMPS/Base/8x8/COMP_Base_03_8x8_door_01_01.prefab"
True,0,0,9,False,False,204,9,421,4,000,9,421,False,"COMP_Base_03_8x8_door_01_02","Assets/Fantastic City Pack/Prefabs/Modular/02_COMPS/Base/8x8/COMP_Base_03_8x8_door_01_02.prefab"
True,0,0,13,False,False,1384,9,600,4,000,9,600,False,"COMP_Base_03_8x8_door_02_01","Assets/Fantastic City Pack/Prefabs/Modular/02_COMPS/Base/8x8/COMP_Base_03_8x8_door_02_01.prefab"
True,0,0,9,False,False,208,9,421,4,000,9,421,False,"COMP_Base_03_8x8_door_02_02","Assets/Fantastic City Pack/Prefabs/Modular/02_COMPS/Base/8x8/COMP_Base_03_8x8_door_02_02.prefab"
True,0,0,7,False,False,224,9,185,1,000,9,185,False,"COMP_Base_03_8x8_extension_01","Assets/Fantastic City Pack/Prefabs/Modular/02_COMPS/Base/8x8/COMP_Base_03_8x8_extension_01.prefab"
True,0,0,11,False,False,240,9,421,1,000,9,421,False,"COMP_Base_03_8x8_extension_02","Assets/Fantastic City Pack/Prefabs/Modular/02_COMPS/Base/8x8/COMP_Base_03_8x8_extension_02.prefab"
True,0,0,13,False,False,1376,9,600,4,000,9,600,False,"COMP_Base_03_8x8_noDoor_01","Assets/Fantastic City Pack/Prefabs/Modular/02_COMPS/Base/8x8/COMP_Base_03_8x8_noDoor_01.prefab"
True,0,0,9,False,False,200,9,421,4,000,9,421,False,"COMP_Base_03_8x8_noDoor_02","Assets/Fantastic City Pack/Prefabs/Modular/02_COMPS/Base/8x8/COMP_Base_03_8x8_noDoor_02.prefab"
True,0,0,19,False,False,2014,17,600,4,000,13,600,False,"COMP_Base_03_L_door_01_01","Assets/Fantastic City Pack/Prefabs/Modular/02_COMPS/Base/L/COMP_Base_03_L_door_01_01.prefab"
True,0,0,14,False,False,320,17,421,4,000,13,421,False,"COMP_Base_03_L_door_01_02","Assets/Fantastic City Pack/Prefabs/Modular/02_COMPS/Base/L/COMP_Base_03_L_door_01_02.prefab"
True,0,0,19,False,False,2014,17,600,4,000,13,600,False,"COMP_Base_03_L_door_02_01","Assets/Fantastic City Pack/Prefabs/Modular/02_COMPS/Base/L/COMP_Base_03_L_door_02_01.prefab"
True,0,0,14,False,False,320,17,421,4,000,13,421,False,"COMP_Base_03_L_door_02_02","Assets/Fantastic City Pack/Prefabs/Modular/02_COMPS/Base/L/COMP_Base_03_L_door_02_02.prefab"
True,0,0,19,False,False,2018,17,600,4,000,13,600,False,"COMP_Base_03_L_door_03_01","Assets/Fantastic City Pack/Prefabs/Modular/02_COMPS/Base/L/COMP_Base_03_L_door_03_01.prefab"
True,0,0,14,False,False,324,17,421,4,000,13,421,False,"COMP_Base_03_L_door_03_02","Assets/Fantastic City Pack/Prefabs/Modular/02_COMPS/Base/L/COMP_Base_03_L_door_03_02.prefab"
True,0,0,8,False,False,292,17,185,1,000,13,185,False,"COMP_Base_03_L_extension_01","Assets/Fantastic City Pack/Prefabs/Modular/02_COMPS/Base/L/COMP_Base_03_L_extension_01.prefab"
True,0,0,16,False,False,376,17,421,1,000,13,421,False,"COMP_Base_03_L_extension_02","Assets/Fantastic City Pack/Prefabs/Modular/02_COMPS/Base/L/COMP_Base_03_L_extension_02.prefab"
True,0,0,19,False,False,2010,17,600,4,000,13,600,False,"COMP_Base_03_L_noDoor_01","Assets/Fantastic City Pack/Prefabs/Modular/02_COMPS/Base/L/COMP_Base_03_L_noDoor_01.prefab"
True,0,0,14,False,False,316,17,421,4,000,13,421,False,"COMP_Base_03_L_noDoor_02","Assets/Fantastic City Pack/Prefabs/Modular/02_COMPS/Base/L/COMP_Base_03_L_noDoor_02.prefab"
True,0,0,20,False,False,2174,17,600,4,000,13,600,False,"COMP_Base_03_T_door_01_01","Assets/Fantastic City Pack/Prefabs/Modular/02_COMPS/Base/T/COMP_Base_03_T_door_01_01.prefab"
True,0,0,14,False,False,336,17,421,4,000,13,421,False,"COMP_Base_03_T_door_01_02","Assets/Fantastic City Pack/Prefabs/Modular/02_COMPS/Base/T/COMP_Base_03_T_door_01_02.prefab"
True,0,0,20,False,False,2174,17,600,4,000,13,600,False,"COMP_Base_03_T_door_02_01","Assets/Fantastic City Pack/Prefabs/Modular/02_COMPS/Base/T/COMP_Base_03_T_door_02_01.prefab"
True,0,0,14,False,False,336,17,421,4,000,13,421,False,"COMP_Base_03_T_door_02_02","Assets/Fantastic City Pack/Prefabs/Modular/02_COMPS/Base/T/COMP_Base_03_T_door_02_02.prefab"
True,0,0,20,False,False,2178,17,600,4,000,13,600,False,"COMP_Base_03_T_door_03_01","Assets/Fantastic City Pack/Prefabs/Modular/02_COMPS/Base/T/COMP_Base_03_T_door_03_01.prefab"
True,0,0,14,False,False,340,17,421,4,000,13,421,False,"COMP_Base_03_T_door_03_02","Assets/Fantastic City Pack/Prefabs/Modular/02_COMPS/Base/T/COMP_Base_03_T_door_03_02.prefab"
True,0,0,9,False,False,360,17,185,1,000,13,185,False,"COMP_Base_03_T_extension_01","Assets/Fantastic City Pack/Prefabs/Modular/02_COMPS/Base/T/COMP_Base_03_T_extension_01.prefab"
True,0,0,16,False,False,412,17,421,1,000,13,421,False,"COMP_Base_03_T_extension_02","Assets/Fantastic City Pack/Prefabs/Modular/02_COMPS/Base/T/COMP_Base_03_T_extension_02.prefab"
True,0,0,22,False,False,2250,17,600,4,000,13,600,False,"COMP_Base_03_T_noDoor_01","Assets/Fantastic City Pack/Prefabs/Modular/02_COMPS/Base/T/COMP_Base_03_T_noDoor_01.prefab"
True,0,0,14,False,False,332,17,421,4,000,13,421,False,"COMP_Base_03_T_noDoor_02","Assets/Fantastic City Pack/Prefabs/Modular/02_COMPS/Base/T/COMP_Base_03_T_noDoor_02.prefab"
True,0,0,10,False,False,140,16,800,4,500,8,800,False,"COMP_BaseInt_03_16x8_door_01_01","Assets/Fantastic City Pack/Prefabs/Modular/02_COMPS/Base/16x8/COMP_BaseInt_03_16x8_door_01_01.prefab"
True,0,0,10,False,False,140,16,800,4,500,8,800,False,"COMP_BaseInt_03_16x8_door_02_01","Assets/Fantastic City Pack/Prefabs/Modular/02_COMPS/Base/16x8/COMP_BaseInt_03_16x8_door_02_01.prefab"
True,0,0,10,False,False,144,16,800,4,500,8,800,False,"COMP_BaseInt_03_16x8_door_03_01","Assets/Fantastic City Pack/Prefabs/Modular/02_COMPS/Base/16x8/COMP_BaseInt_03_16x8_door_03_01.prefab"
True,0,0,10,False,False,136,16,800,4,500,8,800,False,"COMP_BaseInt_03_16x8_noDoor_01","Assets/Fantastic City Pack/Prefabs/Modular/02_COMPS/Base/16x8/COMP_BaseInt_03_16x8_noDoor_01.prefab"
True,0,0,3,False,False,56,4,800,4,500,4,800,False,"COMP_BaseInt_03_8x8_door_01_01","Assets/Fantastic City Pack/Prefabs/Modular/02_COMPS/Base/4x4/COMP_BaseInt_03_8x8_door_01_01.prefab"
True,0,0,7,False,False,154,8,800,4,500,8,800,False,"COMP_BaseInt_03_8x8_door_01_01","Assets/Fantastic City Pack/Prefabs/Modular/02_COMPS/Base/8x8/COMP_BaseInt_03_8x8_door_01_01.prefab"
True,0,0,6,False,False,96,8,800,4,500,8,800,False,"COMP_BaseInt_03_8x8_door_02_01","Assets/Fantastic City Pack/Prefabs/Modular/02_COMPS/Base/8x8/COMP_BaseInt_03_8x8_door_02_01.prefab"
True,0,0,3,False,False,52,4,800,4,500,4,800,False,"COMP_BaseInt_03_8x8_noDoor_01","Assets/Fantastic City Pack/Prefabs/Modular/02_COMPS/Base/4x4/COMP_BaseInt_03_8x8_noDoor_01.prefab"
True,0,0,6,False,False,88,8,800,4,500,8,800,False,"COMP_BaseInt_03_8x8_noDoor_01","Assets/Fantastic City Pack/Prefabs/Modular/02_COMPS/Base/8x8/COMP_BaseInt_03_8x8_noDoor_01.prefab"
True,0,0,12,False,False,184,16,800,4,500,12,800,False,"COMP_BaseInt_03_L_door_01_01","Assets/Fantastic City Pack/Prefabs/Modular/02_COMPS/Base/L/COMP_BaseInt_03_L_door_01_01.prefab"
True,0,0,12,False,False,184,16,800,4,500,12,800,False,"COMP_BaseInt_03_L_door_02_01","Assets/Fantastic City Pack/Prefabs/Modular/02_COMPS/Base/L/COMP_BaseInt_03_L_door_02_01.prefab"
True,0,0,12,False,False,188,16,800,4,500,12,800,False,"COMP_BaseInt_03_L_door_03_01","Assets/Fantastic City Pack/Prefabs/Modular/02_COMPS/Base/L/COMP_BaseInt_03_L_door_03_01.prefab"
True,0,0,12,False,False,180,16,800,4,500,12,800,False,"COMP_BaseInt_03_L_noDoor_01","Assets/Fantastic City Pack/Prefabs/Modular/02_COMPS/Base/L/COMP_BaseInt_03_L_noDoor_01.prefab"
True,0,0,12,False,False,204,16,800,4,500,12,800,False,"COMP_BaseInt_03_T_door_01_01","Assets/Fantastic City Pack/Prefabs/Modular/02_COMPS/Base/T/COMP_BaseInt_03_T_door_01_01.prefab"
True,0,0,12,False,False,204,16,800,4,500,12,800,False,"COMP_BaseInt_03_T_door_02_01","Assets/Fantastic City Pack/Prefabs/Modular/02_COMPS/Base/T/COMP_BaseInt_03_T_door_02_01.prefab"
True,0,0,12,False,False,208,16,800,4,500,12,800,False,"COMP_BaseInt_03_T_door_03_01","Assets/Fantastic City Pack/Prefabs/Modular/02_COMPS/Base/T/COMP_BaseInt_03_T_door_03_01.prefab"
True,0,0,12,False,False,200,16,800,4,500,12,800,False,"COMP_BaseInt_03_T_noDoor_01","Assets/Fantastic City Pack/Prefabs/Modular/02_COMPS/Base/T/COMP_BaseInt_03_T_noDoor_01.prefab"
True,0,0,3,False,False,166,1,033,4,007,1,024,False,"COMP_Column_03_01","Assets/Fantastic City Pack/Prefabs/Modular/02_COMPS/Columns/COMP_Column_03_01.prefab"
True,0,0,3,False,False,128,1,223,4,000,1,223,False,"COMP_Column_03_02","Assets/Fantastic City Pack/Prefabs/Modular/02_COMPS/Columns/COMP_Column_03_02.prefab"
True,0,0,3,False,False,480,2,750,3,340,1,031,False,"COMP_Door_03_01_framedeco_01_01","Assets/Fantastic City Pack/Prefabs/Modular/02_COMPS/Doors/COMP_Door_03_01_framedeco_01_01.prefab"
True,0,0,3,False,False,480,2,670,3,783,1,062,False,"COMP_Door_03_01_framedeco_01_02","Assets/Fantastic City Pack/Prefabs/Modular/02_COMPS/Doors/COMP_Door_03_01_framedeco_01_02.prefab"
True,0,0,3,False,False,344,2,750,2,876,1,032,False,"COMP_Door_03_01_framedeco_01_03","Assets/Fantastic City Pack/Prefabs/Modular/02_COMPS/Doors/COMP_Door_03_01_framedeco_01_03.prefab"
True,0,0,3,False,False,360,2,730,3,342,1,003,False,"COMP_Door_03_01_framedeco_01_04","Assets/Fantastic City Pack/Prefabs/Modular/02_COMPS/Doors/COMP_Door_03_01_framedeco_01_04.prefab"
True,0,0,3,False,False,554,3,064,3,365,1,067,False,"COMP_Door_03_01_framedeco_02_01","Assets/Fantastic City Pack/Prefabs/Modular/02_COMPS/Doors/COMP_Door_03_01_framedeco_02_01.prefab"
True,0,0,3,False,False,532,3,120,4,106,1,181,False,"COMP_Door_03_01_framedeco_02_02","Assets/Fantastic City Pack/Prefabs/Modular/02_COMPS/Doors/COMP_Door_03_01_framedeco_02_02.prefab"
True,0,0,3,False,False,410,2,953,3,365,1,098,False,"COMP_Door_03_01_framedeco_02_03","Assets/Fantastic City Pack/Prefabs/Modular/02_COMPS/Doors/COMP_Door_03_01_framedeco_02_03.prefab"
True,0,0,3,False,False,372,3,064,3,342,1,139,False,"COMP_Door_03_01_framedeco_02_04","Assets/Fantastic City Pack/Prefabs/Modular/02_COMPS/Doors/COMP_Door_03_01_framedeco_02_04.prefab"
True,0,0,3,False,False,444,3,587,2,926,0,953,False,"COMP_Door_03_01_framedeco_03_01","Assets/Fantastic City Pack/Prefabs/Modular/02_COMPS/Doors/COMP_Door_03_01_framedeco_03_01.prefab"
True,0,0,3,False,False,580,3,458,3,884,0,999,False,"COMP_Door_03_01_framedeco_03_02","Assets/Fantastic City Pack/Prefabs/Modular/02_COMPS/Doors/COMP_Door_03_01_framedeco_03_02.prefab"
True,0,0,3,False,False,484,3,624,3,263,1,139,False,"COMP_Door_03_01_framedeco_03_03","Assets/Fantastic City Pack/Prefabs/Modular/02_COMPS/Doors/COMP_Door_03_01_framedeco_03_03.prefab"
True,0,0,2,False,False,282,2,000,2,600,0,691,False,"COMP_Door_03_01_generic","Assets/Fantastic City Pack/Prefabs/Modular/02_COMPS/Doors/COMP_Door_03_01_generic.prefab"
True,0,0,3,False,False,528,2,750,3,340,1,031,False,"COMP_Door_03_02_framedeco_01_01","Assets/Fantastic City Pack/Prefabs/Modular/02_COMPS/Doors/COMP_Door_03_02_framedeco_01_01.prefab"
True,0,0,3,False,False,528,2,670,3,783,1,062,False,"COMP_Door_03_02_framedeco_01_02","Assets/Fantastic City Pack/Prefabs/Modular/02_COMPS/Doors/COMP_Door_03_02_framedeco_01_02.prefab"
True,0,0,3,False,False,392,2,750,2,876,1,032,False,"COMP_Door_03_02_framedeco_01_03","Assets/Fantastic City Pack/Prefabs/Modular/02_COMPS/Doors/COMP_Door_03_02_framedeco_01_03.prefab"
True,0,0,3,False,False,408,2,730,3,342,1,003,False,"COMP_Door_03_02_framedeco_01_04","Assets/Fantastic City Pack/Prefabs/Modular/02_COMPS/Doors/COMP_Door_03_02_framedeco_01_04.prefab"
True,0,0,3,False,False,602,3,064,3,365,1,067,False,"COMP_Door_03_02_framedeco_02_01","Assets/Fantastic City Pack/Prefabs/Modular/02_COMPS/Doors/COMP_Door_03_02_framedeco_02_01.prefab"
True,0,0,3,False,False,580,3,120,4,106,1,181,False,"COMP_Door_03_02_framedeco_02_02","Assets/Fantastic City Pack/Prefabs/Modular/02_COMPS/Doors/COMP_Door_03_02_framedeco_02_02.prefab"
True,0,0,3,False,False,458,2,953,3,365,1,098,False,"COMP_Door_03_02_framedeco_02_03","Assets/Fantastic City Pack/Prefabs/Modular/02_COMPS/Doors/COMP_Door_03_02_framedeco_02_03.prefab"
True,0,0,3,False,False,420,3,064,3,342,1,139,False,"COMP_Door_03_02_framedeco_02_04","Assets/Fantastic City Pack/Prefabs/Modular/02_COMPS/Doors/COMP_Door_03_02_framedeco_02_04.prefab"
True,0,0,3,False,False,492,3,587,2,926,0,953,False,"COMP_Door_03_02_framedeco_03_01","Assets/Fantastic City Pack/Prefabs/Modular/02_COMPS/Doors/COMP_Door_03_02_framedeco_03_01.prefab"
True,0,0,3,False,False,628,3,458,3,884,0,999,False,"COMP_Door_03_02_framedeco_03_02","Assets/Fantastic City Pack/Prefabs/Modular/02_COMPS/Doors/COMP_Door_03_02_framedeco_03_02.prefab"
True,0,0,3,False,False,532,3,624,3,263,1,139,False,"COMP_Door_03_02_framedeco_03_03","Assets/Fantastic City Pack/Prefabs/Modular/02_COMPS/Doors/COMP_Door_03_02_framedeco_03_03.prefab"
True,0,0,2,False,False,330,2,000,2,600,0,691,False,"COMP_Door_03_02_generic","Assets/Fantastic City Pack/Prefabs/Modular/02_COMPS/Doors/COMP_Door_03_02_generic.prefab"
True,0,0,4,False,False,660,2,750,3,340,1,031,False,"COMP_Door_03_03_framedeco_01_01","Assets/Fantastic City Pack/Prefabs/Modular/02_COMPS/Doors/COMP_Door_03_03_framedeco_01_01.prefab"
True,0,0,4,False,False,660,2,670,3,783,1,062,False,"COMP_Door_03_03_framedeco_01_02","Assets/Fantastic City Pack/Prefabs/Modular/02_COMPS/Doors/COMP_Door_03_03_framedeco_01_02.prefab"
True,0,0,4,False,False,524,2,750,2,876,1,032,False,"COMP_Door_03_03_framedeco_01_03","Assets/Fantastic City Pack/Prefabs/Modular/02_COMPS/Doors/COMP_Door_03_03_framedeco_01_03.prefab"
True,0,0,4,False,False,540,2,730,3,342,1,003,False,"COMP_Door_03_03_framedeco_01_04","Assets/Fantastic City Pack/Prefabs/Modular/02_COMPS/Doors/COMP_Door_03_03_framedeco_01_04.prefab"
True,0,0,4,False,False,734,3,064,3,365,1,067,False,"COMP_Door_03_03_framedeco_02_01","Assets/Fantastic City Pack/Prefabs/Modular/02_COMPS/Doors/COMP_Door_03_03_framedeco_02_01.prefab"
True,0,0,4,False,False,712,3,120,4,106,1,181,False,"COMP_Door_03_03_framedeco_02_02","Assets/Fantastic City Pack/Prefabs/Modular/02_COMPS/Doors/COMP_Door_03_03_framedeco_02_02.prefab"
True,0,0,4,False,False,590,2,953,3,365,1,098,False,"COMP_Door_03_03_framedeco_02_03","Assets/Fantastic City Pack/Prefabs/Modular/02_COMPS/Doors/COMP_Door_03_03_framedeco_02_03.prefab"
True,0,0,4,False,False,552,3,064,3,342,1,139,False,"COMP_Door_03_03_framedeco_02_04","Assets/Fantastic City Pack/Prefabs/Modular/02_COMPS/Doors/COMP_Door_03_03_framedeco_02_04.prefab"
True,0,0,4,False,False,624,3,587,2,926,0,953,False,"COMP_Door_03_03_framedeco_03_01","Assets/Fantastic City Pack/Prefabs/Modular/02_COMPS/Doors/COMP_Door_03_03_framedeco_03_01.prefab"
True,0,0,4,False,False,760,3,458,3,884,0,999,False,"COMP_Door_03_03_framedeco_03_02","Assets/Fantastic City Pack/Prefabs/Modular/02_COMPS/Doors/COMP_Door_03_03_framedeco_03_02.prefab"
True,0,0,4,False,False,664,3,624,3,263,1,139,False,"COMP_Door_03_03_framedeco_03_03","Assets/Fantastic City Pack/Prefabs/Modular/02_COMPS/Doors/COMP_Door_03_03_framedeco_03_03.prefab"
True,0,0,3,False,False,462,2,000,2,600,0,691,False,"COMP_Door_03_03_generic","Assets/Fantastic City Pack/Prefabs/Modular/02_COMPS/Doors/COMP_Door_03_03_generic.prefab"
True,0,0,24,False,False,2255,1,949,1,575,1,199,False,"COMP_PROP_alchemy_desk_city","Assets/Fantastic City Pack/Prefabs/Props/Comps/COMP_PROP_alchemy_desk_city.prefab"
True,0,0,4,False,False,1138,1,950,1,574,1,234,False,"COMP_PROP_barrel_holder_city","Assets/Fantastic City Pack/Prefabs/Props/Comps/COMP_PROP_barrel_holder_city.prefab"
True,0,0,2,False,False,180,0,531,0,589,0,539,False,"COMP_PROP_basket_city_01","Assets/Fantastic City Pack/Prefabs/Props/Comps/COMP_PROP_basket_city_01.prefab"
True,0,0,2,False,False,180,0,531,0,607,0,539,False,"COMP_PROP_basket_city_02","Assets/Fantastic City Pack/Prefabs/Props/Comps/COMP_PROP_basket_city_02.prefab"
True,0,0,2,False,False,228,0,430,0,225,0,410,False,"COMP_PROP_basket_city_03","Assets/Fantastic City Pack/Prefabs/Props/Comps/COMP_PROP_basket_city_03.prefab"
True,0,0,2,False,False,228,0,430,0,210,0,410,False,"COMP_PROP_basket_city_04","Assets/Fantastic City Pack/Prefabs/Props/Comps/COMP_PROP_basket_city_04.prefab"
True,0,0,2,False,False,190,0,259,0,128,0,208,False,"COMP_PROP_basket_city_05","Assets/Fantastic City Pack/Prefabs/Props/Comps/COMP_PROP_basket_city_05.prefab"
True,0,0,4,False,False,480,0,473,0,247,0,485,False,"COMP_PROP_basket_city_06","Assets/Fantastic City Pack/Prefabs/Props/Comps/COMP_PROP_basket_city_06.prefab"
True,0,0,9,False,False,728,0,448,0,340,0,415,False,"COMP_PROP_basket_city_07","Assets/Fantastic City Pack/Prefabs/Props/Comps/COMP_PROP_basket_city_07.prefab"
True,0,0,6,False,False,348,0,259,0,097,0,208,False,"COMP_PROP_basket_city_08","Assets/Fantastic City Pack/Prefabs/Props/Comps/COMP_PROP_basket_city_08.prefab"
True,0,0,39,False,False,5954,5,715,3,864,3,968,False,"COMP_PROP_blacksmith_station_city","Assets/Fantastic City Pack/Prefabs/Props/Comps/COMP_PROP_blacksmith_station_city.prefab"
True,0,0,2,False,False,368,2,229,2,313,0,864,False,"COMP_PROP_bulletinboard_city_01","Assets/Fantastic City Pack/Prefabs/Props/Comps/COMP_PROP_bulletinboard_city_01.prefab"
True,0,0,3,False,False,622,1,145,0,295,1,156,False,"COMP_PROP_campfire_city_01","Assets/Fantastic City Pack/Prefabs/Props/Comps/COMP_PROP_campfire_city_01.prefab"
True,0,0,6,False,False,1286,1,995,1,157,1,156,False,"COMP_PROP_campfire_city_02","Assets/Fantastic City Pack/Prefabs/Props/Comps/COMP_PROP_campfire_city_02.prefab"
True,0,0,3,False,False,830,0,376,0,405,0,294,False,"COMP_PROP_candle_city_01","Assets/Fantastic City Pack/Prefabs/Props/Comps/COMP_PROP_candle_city_01.prefab"
True,0,0,2,False,False,494,0,108,0,399,0,339,False,"COMP_PROP_candle_city_02","Assets/Fantastic City Pack/Prefabs/Props/Comps/COMP_PROP_candle_city_02.prefab"
True,0,0,2,False,False,238,0,122,0,585,0,119,False,"COMP_PROP_candle_city_03","Assets/Fantastic City Pack/Prefabs/Props/Comps/COMP_PROP_candle_city_03.prefab"
True,0,0,2,False,False,238,0,121,0,404,0,119,False,"COMP_PROP_candle_city_04","Assets/Fantastic City Pack/Prefabs/Props/Comps/COMP_PROP_candle_city_04.prefab"
True,0,0,2,False,False,68,0,123,0,228,0,128,False,"COMP_PROP_candle_city_05","Assets/Fantastic City Pack/Prefabs/Props/Comps/COMP_PROP_candle_city_05.prefab"
True,0,0,2,False,False,68,0,096,0,300,0,101,False,"COMP_PROP_candle_city_06","Assets/Fantastic City Pack/Prefabs/Props/Comps/COMP_PROP_candle_city_06.prefab"
True,0,0,31,False,False,5824,1,295,2,197,2,942,False,"COMP_PROP_cart_city_01","Assets/Fantastic City Pack/Prefabs/Props/Comps/COMP_PROP_cart_city_01.prefab"
True,0,0,11,False,False,1602,2,072,1,186,4,471,False,"COMP_PROP_cart_city_02","Assets/Fantastic City Pack/Prefabs/Props/Comps/COMP_PROP_cart_city_02.prefab"
True,0,0,22,False,False,3602,2,072,1,965,4,471,False,"COMP_PROP_cart_city_03","Assets/Fantastic City Pack/Prefabs/Props/Comps/COMP_PROP_cart_city_03.prefab"
True,0,0,3,False,False,703,0,565,0,454,0,452,False,"COMP_PROP_cauldron_city_01","Assets/Fantastic City Pack/Prefabs/Props/Comps/COMP_PROP_cauldron_city_01.prefab"
True,0,0,2,False,False,590,0,565,0,400,0,452,False,"COMP_PROP_cauldron_city_02","Assets/Fantastic City Pack/Prefabs/Props/Comps/COMP_PROP_cauldron_city_02.prefab"
True,0,0,3,False,False,474,0,462,0,823,0,537,False,"COMP_PROP_champagne_city","Assets/Fantastic City Pack/Prefabs/Props/Comps/COMP_PROP_champagne_city.prefab"
True,0,0,21,False,False,608,0,873,0,044,0,669,False,"COMP_PROP_checkers_board_city","Assets/Fantastic City Pack/Prefabs/Props/Comps/COMP_PROP_checkers_board_city.prefab"
True,0,0,3,False,False,350,0,335,0,309,0,667,False,"COMP_PROP_cookingpot_city_01","Assets/Fantastic City Pack/Prefabs/Props/Comps/COMP_PROP_cookingpot_city_01.prefab"
True,0,0,2,False,False,76,0,560,0,258,0,710,False,"COMP_PROP_crate_city_01","Assets/Fantastic City Pack/Prefabs/Props/Comps/COMP_PROP_crate_city_01.prefab"
True,0,0,2,False,False,76,0,560,0,258,0,710,False,"COMP_PROP_crate_city_02","Assets/Fantastic City Pack/Prefabs/Props/Comps/COMP_PROP_crate_city_02.prefab"
True,0,0,2,False,False,358,0,904,0,782,0,950,False,"COMP_PROP_crate_city_03","Assets/Fantastic City Pack/Prefabs/Props/Comps/COMP_PROP_crate_city_03.prefab"
True,0,0,11,False,False,712,0,560,0,361,0,710,False,"COMP_PROP_crate_city_04","Assets/Fantastic City Pack/Prefabs/Props/Comps/COMP_PROP_crate_city_04.prefab"
True,0,0,8,False,False,836,0,560,0,304,0,710,False,"COMP_PROP_crate_city_05","Assets/Fantastic City Pack/Prefabs/Props/Comps/COMP_PROP_crate_city_05.prefab"
True,0,0,11,False,False,692,0,599,0,367,0,733,False,"COMP_PROP_crate_city_06","Assets/Fantastic City Pack/Prefabs/Props/Comps/COMP_PROP_crate_city_06.prefab"
True,0,0,5,False,False,856,0,644,0,324,0,737,False,"COMP_PROP_crate_city_07","Assets/Fantastic City Pack/Prefabs/Props/Comps/COMP_PROP_crate_city_07.prefab"
True,0,0,7,False,False,1216,0,560,0,265,0,710,False,"COMP_PROP_crate_city_08","Assets/Fantastic City Pack/Prefabs/Props/Comps/COMP_PROP_crate_city_08.prefab"
True,0,0,6,False,False,1052,0,605,0,360,0,734,False,"COMP_PROP_crate_city_09","Assets/Fantastic City Pack/Prefabs/Props/Comps/COMP_PROP_crate_city_09.prefab"
True,0,0,6,False,False,534,0,604,0,280,0,704,False,"COMP_PROP_crate_city_10","Assets/Fantastic City Pack/Prefabs/Props/Comps/COMP_PROP_crate_city_10.prefab"
True,0,0,11,False,False,764,0,604,0,285,0,756,False,"COMP_PROP_crate_city_11","Assets/Fantastic City Pack/Prefabs/Props/Comps/COMP_PROP_crate_city_11.prefab"
True,0,0,12,False,False,1507,0,471,0,622,0,471,False,"COMP_PROP_cupcake_holder_city","Assets/Fantastic City Pack/Prefabs/Props/Comps/COMP_PROP_cupcake_holder_city.prefab"
True,0,0,21,False,False,2140,2,679,2,042,1,205,False,"COMP_PROP_dryingrack_city_01","Assets/Fantastic City Pack/Prefabs/Props/Comps/COMP_PROP_dryingrack_city_01.prefab"
True,0,0,27,False,False,4704,2,679,2,042,1,205,False,"COMP_PROP_dryingrack_city_02","Assets/Fantastic City Pack/Prefabs/Props/Comps/COMP_PROP_dryingrack_city_02.prefab"
True,0,0,10,False,False,1570,1,537,1,822,1,460,False,"COMP_PROP_easel_canvas_city","Assets/Fantastic City Pack/Prefabs/Props/Comps/COMP_PROP_easel_canvas_city.prefab"
True,0,0,25,False,False,3872,4,096,3,761,2,255,False,"COMP_PROP_fireplace_city","Assets/Fantastic City Pack/Prefabs/Props/Comps/COMP_PROP_fireplace_city.prefab"
True,0,0,22,False,False,4514,8,452,5,274,5,016,False,"COMP_PROP_horsestable_city","Assets/Fantastic City Pack/Prefabs/Props/Comps/COMP_PROP_horsestable_city.prefab"
True,0,0,86,False,False,6324,3,125,1,782,1,407,False,"COMP_PROP_marketshelf_city_01","Assets/Fantastic City Pack/Prefabs/Props/Comps/COMP_PROP_marketshelf_city_01.prefab"
True,0,0,69,False,False,6318,2,969,1,793,1,139,False,"COMP_PROP_marketshelf_city_02","Assets/Fantastic City Pack/Prefabs/Props/Comps/COMP_PROP_marketshelf_city_02.prefab"
True,0,0,52,False,False,4158,2,307,1,782,0,820,False,"COMP_PROP_marketshelf_city_03","Assets/Fantastic City Pack/Prefabs/Props/Comps/COMP_PROP_marketshelf_city_03.prefab"
True,0,0,83,False,False,11732,4,615,2,928,3,375,False,"COMP_PROP_marketstall_city_01","Assets/Fantastic City Pack/Prefabs/Props/Comps/COMP_PROP_marketstall_city_01.prefab"
True,0,0,101,False,False,14941,4,105,3,025,3,573,False,"COMP_PROP_marketstall_city_02","Assets/Fantastic City Pack/Prefabs/Props/Comps/COMP_PROP_marketstall_city_02.prefab"
True,0,0,33,False,False,4404,4,179,3,030,2,154,False,"COMP_PROP_marketstall_city_03","Assets/Fantastic City Pack/Prefabs/Props/Comps/COMP_PROP_marketstall_city_03.prefab"
True,0,0,4,False,False,322,0,296,0,140,0,311,False,"COMP_PROP_plate_city_01","Assets/Fantastic City Pack/Prefabs/Props/Comps/COMP_PROP_plate_city_01.prefab"
True,0,0,12,False,False,796,0,361,0,120,0,354,False,"COMP_PROP_plate_city_02","Assets/Fantastic City Pack/Prefabs/Props/Comps/COMP_PROP_plate_city_02.prefab"
True,0,0,2,False,False,144,0,337,0,099,0,337,False,"COMP_PROP_plate_city_03","Assets/Fantastic City Pack/Prefabs/Props/Comps/COMP_PROP_plate_city_03.prefab"
True,0,0,33,False,False,5880,2,978,1,525,3,692,False,"COMP_PROP_provision_storage_city_01","Assets/Fantastic City Pack/Prefabs/Props/Comps/COMP_PROP_provision_storage_city_01.prefab"
True,0,0,8,False,False,1486,1,773,0,958,0,499,False,"COMP_PROP_shelf_city_01","Assets/Fantastic City Pack/Prefabs/Props/Comps/COMP_PROP_shelf_city_01.prefab"
True,0,0,21,False,False,1624,1,815,1,542,0,785,False,"COMP_PROP_shelf_city_02","Assets/Fantastic City Pack/Prefabs/Props/Comps/COMP_PROP_shelf_city_02.prefab"
True,0,0,20,False,False,3168,2,586,1,174,0,633,False,"COMP_PROP_shelf_city_03","Assets/Fantastic City Pack/Prefabs/Props/Comps/COMP_PROP_shelf_city_03.prefab"
True,0,0,7,False,False,438,1,773,0,961,0,543,False,"COMP_PROP_shelf_city_04","Assets/Fantastic City Pack/Prefabs/Props/Comps/COMP_PROP_shelf_city_04.prefab"
True,0,0,26,False,False,2810,1,777,1,049,0,468,False,"COMP_PROP_shelf_city_05","Assets/Fantastic City Pack/Prefabs/Props/Comps/COMP_PROP_shelf_city_05.prefab"
True,0,0,24,False,False,3054,1,581,2,856,0,577,False,"COMP_PROP_shelf_city_06","Assets/Fantastic City Pack/Prefabs/Props/Comps/COMP_PROP_shelf_city_06.prefab"
True,0,0,38,False,False,5280,2,447,2,873,0,718,False,"COMP_PROP_shelf_city_07","Assets/Fantastic City Pack/Prefabs/Props/Comps/COMP_PROP_shelf_city_07.prefab"
True,0,0,80,False,False,8075,2,086,1,773,0,877,False,"COMP_PROP_shelf_city_08","Assets/Fantastic City Pack/Prefabs/Props/Comps/COMP_PROP_shelf_city_08.prefab"
True,0,0,61,False,False,4402,1,782,2,707,0,679,False,"COMP_PROP_shelf_city_09","Assets/Fantastic City Pack/Prefabs/Props/Comps/COMP_PROP_shelf_city_09.prefab"
True,0,0,10,False,False,1096,1,782,2,707,0,628,False,"COMP_PROP_shelf_city_10","Assets/Fantastic City Pack/Prefabs/Props/Comps/COMP_PROP_shelf_city_10.prefab"
True,0,0,3,False,False,1066,2,301,7,006,2,379,False,"COMP_PROP_statue_city_01","Assets/Fantastic City Pack/Prefabs/Props/Comps/COMP_PROP_statue_city_01.prefab"
True,0,0,3,False,False,1266,4,209,6,973,4,209,False,"COMP_PROP_statue_city_02","Assets/Fantastic City Pack/Prefabs/Props/Comps/COMP_PROP_statue_city_02.prefab"
True,0,0,33,False,False,4098,13,753,7,139,13,753,False,"COMP_PROP_statue_city_03","Assets/Fantastic City Pack/Prefabs/Props/Comps/COMP_PROP_statue_city_03.prefab"
True,0,0,2,False,False,756,1,220,0,875,1,192,False,"COMP_PROP_table_city_01","Assets/Fantastic City Pack/Prefabs/Props/Comps/COMP_PROP_table_city_01.prefab"
True,0,0,2,False,False,794,0,884,0,844,0,862,False,"COMP_PROP_table_city_02","Assets/Fantastic City Pack/Prefabs/Props/Comps/COMP_PROP_table_city_02.prefab"
True,0,0,15,False,False,4278,1,220,1,460,2,436,False,"COMP_PROP_table_city_03","Assets/Fantastic City Pack/Prefabs/Props/Comps/COMP_PROP_table_city_03.prefab"
True,0,0,10,False,False,3604,0,884,1,426,2,171,False,"COMP_PROP_table_city_04","Assets/Fantastic City Pack/Prefabs/Props/Comps/COMP_PROP_table_city_04.prefab"
True,0,0,21,False,False,5566,1,220,1,460,2,585,False,"COMP_PROP_table_city_05","Assets/Fantastic City Pack/Prefabs/Props/Comps/COMP_PROP_table_city_05.prefab"
True,0,0,8,False,False,3546,0,995,1,403,2,388,False,"COMP_PROP_table_city_06","Assets/Fantastic City Pack/Prefabs/Props/Comps/COMP_PROP_table_city_06.prefab"
True,0,0,16,False,False,6540,2,169,1,403,2,337,False,"COMP_PROP_table_city_07","Assets/Fantastic City Pack/Prefabs/Props/Comps/COMP_PROP_table_city_07.prefab"
True,0,0,24,False,False,5574,0,884,1,247,2,239,False,"COMP_PROP_table_city_08","Assets/Fantastic City Pack/Prefabs/Props/Comps/COMP_PROP_table_city_08.prefab"
True,0,0,19,False,False,4868,0,995,1,445,2,112,False,"COMP_PROP_table_city_09","Assets/Fantastic City Pack/Prefabs/Props/Comps/COMP_PROP_table_city_09.prefab"
True,0,0,27,False,False,5423,5,993,2,199,3,343,False,"COMP_PROP_tailoring_station_city","Assets/Fantastic City Pack/Prefabs/Props/Comps/COMP_PROP_tailoring_station_city.prefab"
True,0,0,7,False,False,1100,1,095,0,554,0,482,False,"COMP_PROP_toolbox_city_01","Assets/Fantastic City Pack/Prefabs/Props/Comps/COMP_PROP_toolbox_city_01.prefab"
True,0,0,4,False,False,416,1,281,2,112,1,658,False,"COMP_PROP_wall_plant_city_01","Assets/Fantastic City Pack/Prefabs/Props/Comps/COMP_PROP_wall_plant_city_01.prefab"
True,0,0,4,False,False,594,0,525,2,099,1,370,False,"COMP_PROP_wall_plant_city_02","Assets/Fantastic City Pack/Prefabs/Props/Comps/COMP_PROP_wall_plant_city_02.prefab"
True,0,0,4,False,False,658,0,583,2,099,1,395,False,"COMP_PROP_wall_plant_city_03","Assets/Fantastic City Pack/Prefabs/Props/Comps/COMP_PROP_wall_plant_city_03.prefab"
True,0,0,4,False,False,682,1,264,2,625,1,710,False,"COMP_PROP_wall_plant_city_04","Assets/Fantastic City Pack/Prefabs/Props/Comps/COMP_PROP_wall_plant_city_04.prefab"
True,0,0,5,False,False,3166,8,558,11,212,8,510,False,"COMP_PROP_waypoint_city_01","Assets/Fantastic City Pack/Prefabs/Props/Comps/COMP_PROP_waypoint_city_01.prefab"
True,0,0,2,False,False,472,2,130,1,514,2,460,False,"COMP_PROP_waypoint_city_02","Assets/Fantastic City Pack/Prefabs/Props/Comps/COMP_PROP_waypoint_city_02.prefab"
True,0,0,15,False,False,2470,4,272,1,628,1,569,False,"COMP_PROP_woodworking_station_city","Assets/Fantastic City Pack/Prefabs/Props/Comps/COMP_PROP_woodworking_station_city.prefab"
True,0,0,6,False,False,810,17,400,4,181,9,257,False,"COMP_Roof_03_01_01_16x8","Assets/Fantastic City Pack/Prefabs/Modular/02_COMPS/Roofs/16x8/COMP_Roof_03_01_01_16x8.prefab"
True,0,0,5,False,False,678,9,400,4,181,9,257,False,"COMP_Roof_03_01_01_8x8","Assets/Fantastic City Pack/Prefabs/Modular/02_COMPS/Roofs/8x8/COMP_Roof_03_01_01_8x8.prefab"
True,0,0,10,False,False,1477,17,400,4,181,13,428,False,"COMP_Roof_03_01_01_L","Assets/Fantastic City Pack/Prefabs/Modular/02_COMPS/Roofs/L/COMP_Roof_03_01_01_L.prefab"
True,0,0,9,False,False,1215,17,400,4,181,13,428,False,"COMP_Roof_03_01_01_T","Assets/Fantastic City Pack/Prefabs/Modular/02_COMPS/Roofs/T/COMP_Roof_03_01_01_T.prefab"
True,0,0,6,False,False,424,17,000,4,978,9,016,False,"COMP_Roof_03_01_02_16x8","Assets/Fantastic City Pack/Prefabs/Modular/02_COMPS/Roofs/16x8/COMP_Roof_03_01_02_16x8.prefab"
True,0,0,5,False,False,292,9,000,4,978,9,016,False,"COMP_Roof_03_01_02_8x8","Assets/Fantastic City Pack/Prefabs/Modular/02_COMPS/Roofs/8x8/COMP_Roof_03_01_02_8x8.prefab"
True,0,0,11,False,False,720,17,008,4,978,13,053,False,"COMP_Roof_03_01_02_L","Assets/Fantastic City Pack/Prefabs/Modular/02_COMPS/Roofs/L/COMP_Roof_03_01_02_L.prefab"
True,0,0,9,False,False,636,17,000,4,978,13,008,False,"COMP_Roof_03_01_02_T","Assets/Fantastic City Pack/Prefabs/Modular/02_COMPS/Roofs/T/COMP_Roof_03_01_02_T.prefab"
True,0,0,3,False,False,162,9,360,3,826,8,800,False,"COMP_Roof_03_01_03_8x8","Assets/Fantastic City Pack/Prefabs/Modular/02_COMPS/Roofs/8x8/COMP_Roof_03_01_03_8x8.prefab"
True,0,0,6,False,False,828,17,400,9,520,9,257,False,"COMP_Roof_03_02_01_16x8","Assets/Fantastic City Pack/Prefabs/Modular/02_COMPS/Roofs/16x8/COMP_Roof_03_02_01_16x8.prefab"
True,0,0,5,False,False,712,9,400,9,520,9,257,False,"COMP_Roof_03_02_01_8x8","Assets/Fantastic City Pack/Prefabs/Modular/02_COMPS/Roofs/8x8/COMP_Roof_03_02_01_8x8.prefab"
True,0,0,10,False,False,1532,17,400,9,520,13,328,False,"COMP_Roof_03_02_01_L","Assets/Fantastic City Pack/Prefabs/Modular/02_COMPS/Roofs/L/COMP_Roof_03_02_01_L.prefab"
True,0,0,9,False,False,1242,17,400,9,520,13,328,False,"COMP_Roof_03_02_01_T","Assets/Fantastic City Pack/Prefabs/Modular/02_COMPS/Roofs/T/COMP_Roof_03_02_01_T.prefab"
True,0,0,6,False,False,392,17,000,9,704,9,016,False,"COMP_Roof_03_02_02_16x8","Assets/Fantastic City Pack/Prefabs/Modular/02_COMPS/Roofs/16x8/COMP_Roof_03_02_02_16x8.prefab"
True,0,0,5,False,False,276,9,000,9,704,9,016,False,"COMP_Roof_03_02_02_8x8","Assets/Fantastic City Pack/Prefabs/Modular/02_COMPS/Roofs/8x8/COMP_Roof_03_02_02_8x8.prefab"
True,0,0,11,False,False,672,17,008,9,704,13,053,False,"COMP_Roof_03_02_02_L","Assets/Fantastic City Pack/Prefabs/Modular/02_COMPS/Roofs/L/COMP_Roof_03_02_02_L.prefab"
True,0,0,9,False,False,588,17,000,9,704,13,008,False,"COMP_Roof_03_02_02_T","Assets/Fantastic City Pack/Prefabs/Modular/02_COMPS/Roofs/T/COMP_Roof_03_02_02_T.prefab"
True,0,0,3,False,False,140,9,360,9,130,8,800,False,"COMP_Roof_03_02_03_8x8","Assets/Fantastic City Pack/Prefabs/Modular/02_COMPS/Roofs/8x8/COMP_Roof_03_02_03_8x8.prefab"
True,0,0,6,False,False,560,17,400,8,359,9,257,False,"COMP_Roof_03_03_01_16x8","Assets/Fantastic City Pack/Prefabs/Modular/02_COMPS/Roofs/16x8/COMP_Roof_03_03_01_16x8.prefab"
True,0,0,5,False,False,464,9,400,8,359,9,257,False,"COMP_Roof_03_03_01_8x8","Assets/Fantastic City Pack/Prefabs/Modular/02_COMPS/Roofs/8x8/COMP_Roof_03_03_01_8x8.prefab"
True,0,0,10,False,False,1018,17,400,8,359,13,328,False,"COMP_Roof_03_03_01_L","Assets/Fantastic City Pack/Prefabs/Modular/02_COMPS/Roofs/L/COMP_Roof_03_03_01_L.prefab"
True,0,0,9,False,False,844,17,500,8,359,13,328,False,"COMP_Roof_03_03_01_T","Assets/Fantastic City Pack/Prefabs/Modular/02_COMPS/Roofs/T/COMP_Roof_03_03_01_T.prefab"
True,0,0,6,False,False,352,17,000,8,892,9,016,False,"COMP_Roof_03_03_02_16x8","Assets/Fantastic City Pack/Prefabs/Modular/02_COMPS/Roofs/16x8/COMP_Roof_03_03_02_16x8.prefab"
True,0,0,5,False,False,256,9,000,8,892,9,016,False,"COMP_Roof_03_03_02_8x8","Assets/Fantastic City Pack/Prefabs/Modular/02_COMPS/Roofs/8x8/COMP_Roof_03_03_02_8x8.prefab"
True,0,0,11,False,False,612,17,008,8,892,13,053,False,"COMP_Roof_03_03_02_L","Assets/Fantastic City Pack/Prefabs/Modular/02_COMPS/Roofs/L/COMP_Roof_03_03_02_L.prefab"
True,0,0,9,False,False,532,17,000,8,892,13,008,False,"COMP_Roof_03_03_02_T","Assets/Fantastic City Pack/Prefabs/Modular/02_COMPS/Roofs/T/COMP_Roof_03_03_02_T.prefab"
True,0,0,3,False,False,116,9,360,7,953,8,800,False,"COMP_Roof_03_03_03_8x8","Assets/Fantastic City Pack/Prefabs/Modular/02_COMPS/Roofs/8x8/COMP_Roof_03_03_03_8x8.prefab"
True,0,0,2,False,False,302,1,607,2,148,0,360,False,"COMP_Window_03_01_01_framedeco_01","Assets/Fantastic City Pack/Prefabs/Modular/02_COMPS/Windows/COMP_Window_03_01_01_framedeco_01.prefab"
True,0,0,3,False,False,322,1,607,2,148,2,524,False,"COMP_Window_03_01_01_framedeco_01_ext","Assets/Fantastic City Pack/Prefabs/Modular/02_COMPS/Windows/COMP_Window_03_01_01_framedeco_01_ext.prefab"
True,0,0,2,False,False,336,1,867,2,577,0,324,False,"COMP_Window_03_01_01_framedeco_02","Assets/Fantastic City Pack/Prefabs/Modular/02_COMPS/Windows/COMP_Window_03_01_01_framedeco_02.prefab"
True,0,0,2,False,False,292,1,931,2,180,0,324,False,"COMP_Window_03_01_01_framedeco_03","Assets/Fantastic City Pack/Prefabs/Modular/02_COMPS/Windows/COMP_Window_03_01_01_framedeco_03.prefab"
True,0,0,2,False,False,245,0,932,2,055,0,324,False,"COMP_Window_03_01_02_framedeco_01","Assets/Fantastic City Pack/Prefabs/Modular/02_COMPS/Windows/COMP_Window_03_01_02_framedeco_01.prefab"
True,0,0,2,False,False,387,1,304,2,429,0,387,False,"COMP_Window_03_01_02_framedeco_02","Assets/Fantastic City Pack/Prefabs/Modular/02_COMPS/Windows/COMP_Window_03_01_02_framedeco_02.prefab"
True,0,0,3,False,False,403,1,304,2,429,2,524,False,"COMP_Window_03_01_02_framedeco_02_ext","Assets/Fantastic City Pack/Prefabs/Modular/02_COMPS/Windows/COMP_Window_03_01_02_framedeco_02_ext.prefab"
True,0,0,2,False,False,291,1,299,1,969,0,324,False,"COMP_Window_03_01_02_framedeco_03","Assets/Fantastic City Pack/Prefabs/Modular/02_COMPS/Windows/COMP_Window_03_01_02_framedeco_03.prefab"
True,0,0,2,False,False,130,1,263,2,182,0,324,False,"COMP_Window_03_02_01_framedeco_01","Assets/Fantastic City Pack/Prefabs/Modular/02_COMPS/Windows/COMP_Window_03_02_01_framedeco_01.prefab"
True,0,0,2,False,False,240,1,444,2,689,0,390,False,"COMP_Window_03_02_01_framedeco_02","Assets/Fantastic City Pack/Prefabs/Modular/02_COMPS/Windows/COMP_Window_03_02_01_framedeco_02.prefab"
True,0,0,3,False,False,260,1,444,2,689,2,559,False,"COMP_Window_03_02_01_framedeco_02_ext","Assets/Fantastic City Pack/Prefabs/Modular/02_COMPS/Windows/COMP_Window_03_02_01_framedeco_02_ext.prefab"
True,0,0,2,False,False,214,1,680,2,471,0,324,False,"COMP_Window_03_02_01_framedeco_03","Assets/Fantastic City Pack/Prefabs/Modular/02_COMPS/Windows/COMP_Window_03_02_01_framedeco_03.prefab"
True,0,0,2,False,False,108,0,871,1,996,0,324,False,"COMP_Window_03_02_02_framedeco_01","Assets/Fantastic City Pack/Prefabs/Modular/02_COMPS/Windows/COMP_Window_03_02_02_framedeco_01.prefab"
True,0,0,2,False,False,206,0,996,2,509,0,359,False,"COMP_Window_03_02_02_framedeco_02","Assets/Fantastic City Pack/Prefabs/Modular/02_COMPS/Windows/COMP_Window_03_02_02_framedeco_02.prefab"
True,0,0,2,False,False,200,1,283,2,296,0,324,False,"COMP_Window_03_02_02_framedeco_03","Assets/Fantastic City Pack/Prefabs/Modular/02_COMPS/Windows/COMP_Window_03_02_02_framedeco_03.prefab"
True,0,0,2,False,False,276,1,560,1,413,0,234,False,"COMP_Window_03_03_01_framedeco_01","Assets/Fantastic City Pack/Prefabs/Modular/02_COMPS/Windows/COMP_Window_03_03_01_framedeco_01.prefab"
True,0,0,2,False,False,376,1,798,1,550,0,408,False,"COMP_Window_03_03_01_framedeco_02","Assets/Fantastic City Pack/Prefabs/Modular/02_COMPS/Windows/COMP_Window_03_03_01_framedeco_02.prefab"
True,0,0,3,False,False,408,1,798,1,550,2,526,False,"COMP_Window_03_03_01_framedeco_02_ext","Assets/Fantastic City Pack/Prefabs/Modular/02_COMPS/Windows/COMP_Window_03_03_01_framedeco_02_ext.prefab"
True,0,0,2,False,False,188,1,452,0,894,0,267,False,"COMP_Window_03_04_framedeco_01","Assets/Fantastic City Pack/Prefabs/Modular/02_COMPS/Windows/COMP_Window_03_04_framedeco_01.prefab"
True,0,0,2,False,False,230,1,555,1,026,0,333,False,"COMP_Window_03_04_framedeco_02","Assets/Fantastic City Pack/Prefabs/Modular/02_COMPS/Windows/COMP_Window_03_04_framedeco_02.prefab"
True,0,0,2,False,False,222,1,697,0,930,0,271,False,"COMP_Window_03_04_framedeco_03","Assets/Fantastic City Pack/Prefabs/Modular/02_COMPS/Windows/COMP_Window_03_04_framedeco_03.prefab"
True,0,0,2,False,False,248,1,609,2,696,0,267,False,"COMP_Window_03_05_framedeco_01","Assets/Fantastic City Pack/Prefabs/Modular/02_COMPS/Windows/COMP_Window_03_05_framedeco_01.prefab"
True,0,0,2,False,False,290,1,714,2,830,0,333,False,"COMP_Window_03_05_framedeco_02","Assets/Fantastic City Pack/Prefabs/Modular/02_COMPS/Windows/COMP_Window_03_05_framedeco_02.prefab"
True,0,0,2,False,False,336,1,996,2,729,0,271,False,"COMP_Window_03_05_framedeco_03","Assets/Fantastic City Pack/Prefabs/Modular/02_COMPS/Windows/COMP_Window_03_05_framedeco_03.prefab"
True,0,0,2,False,False,172,4,000,4,000,0,400,False,"COMP_Window_03_06_framedeco_01","Assets/Fantastic City Pack/Prefabs/Modular/02_COMPS/Windows/COMP_Window_03_06_framedeco_01.prefab"
True,0,0,2,False,False,226,4,000,4,000,0,512,False,"COMP_Window_03_06_framedeco_02","Assets/Fantastic City Pack/Prefabs/Modular/02_COMPS/Windows/COMP_Window_03_06_framedeco_02.prefab"
True,0,0,7,False,False,2450,2,312,4,587,8,067,False,"Cow","Assets/Quaternius/FBX/Cow.fbx"
True,0,0,1,False,False,0,0,000,0,000,0,000,False,"Decal","Assets/Polyart/PolyartStudio/SharedResources/Prefabs/Tools/Decal.prefab"
True,0,0,1,False,False,31244,0,593,1,899,1,701,False,"deer","Assets/Emergence/Models/nature/deer.glb"
True,0,0,7,False,False,2098,1,459,4,274,4,397,False,"Deer","Assets/Quaternius/FBX/Deer.fbx"
True,0,0,0,False,False,0,0,000,0,000,0,000,False,"Directional Light","Assets/Polyart/PolyartStudio/SharedResources/Directional Light.prefab"
True,0,0,8,False,False,2000,1,160,3,954,4,708,False,"Donkey","Assets/Quaternius/FBX/Donkey.fbx"
True,0,0,0,False,False,0,0,000,0,000,0,000,False,"Door_Entrance","Assets/Polyart/PolyartStudio/SharedResources/Prefabs/Door_Entrance.prefab"
True,0,0,0,False,False,0,0,000,0,000,0,000,False,"Door_Exit","Assets/Polyart/PolyartStudio/SharedResources/Prefabs/Door_Exit.prefab"
True,0,0,2,False,False,0,0,000,0,000,0,000,False,"Dust_Particle","Assets/Polyart/PolyartStudio/DreamscapeMeadows/Effects/Dust_Particle.prefab"
True,0,0,2,False,False,0,0,000,0,000,0,000,False,"Dust_Particle_Red","Assets/Polyart/PolyartStudio/DreamscapeMeadows/Effects/Dust_Particle_Red.prefab"
True,0,0,0,False,False,0,0,000,0,000,0,000,False,"FirstPersonController","Assets/Polyart/PolyartStudio/SharedResources/Prefabs/FirstPersonController.prefab"
True,0,0,1,False,False,1392,0,060,0,478,0,059,False,"Flat Tongs","Assets/UpDraftArt/BlackSmith Props Sampler/Prefabs/Flat Tongs.prefab"
True,0,0,1,False,False,30665,1,898,0,821,1,408,True,"forge","Assets/Emergence/Models/tech/forge.glb"
True,0,0,5,False,False,1848,1,062,2,677,5,883,False,"Fox","Assets/Quaternius/FBX/Fox.fbx"
True,0,0,1,False,False,72,1,946,0,303,1,769,False,"GameObject","Assets/Polyart/PolyartStudio/DreamscapeMeadows/Prefabs/Foliage/GameObject.prefab"
True,0,0,8,False,False,2182,1,407,4,824,5,676,False,"Horse","Assets/Quaternius/FBX/Horse.fbx"
True,0,0,7,False,False,2182,1,407,4,824,5,676,False,"Horse_White","Assets/Quaternius/FBX/Horse_White.fbx"
True,0,0,5,False,False,1920,0,990,3,191,3,889,False,"Husky","Assets/Quaternius/FBX/Husky.fbx"
True,0,0,0,False,False,0,0,000,0,000,0,000,False,"InfoUI_Modular","Assets/Fantastic City Pack/Settings/InfoUI_Modular.prefab"
True,0,0,1,False,False,30047,1,779,1,517,1,899,False,"kiln","Assets/Emergence/Models/tech/kiln.glb"
True,0,0,2,False,False,0,0,000,0,000,0,000,False,"Leaf_Particle","Assets/Polyart/PolyartStudio/DreamscapeMeadows/Effects/Leaf_Particle.prefab"
True,0,0,2,False,False,0,0,000,0,000,0,000,False,"Leaf_Particle_Wind","Assets/Polyart/PolyartStudio/DreamscapeMeadows/Effects/Leaf_Particle_Wind.prefab"
True,0,0,2,False,False,0,0,000,0,000,0,000,False,"Leaf_Particle_WindRed","Assets/Polyart/PolyartStudio/DreamscapeMeadows/Effects/Leaf_Particle_WindRed.prefab"
True,0,0,0,False,False,0,0,000,0,000,0,000,False,"Light_lantern","Assets/Fantastic Village Pack/prefabs/light/Light_lantern.prefab"
True,0,0,0,False,False,0,0,000,0,000,0,000,False,"MainCamera","Assets/Polyart/PolyartStudio/SharedResources/Prefabs/MainCamera.prefab"
True,0,0,1,False,False,28698,1,609,1,898,1,644,True,"mill","Assets/Emergence/Models/tech/mill.glb"
True,0,0,1,False,False,348,3,568,1,773,1,100,False,"MOD_Balcony_03_01_01","Assets/Fantastic City Pack/3d/Modular/Balcony/MOD_Balcony_03_01_01.fbx"
True,0,0,1,False,False,28,3,573,1,790,1,106,False,"MOD_Balcony_03_01_01_Collision","Assets/Fantastic City Pack/3d/Modular/Collision/MOD_Balcony_03_01_01_Collision.fbx"
True,0,0,1,False,False,284,2,450,1,773,0,880,False,"MOD_Balcony_03_01_02","Assets/Fantastic City Pack/3d/Modular/Balcony/MOD_Balcony_03_01_02.fbx"
True,0,0,1,False,False,28,2,465,1,790,0,884,False,"MOD_Balcony_03_01_02_Collision","Assets/Fantastic City Pack/3d/Modular/Collision/MOD_Balcony_03_01_02_Collision.fbx"
True,0,0,1,False,False,344,3,568,1,648,1,361,False,"MOD_Balcony_03_02_01","Assets/Fantastic City Pack/3d/Modular/Balcony/MOD_Balcony_03_02_01.fbx"
True,0,0,1,False,False,28,3,573,1,684,1,365,False,"MOD_Balcony_03_02_01_Collision","Assets/Fantastic City Pack/3d/Modular/Collision/MOD_Balcony_03_02_01_Collision.fbx"
True,0,0,1,False,False,296,2,492,1,648,1,361,False,"MOD_Balcony_03_02_02","Assets/Fantastic City Pack/3d/Modular/Balcony/MOD_Balcony_03_02_02.fbx"
True,0,0,1,False,False,28,2,504,1,698,1,356,False,"MOD_Balcony_03_02_02_Collision","Assets/Fantastic City Pack/3d/Modular/Collision/MOD_Balcony_03_02_02_Collision.fbx"
True,0,0,1,False,False,536,3,568,1,740,1,400,False,"MOD_Balcony_03_03_01","Assets/Fantastic City Pack/3d/Modular/Balcony/MOD_Balcony_03_03_01.fbx"
True,0,0,1,False,False,60,3,573,1,789,1,414,False,"MOD_Balcony_03_03_01_Collision","Assets/Fantastic City Pack/3d/Modular/Collision/MOD_Balcony_03_03_01_Collision.fbx"
True,0,0,1,False,False,488,2,489,1,740,1,400,False,"MOD_Balcony_03_03_02","Assets/Fantastic City Pack/3d/Modular/Balcony/MOD_Balcony_03_03_02.fbx"
True,0,0,1,False,False,60,2,510,1,789,1,414,False,"MOD_Balcony_03_03_02_Collision","Assets/Fantastic City Pack/3d/Modular/Collision/MOD_Balcony_03_03_02_Collision.fbx"
True,0,0,1,False,False,68,16,800,3,000,8,800,False,"MOD_Base_03_16x8_arch","Assets/Fantastic City Pack/3d/Modular/Base/MOD_Base_03_16x8_arch.fbx"
True,0,0,1,False,False,12,16,800,4,000,8,800,False,"MOD_Base_03_16x8_door_01","Assets/Fantastic City Pack/3d/Modular/Base/MOD_Base_03_16x8_door_01.fbx"
True,0,0,1,False,False,20,16,800,4,000,8,800,False,"MOD_Base_03_16x8_door_01_int","Assets/Fantastic City Pack/3d/Modular/Base/MOD_Base_03_16x8_door_01_int.fbx"
True,0,0,1,False,False,12,16,800,4,000,8,800,False,"MOD_Base_03_16x8_door_02","Assets/Fantastic City Pack/3d/Modular/Base/MOD_Base_03_16x8_door_02.fbx"
True,0,0,1,False,False,20,16,800,4,000,8,800,False,"MOD_Base_03_16x8_door_02_int","Assets/Fantastic City Pack/3d/Modular/Base/MOD_Base_03_16x8_door_02_int.fbx"
True,0,0,1,False,False,16,16,800,4,000,8,800,False,"MOD_Base_03_16x8_door_03","Assets/Fantastic City Pack/3d/Modular/Base/MOD_Base_03_16x8_door_03.fbx"
True,0,0,1,False,False,24,16,800,4,000,8,800,False,"MOD_Base_03_16x8_door_03_int","Assets/Fantastic City Pack/3d/Modular/Base/MOD_Base_03_16x8_door_03_int.fbx"
True,0,0,1,False,False,8,16,800,1,000,8,800,False,"MOD_Base_03_16x8_extension","Assets/Fantastic City Pack/3d/Modular/Base/MOD_Base_03_16x8_extension.fbx"
True,0,0,1,False,False,16,16,800,1,000,8,800,False,"MOD_Base_03_16x8_extension_int","Assets/Fantastic City Pack/3d/Modular/Base/MOD_Base_03_16x8_extension_int.fbx"
True,0,0,1,False,False,8,16,800,4,000,8,800,False,"MOD_Base_03_16x8_noDoor","Assets/Fantastic City Pack/3d/Modular/Base/MOD_Base_03_16x8_noDoor.fbx"
True,0,0,1,False,False,16,16,800,4,000,8,800,False,"MOD_Base_03_16x8_noDoor_int","Assets/Fantastic City Pack/3d/Modular/Base/MOD_Base_03_16x8_noDoor_int.fbx"
True,0,0,1,False,False,12,4,800,4,000,4,800,False,"MOD_Base_03_4x4_door","Assets/Fantastic City Pack/3d/Modular/Base/MOD_Base_03_4x4_door.fbx"
True,0,0,1,False,False,20,4,800,4,000,4,800,False,"MOD_Base_03_4x4_door_int","Assets/Fantastic City Pack/3d/Modular/Base/MOD_Base_03_4x4_door_int.fbx"
True,0,0,1,False,False,8,4,800,1,000,4,800,False,"MOD_Base_03_4x4_extension","Assets/Fantastic City Pack/3d/Modular/Base/MOD_Base_03_4x4_extension.fbx"
True,0,0,1,False,False,16,4,800,1,000,4,800,False,"MOD_Base_03_4x4_extension_int","Assets/Fantastic City Pack/3d/Modular/Base/MOD_Base_03_4x4_extension_int.fbx"
True,0,0,1,False,False,8,4,800,4,000,4,800,False,"MOD_Base_03_4x4_noDoor","Assets/Fantastic City Pack/3d/Modular/Base/MOD_Base_03_4x4_noDoor.fbx"
True,0,0,1,False,False,16,4,800,4,000,4,800,False,"MOD_Base_03_4x4_noDoor_int","Assets/Fantastic City Pack/3d/Modular/Base/MOD_Base_03_4x4_noDoor_int.fbx"
True,0,0,1,False,False,68,8,800,3,000,8,800,False,"MOD_Base_03_8x8_arch","Assets/Fantastic City Pack/3d/Modular/Base/MOD_Base_03_8x8_arch.fbx"
True,0,0,1,False,False,84,0,708,3,030,8,800,False,"MOD_Base_03_8x8_arch_trim","Assets/Fantastic City Pack/3d/Modular/Base/MOD_Base_03_8x8_arch_trim.fbx"
True,0,0,1,False,False,12,8,800,4,000,8,800,False,"MOD_Base_03_8x8_door_01","Assets/Fantastic City Pack/3d/Modular/Base/MOD_Base_03_8x8_door_01.fbx"
True,0,0,1,False,False,20,8,800,4,000,8,800,False,"MOD_Base_03_8x8_door_01_int","Assets/Fantastic City Pack/3d/Modular/Base/MOD_Base_03_8x8_door_01_int.fbx"
True,0,0,1,False,False,16,8,800,4,000,8,800,False,"MOD_Base_03_8x8_door_02","Assets/Fantastic City Pack/3d/Modular/Base/MOD_Base_03_8x8_door_02.fbx"
True,0,0,1,False,False,24,8,800,4,000,8,800,False,"MOD_Base_03_8x8_door_02_int","Assets/Fantastic City Pack/3d/Modular/Base/MOD_Base_03_8x8_door_02_int.fbx"
True,0,0,1,False,False,8,8,800,1,000,8,800,False,"MOD_Base_03_8x8_extension","Assets/Fantastic City Pack/3d/Modular/Base/MOD_Base_03_8x8_extension.fbx"
True,0,0,1,False,False,16,8,800,1,000,8,800,False,"MOD_Base_03_8x8_extension_int","Assets/Fantastic City Pack/3d/Modular/Base/MOD_Base_03_8x8_extension_int.fbx"
True,0,0,1,False,False,8,8,800,4,000,8,800,False,"MOD_Base_03_8x8_noDoor","Assets/Fantastic City Pack/3d/Modular/Base/MOD_Base_03_8x8_noDoor.fbx"
True,0,0,1,False,False,16,8,800,4,000,8,800,False,"MOD_Base_03_8x8_noDoor_int","Assets/Fantastic City Pack/3d/Modular/Base/MOD_Base_03_8x8_noDoor_int.fbx"
True,0,0,1,False,False,16,16,800,4,000,12,800,False,"MOD_Base_03_L_door_01","Assets/Fantastic City Pack/3d/Modular/Base/MOD_Base_03_L_door_01.fbx"
True,0,0,1,False,False,28,16,800,4,000,12,800,False,"MOD_Base_03_L_door_01_int","Assets/Fantastic City Pack/3d/Modular/Base/MOD_Base_03_L_door_01_int.fbx"
True,0,0,1,False,False,16,16,800,4,000,12,800,False,"MOD_Base_03_L_door_02","Assets/Fantastic City Pack/3d/Modular/Base/MOD_Base_03_L_door_02.fbx"
True,0,0,1,False,False,28,16,800,4,000,12,800,False,"MOD_Base_03_L_door_02_int","Assets/Fantastic City Pack/3d/Modular/Base/MOD_Base_03_L_door_02_int.fbx"
True,0,0,1,False,False,20,16,800,4,000,12,800,False,"MOD_Base_03_L_door_03","Assets/Fantastic City Pack/3d/Modular/Base/MOD_Base_03_L_door_03.fbx"
True,0,0,1,False,False,32,16,800,4,000,12,800,False,"MOD_Base_03_L_door_03_int","Assets/Fantastic City Pack/3d/Modular/Base/MOD_Base_03_L_door_03_int.fbx"
True,0,0,1,False,False,12,16,800,1,000,12,800,False,"MOD_Base_03_L_extension","Assets/Fantastic City Pack/3d/Modular/Base/MOD_Base_03_L_extension.fbx"
True,0,0,1,False,False,24,16,800,1,000,12,800,False,"MOD_Base_03_L_extension_int","Assets/Fantastic City Pack/3d/Modular/Base/MOD_Base_03_L_extension_int.fbx"
True,0,0,1,False,False,12,16,800,4,000,12,800,False,"MOD_Base_03_L_noDoor","Assets/Fantastic City Pack/3d/Modular/Base/MOD_Base_03_L_noDoor.fbx"
True,0,0,1,False,False,24,16,800,4,000,12,800,False,"MOD_Base_03_L_noDoor_int","Assets/Fantastic City Pack/3d/Modular/Base/MOD_Base_03_L_noDoor_int.fbx"
True,0,0,1,False,False,20,16,800,4,000,12,800,False,"MOD_Base_03_T_door_01","Assets/Fantastic City Pack/3d/Modular/Base/MOD_Base_03_T_door_01.fbx"
True,0,0,1,False,False,36,16,800,4,000,12,800,False,"MOD_Base_03_T_door_01_int","Assets/Fantastic City Pack/3d/Modular/Base/MOD_Base_03_T_door_01_int.fbx"
True,0,0,1,False,False,20,16,800,4,000,12,800,False,"MOD_Base_03_T_door_02","Assets/Fantastic City Pack/3d/Modular/Base/MOD_Base_03_T_door_02.fbx"
True,0,0,1,False,False,36,16,800,4,000,12,800,False,"MOD_Base_03_T_door_02_int","Assets/Fantastic City Pack/3d/Modular/Base/MOD_Base_03_T_door_02_int.fbx"
True,0,0,1,False,False,24,16,800,4,000,12,800,False,"MOD_Base_03_T_door_03","Assets/Fantastic City Pack/3d/Modular/Base/MOD_Base_03_T_door_03.fbx"
True,0,0,1,False,False,40,16,800,4,000,12,800,False,"MOD_Base_03_T_door_03_int","Assets/Fantastic City Pack/3d/Modular/Base/MOD_Base_03_T_door_03_int.fbx"
True,0,0,1,False,False,16,16,800,1,000,12,800,False,"MOD_Base_03_T_extension","Assets/Fantastic City Pack/3d/Modular/Base/MOD_Base_03_T_extension.fbx"
True,0,0,1,False,False,32,16,800,1,000,12,800,False,"MOD_Base_03_T_extension_int","Assets/Fantastic City Pack/3d/Modular/Base/MOD_Base_03_T_extension_int.fbx"
True,0,0,1,False,False,16,16,800,4,000,12,800,False,"MOD_Base_03_T_noDoor","Assets/Fantastic City Pack/3d/Modular/Base/MOD_Base_03_T_noDoor.fbx"
True,0,0,1,False,False,32,16,800,4,000,12,800,False,"MOD_Base_03_T_noDoor_int","Assets/Fantastic City Pack/3d/Modular/Base/MOD_Base_03_T_noDoor_int.fbx"
True,0,0,1,False,False,144,2,000,1,102,1,879,False,"MOD_BldExtensions_03_01","Assets/Fantastic City Pack/3d/Modular/Deco/MOD_BldExtensions_03_01.fbx"
True,0,0,1,False,False,212,4,000,1,102,1,879,False,"MOD_BldExtensions_03_02","Assets/Fantastic City Pack/3d/Modular/Deco/MOD_BldExtensions_03_02.fbx"
True,0,0,1,False,False,144,2,000,1,102,1,879,False,"MOD_BldExtensions_03_03","Assets/Fantastic City Pack/3d/Modular/Deco/MOD_BldExtensions_03_03.fbx"
True,0,0,1,False,False,212,4,000,1,102,1,879,False,"MOD_BldExtensions_03_04","Assets/Fantastic City Pack/3d/Modular/Deco/MOD_BldExtensions_03_04.fbx"
True,0,0,1,False,False,288,2,052,0,133,2,063,False,"MOD_BorderStone_03_circle","Assets/Fantastic City Pack/3d/Modular/Deco/MOD_BorderStone_03_circle.fbx"
True,0,0,1,False,False,148,4,175,0,354,4,169,False,"MOD_BorderStone_03_concave","Assets/Fantastic City Pack/3d/Modular/Deco/MOD_BorderStone_03_concave.fbx"
True,0,0,1,False,False,52,4,175,0,353,4,169,False,"MOD_BorderStone_03_concave_Collision","Assets/Fantastic City Pack/3d/Modular/Collision/MOD_BorderStone_03_concave_Collision.fbx"
True,0,0,1,False,False,94,4,000,0,340,0,340,False,"MOD_BorderStone_03_straight","Assets/Fantastic City Pack/3d/Modular/Deco/MOD_BorderStone_03_straight.fbx"
True,0,0,1,False,False,316,9,227,19,039,24,000,False,"MOD_Bridge_03","Assets/Fantastic City Pack/3d/Modular/City_Structure/MOD_Bridge_03.fbx"
True,0,0,1,False,False,120,9,239,19,000,24,000,False,"MOD_Bridge_03_Collision","Assets/Fantastic City Pack/3d/Modular/Collision/MOD_Bridge_03_Collision.fbx"
True,0,0,1,False,False,256,16,077,18,804,4,447,False,"MOD_Bridge_03_column","Assets/Fantastic City Pack/3d/Modular/City_Structure/MOD_Bridge_03_column.fbx"
True,0,0,1,False,False,14,8,000,19,000,6,000,False,"MOD_Bridge_03_extension","Assets/Fantastic City Pack/3d/Modular/City_Structure/MOD_Bridge_03_extension.fbx"
True,0,0,1,False,False,156,1,945,2,020,1,934,False,"MOD_Bridge_03_pilar","Assets/Fantastic City Pack/3d/Modular/City_Structure/MOD_Bridge_03_pilar.fbx"
True,0,0,1,False,False,164,0,796,1,405,12,000,False,"MOD_Bridge_03_railing","Assets/Fantastic City Pack/3d/Modular/City_Structure/MOD_Bridge_03_railing.fbx"
True,0,0,1,False,False,36,0,796,1,499,6,000,False,"MOD_Bridge_03_railing_extension_L","Assets/Fantastic City Pack/3d/Modular/City_Structure/MOD_Bridge_03_railing_extension_L.fbx"
True,0,0,1,False,False,36,0,792,1,499,6,000,False,"MOD_Bridge_03_railing_extension_R","Assets/Fantastic City Pack/3d/Modular/City_Structure/MOD_Bridge_03_railing_extension_R.fbx"
True,0,0,1,False,False,334,2,349,2,349,2,017,False,"MOD_Canalisation_03","Assets/Fantastic City Pack/3d/Modular/Deco/MOD_Canalisation_03.fbx"
True,0,0,1,False,False,98,1,511,4,786,1,522,False,"MOD_Chimney_03_01","Assets/Fantastic City Pack/3d/Modular/Deco/MOD_Chimney_03_01.fbx"
True,0,0,1,False,False,130,1,405,10,868,1,405,False,"MOD_Chimney_03_02","Assets/Fantastic City Pack/3d/Modular/Deco/MOD_Chimney_03_02.fbx"
True,0,0,1,False,False,148,1,511,6,665,4,624,False,"MOD_Chimney_03_03","Assets/Fantastic City Pack/3d/Modular/Deco/MOD_Chimney_03_03.fbx"
True,0,0,1,False,False,296,5,651,6,390,0,228,False,"MOD_CityWall_03_gate","Assets/Fantastic City Pack/3d/Modular/City_Structure/MOD_CityWall_03_gate.fbx"
True,0,0,1,False,False,476,8,000,12,661,5,267,False,"MOD_CityWall_03_gateWall","Assets/Fantastic City Pack/3d/Modular/City_Structure/MOD_CityWall_03_gateWall.fbx"
True,0,0,1,False,False,84,8,000,12,671,5,325,False,"MOD_CityWall_03_gateWall_Collision","Assets/Fantastic City Pack/3d/Modular/Collision/MOD_CityWall_03_gateWall_Collision.fbx"
True,0,0,1,False,False,500,9,122,16,769,9,329,False,"MOD_CityWall_03_tower","Assets/Fantastic City Pack/3d/Modular/City_Structure/MOD_CityWall_03_tower.fbx"
True,0,0,1,False,False,104,8,013,12,000,8,131,False,"MOD_CityWall_03_tower_extension","Assets/Fantastic City Pack/3d/Modular/City_Structure/MOD_CityWall_03_tower_extension.fbx"
True,0,0,1,False,False,146,8,000,12,661,5,267,False,"MOD_CityWall_03_wall","Assets/Fantastic City Pack/3d/Modular/City_Structure/MOD_CityWall_03_wall.fbx"
True,0,0,1,False,False,36,8,000,12,666,5,341,False,"MOD_CityWall_03_wall_Collision","Assets/Fantastic City Pack/3d/Modular/Collision/MOD_CityWall_03_wall_Collision.fbx"
True,0,0,1,False,False,22,8,000,12,000,4,443,False,"MOD_CityWall_03_wall_extension","Assets/Fantastic City Pack/3d/Modular/City_Structure/MOD_CityWall_03_wall_extension.fbx"
True,0,0,1,False,False,44,0,710,3,900,0,710,False,"MOD_Column_03_01","Assets/Fantastic City Pack/3d/Modular/Column/MOD_Column_03_01.fbx"
True,0,0,1,False,False,72,1,033,0,629,1,024,False,"MOD_Column_03_01_base","Assets/Fantastic City Pack/3d/Modular/Column/MOD_Column_03_01_base.fbx"
True,0,0,1,False,False,50,1,001,0,388,1,001,False,"MOD_Column_03_01_capital","Assets/Fantastic City Pack/3d/Modular/Column/MOD_Column_03_01_capital.fbx"
True,0,0,1,False,False,28,0,710,3,900,0,710,False,"MOD_Column_03_02","Assets/Fantastic City Pack/3d/Modular/Column/MOD_Column_03_02.fbx"
True,0,0,1,False,False,50,1,028,0,663,1,028,False,"MOD_Column_03_02_base","Assets/Fantastic City Pack/3d/Modular/Column/MOD_Column_03_02_base.fbx"
True,0,0,1,False,False,50,1,223,0,590,1,223,False,"MOD_Column_03_02_capital","Assets/Fantastic City Pack/3d/Modular/Column/MOD_Column_03_02_capital.fbx"
True,0,0,1,False,False,252,1,760,2,380,0,455,False,"MOD_Door_03_01","Assets/Fantastic City Pack/3d/Modular/Door/MOD_Door_03_01.fbx"
True,0,0,1,False,False,300,1,760,2,380,0,338,False,"MOD_Door_03_02","Assets/Fantastic City Pack/3d/Modular/Door/MOD_Door_03_02.fbx"
True,0,0,1,False,False,216,0,880,2,380,0,338,False,"MOD_Door_03_03","Assets/Fantastic City Pack/3d/Modular/Door/MOD_Door_03_03.fbx"
True,0,0,1,False,False,30,2,000,2,600,0,691,False,"MOD_Door_03_frame","Assets/Fantastic City Pack/3d/Modular/Door/MOD_Door_03_frame.fbx"
True,0,0,1,False,False,198,2,750,3,340,0,486,False,"MOD_Door_03_framedeco_01_01","Assets/Fantastic City Pack/3d/Modular/Door/MOD_Door_03_framedeco_01_01.fbx"
True,0,0,1,False,False,68,2,743,3,349,0,502,False,"MOD_Door_03_framedeco_01_01_Collision","Assets/Fantastic City Pack/3d/Modular/Collision/MOD_Door_03_framedeco_01_01_Collision.fbx"
True,0,0,1,False,False,198,2,670,3,783,0,517,False,"MOD_Door_03_framedeco_01_02","Assets/Fantastic City Pack/3d/Modular/Door/MOD_Door_03_framedeco_01_02.fbx"
True,0,0,1,False,False,60,2,682,3,804,0,524,False,"MOD_Door_03_framedeco_01_02_Collision","Assets/Fantastic City Pack/3d/Modular/Collision/MOD_Door_03_framedeco_01_02_Collision.fbx"
True,0,0,1,False,False,62,2,750,2,876,0,486,False,"MOD_Door_03_framedeco_01_03","Assets/Fantastic City Pack/3d/Modular/Door/MOD_Door_03_framedeco_01_03.fbx"
True,0,0,1,False,False,68,2,794,2,879,0,536,False,"MOD_Door_03_framedeco_01_03_Collision","Assets/Fantastic City Pack/3d/Modular/Collision/MOD_Door_03_framedeco_01_03_Collision.fbx"
True,0,0,1,False,False,78,2,730,3,342,0,457,False,"MOD_Door_03_framedeco_01_04","Assets/Fantastic City Pack/3d/Modular/Door/MOD_Door_03_framedeco_01_04.fbx"
True,0,0,1,False,False,68,2,794,3,345,0,468,False,"MOD_Door_03_framedeco_01_04_Collision","Assets/Fantastic City Pack/3d/Modular/Collision/MOD_Door_03_framedeco_01_04_Collision.fbx"
True,0,0,1,False,False,272,3,064,3,365,0,522,False,"MOD_Door_03_framedeco_02_01","Assets/Fantastic City Pack/3d/Modular/Door/MOD_Door_03_framedeco_02_01.fbx"
True,0,0,1,False,False,60,3,094,3,381,0,541,False,"MOD_Door_03_framedeco_02_01_Collision","Assets/Fantastic City Pack/3d/Modular/Collision/MOD_Door_03_framedeco_02_01_Collision.fbx"
True,0,0,1,False,False,250,3,120,4,106,0,636,False,"MOD_Door_03_framedeco_02_02","Assets/Fantastic City Pack/3d/Modular/Door/MOD_Door_03_framedeco_02_02.fbx"
True,0,0,1,False,False,74,3,125,4,114,0,637,False,"MOD_Door_03_framedeco_02_02_Collision","Assets/Fantastic City Pack/3d/Modular/Collision/MOD_Door_03_framedeco_02_02_Collision.fbx"
True,0,0,1,False,False,128,2,953,3,365,0,553,False,"MOD_Door_03_framedeco_02_03","Assets/Fantastic City Pack/3d/Modular/Door/MOD_Door_03_framedeco_02_03.fbx"
True,0,0,1,False,False,68,2,976,3,368,0,598,False,"MOD_Door_03_framedeco_02_03_Collision","Assets/Fantastic City Pack/3d/Modular/Collision/MOD_Door_03_framedeco_02_03_Collision.fbx"
True,0,0,1,False,False,90,3,064,3,342,0,593,False,"MOD_Door_03_framedeco_02_04","Assets/Fantastic City Pack/3d/Modular/Door/MOD_Door_03_framedeco_02_04.fbx"
True,0,0,1,False,False,60,3,163,3,345,0,620,False,"MOD_Door_03_framedeco_02_04_Collision","Assets/Fantastic City Pack/3d/Modular/Collision/MOD_Door_03_framedeco_02_04_Collision.fbx"
True,0,0,1,False,False,162,3,587,2,926,0,411,False,"MOD_Door_03_framedeco_03_01","Assets/Fantastic City Pack/3d/Modular/Door/MOD_Door_03_framedeco_03_01.fbx"
True,0,0,1,False,False,70,3,595,2,934,0,423,False,"MOD_Door_03_framedeco_03_01_Collision","Assets/Fantastic City Pack/3d/Modular/Collision/MOD_Door_03_framedeco_03_01_Collision.fbx"
True,0,0,1,False,False,298,3,458,3,884,0,457,False,"MOD_Door_03_framedeco_03_02","Assets/Fantastic City Pack/3d/Modular/Door/MOD_Door_03_framedeco_03_02.fbx"
True,0,0,1,False,False,52,3,467,3,889,0,457,False,"MOD_Door_03_framedeco_03_02_Collision","Assets/Fantastic City Pack/3d/Modular/Collision/MOD_Door_03_framedeco_03_02_Collision.fbx"
True,0,0,1,False,False,202,3,624,3,263,0,597,False,"MOD_Door_03_framedeco_03_03","Assets/Fantastic City Pack/3d/Modular/Door/MOD_Door_03_framedeco_03_03.fbx"
True,0,0,1,False,False,60,3,640,3,264,0,623,False,"MOD_Door_03_framedeco_03_03_Collision","Assets/Fantastic City Pack/3d/Modular/Collision/MOD_Door_03_framedeco_03_03_Collision.fbx"
True,0,0,1,False,False,8,4,000,0,500,4,000,False,"MOD_Floor_03_E_angle_med","Assets/Fantastic City Pack/3d/Modular/Floor/MOD_Floor_03_E_angle_med.fbx"
True,0,0,1,False,False,8,2,000,0,500,2,000,False,"MOD_Floor_03_E_angle_tiny","Assets/Fantastic City Pack/3d/Modular/Floor/MOD_Floor_03_E_angle_tiny.fbx"
True,0,0,1,False,False,28,4,000,0,500,4,000,False,"MOD_Floor_03_E_convex_med","Assets/Fantastic City Pack/3d/Modular/Floor/MOD_Floor_03_E_convex_med.fbx"
True,0,0,1,False,False,16,2,000,0,500,2,000,False,"MOD_Floor_03_E_convex_tiny","Assets/Fantastic City Pack/3d/Modular/Floor/MOD_Floor_03_E_convex_tiny.fbx"
True,0,0,1,False,False,12,4,000,0,500,4,000,False,"MOD_Floor_03_E_straight_med","Assets/Fantastic City Pack/3d/Modular/Floor/MOD_Floor_03_E_straight_med.fbx"
True,0,0,1,False,False,12,4,000,0,500,2,000,False,"MOD_Floor_03_E_straight_small","Assets/Fantastic City Pack/3d/Modular/Floor/MOD_Floor_03_E_straight_small.fbx"
True,0,0,1,False,False,12,2,000,0,500,2,000,False,"MOD_Floor_03_E_straight_tiny","Assets/Fantastic City Pack/3d/Modular/Floor/MOD_Floor_03_E_straight_tiny.fbx"
True,0,0,1,False,False,2,4,000,0,000,4,000,False,"MOD_Floor_03_O_straight_med","Assets/Fantastic City Pack/3d/Modular/Floor/MOD_Floor_03_O_straight_med.fbx"
True,0,0,1,False,False,28,4,000,0,189,0,396,False,"MOD_Gutter_03","Assets/Fantastic City Pack/3d/Modular/Deco/MOD_Gutter_03.fbx"
True,0,0,1,False,False,26,0,590,0,189,0,396,False,"MOD_Gutter_03_cap","Assets/Fantastic City Pack/3d/Modular/Deco/MOD_Gutter_03_cap.fbx"
True,0,0,1,False,False,26,0,161,4,000,0,153,False,"MOD_GutterPipe_03_01","Assets/Fantastic City Pack/3d/Modular/Deco/MOD_GutterPipe_03_01.fbx"
True,0,0,1,False,False,46,0,303,3,809,0,342,False,"MOD_GutterPipe_03_02","Assets/Fantastic City Pack/3d/Modular/Deco/MOD_GutterPipe_03_02.fbx"
True,0,0,1,False,False,118,0,343,1,680,0,345,False,"MOD_Railing_03_column_01","Assets/Fantastic City Pack/3d/Modular/Railing/MOD_Railing_03_column_01.fbx"
True,0,0,1,False,False,50,0,957,1,547,0,957,False,"MOD_Railing_03_column_02","Assets/Fantastic City Pack/3d/Modular/Railing/MOD_Railing_03_column_02.fbx"
True,0,0,1,False,False,46,0,075,1,312,0,083,False,"MOD_Railing_03_column_03","Assets/Fantastic City Pack/3d/Modular/Railing/MOD_Railing_03_column_03.fbx"
True,0,0,1,False,False,368,4,014,1,400,4,014,False,"MOD_Railing_03_convex_01","Assets/Fantastic City Pack/3d/Modular/Railing/MOD_Railing_03_convex_01.fbx"
True,0,0,1,False,False,248,2,761,1,400,2,761,False,"MOD_Railing_03_convex_01_half","Assets/Fantastic City Pack/3d/Modular/Railing/MOD_Railing_03_convex_01_half.fbx"
True,0,0,1,False,False,220,4,014,1,411,4,014,False,"MOD_Railing_03_convex_02","Assets/Fantastic City Pack/3d/Modular/Railing/MOD_Railing_03_convex_02.fbx"
True,0,0,1,False,False,156,2,761,1,411,2,761,False,"MOD_Railing_03_convex_02_half","Assets/Fantastic City Pack/3d/Modular/Railing/MOD_Railing_03_convex_02_half.fbx"
True,0,0,1,False,False,52,4,014,1,402,4,014,False,"MOD_Railing_03_convex_Collision","Assets/Fantastic City Pack/3d/Modular/Collision/MOD_Railing_03_convex_Collision.fbx"
True,0,0,1,False,False,36,2,761,1,404,2,761,False,"MOD_Railing_03_convex_half_Collision","Assets/Fantastic City Pack/3d/Modular/Collision/MOD_Railing_03_convex_half_Collision.fbx"
True,0,0,1,False,False,240,4,000,1,425,0,545,False,"MOD_Railing_03_straight_01","Assets/Fantastic City Pack/3d/Modular/Railing/MOD_Railing_03_straight_01.fbx"
True,0,0,1,False,False,60,4,000,1,411,0,525,False,"MOD_Railing_03_straight_02","Assets/Fantastic City Pack/3d/Modular/Railing/MOD_Railing_03_straight_02.fbx"
True,0,0,1,False,False,304,4,000,1,508,0,281,False,"MOD_Railing_03_straight_03","Assets/Fantastic City Pack/3d/Modular/Railing/MOD_Railing_03_straight_03.fbx"
True,0,0,1,False,False,160,2,000,1,508,0,281,False,"MOD_Railing_03_straight_03_half","Assets/Fantastic City Pack/3d/Modular/Railing/MOD_Railing_03_straight_03_half.fbx"
True,0,0,1,False,False,432,4,000,2,756,0,515,False,"MOD_Railing_03_straight_04","Assets/Fantastic City Pack/3d/Modular/Railing/MOD_Railing_03_straight_04.fbx"
True,0,0,1,False,False,184,2,000,1,135,0,062,False,"MOD_Railing_03_straight_05","Assets/Fantastic City Pack/3d/Modular/Railing/MOD_Railing_03_straight_05.fbx"
True,0,0,1,False,False,132,8,000,3,826,8,800,False,"MOD_Roof_03_01","Assets/Fantastic City Pack/3d/Modular/Roof/MOD_Roof_03_01.fbx"
True,0,0,1,False,False,258,0,800,4,181,9,257,False,"MOD_Roof_03_01_frame","Assets/Fantastic City Pack/3d/Modular/Roof/MOD_Roof_03_01_frame.fbx"
True,0,0,1,False,False,136,8,000,3,826,8,800,False,"MOD_Roof_03_01_sidecut","Assets/Fantastic City Pack/3d/Modular/Roof/MOD_Roof_03_01_sidecut.fbx"
True,0,0,1,False,False,15,0,000,3,651,8,800,False,"MOD_Roof_03_01_wall_01","Assets/Fantastic City Pack/3d/Modular/Roof/MOD_Roof_03_01_wall_01.fbx"
True,0,0,1,False,False,20,0,400,4,827,8,800,False,"MOD_Roof_03_01_wall_02","Assets/Fantastic City Pack/3d/Modular/Roof/MOD_Roof_03_01_wall_02.fbx"
True,0,0,1,False,False,60,0,600,3,851,9,016,False,"MOD_Roof_03_01_wall_02_cover","Assets/Fantastic City Pack/3d/Modular/Roof/MOD_Roof_03_01_wall_02_cover.fbx"
True,0,0,1,False,False,116,8,000,9,130,8,800,False,"MOD_Roof_03_02","Assets/Fantastic City Pack/3d/Modular/Roof/MOD_Roof_03_02.fbx"
True,0,0,1,False,False,286,0,800,9,520,9,257,False,"MOD_Roof_03_02_frame","Assets/Fantastic City Pack/3d/Modular/Roof/MOD_Roof_03_02_frame.fbx"
True,0,0,1,False,False,120,8,000,9,130,8,800,False,"MOD_Roof_03_02_sidecut","Assets/Fantastic City Pack/3d/Modular/Roof/MOD_Roof_03_02_sidecut.fbx"
True,0,0,1,False,False,12,0,000,8,951,8,800,False,"MOD_Roof_03_02_wall_01","Assets/Fantastic City Pack/3d/Modular/Roof/MOD_Roof_03_02_wall_01.fbx"
True,0,0,1,False,False,20,0,400,9,554,8,800,False,"MOD_Roof_03_02_wall_02","Assets/Fantastic City Pack/3d/Modular/Roof/MOD_Roof_03_02_wall_02.fbx"
True,0,0,1,False,False,60,0,600,8,410,9,016,False,"MOD_Roof_03_02_wall_02_cover","Assets/Fantastic City Pack/3d/Modular/Roof/MOD_Roof_03_02_wall_02_cover.fbx"
True,0,0,1,False,False,96,8,000,7,953,8,800,False,"MOD_Roof_03_03","Assets/Fantastic City Pack/3d/Modular/Roof/MOD_Roof_03_03.fbx"
True,0,0,1,False,False,174,0,800,8,359,9,257,False,"MOD_Roof_03_03_frame","Assets/Fantastic City Pack/3d/Modular/Roof/MOD_Roof_03_03_frame.fbx"
True,0,0,1,False,False,100,8,000,7,953,8,800,False,"MOD_Roof_03_03_sidecut","Assets/Fantastic City Pack/3d/Modular/Roof/MOD_Roof_03_03_sidecut.fbx"
True,0,0,1,False,False,10,0,000,7,786,8,800,False,"MOD_Roof_03_03_wall_01","Assets/Fantastic City Pack/3d/Modular/Roof/MOD_Roof_03_03_wall_01.fbx"
True,0,0,1,False,False,20,0,400,8,742,8,800,False,"MOD_Roof_03_03_wall_02","Assets/Fantastic City Pack/3d/Modular/Roof/MOD_Roof_03_03_wall_02.fbx"
True,0,0,1,False,False,60,0,600,7,421,9,016,False,"MOD_Roof_03_03_wall_02_cover","Assets/Fantastic City Pack/3d/Modular/Roof/MOD_Roof_03_03_wall_02_cover.fbx"
True,0,0,1,False,False,55,4,000,4,000,4,000,False,"MOD_Stairs_03_E_angle_convex_01","Assets/Fantastic City Pack/3d/Modular/Stairs/MOD_Stairs_03_E_angle_convex_01.fbx"
True,0,0,1,False,False,32,4,000,2,000,4,000,False,"MOD_Stairs_03_E_angle_convex_02","Assets/Fantastic City Pack/3d/Modular/Stairs/MOD_Stairs_03_E_angle_convex_02.fbx"
True,0,0,1,False,False,96,4,000,1,000,4,000,False,"MOD_Stairs_03_E_concave_01","Assets/Fantastic City Pack/3d/Modular/Stairs/MOD_Stairs_03_E_concave_01.fbx"
True,0,0,1,False,False,36,4,000,1,000,4,000,False,"MOD_Stairs_03_E_concave_01_Collision","Assets/Fantastic City Pack/3d/Modular/Collision/MOD_Stairs_03_E_concave_01_Collision.fbx"
True,0,0,1,False,False,96,4,000,1,000,4,000,False,"MOD_Stairs_03_E_convex_01","Assets/Fantastic City Pack/3d/Modular/Stairs/MOD_Stairs_03_E_convex_01.fbx"
True,0,0,1,False,False,56,4,000,4,000,4,000,False,"MOD_Stairs_03_E_straight_01","Assets/Fantastic City Pack/3d/Modular/Stairs/MOD_Stairs_03_E_straight_01.fbx"
True,0,0,1,False,False,28,2,000,2,000,2,000,False,"MOD_Stairs_03_E_straight_01_half","Assets/Fantastic City Pack/3d/Modular/Stairs/MOD_Stairs_03_E_straight_01_half.fbx"
True,0,0,1,False,False,32,4,000,2,000,4,000,False,"MOD_Stairs_03_E_straight_02","Assets/Fantastic City Pack/3d/Modular/Stairs/MOD_Stairs_03_E_straight_02.fbx"
True,0,0,1,False,False,16,2,000,1,000,2,000,False,"MOD_Stairs_03_E_straight_02_half","Assets/Fantastic City Pack/3d/Modular/Stairs/MOD_Stairs_03_E_straight_02_half.fbx"
True,0,0,1,False,False,240,2,000,3,409,0,281,False,"MOD_Stairs_03_Railing_straight_01_01","Assets/Fantastic City Pack/3d/Modular/Stairs/MOD_Stairs_03_Railing_straight_01_01.fbx"
True,0,0,1,False,False,200,2,000,2,773,0,080,False,"MOD_Stairs_03_Railing_straight_01_02","Assets/Fantastic City Pack/3d/Modular/Stairs/MOD_Stairs_03_Railing_straight_01_02.fbx"
True,0,0,1,False,False,200,4,000,3,400,0,525,False,"MOD_Stairs_03_Railing_straight_02_01","Assets/Fantastic City Pack/3d/Modular/Stairs/MOD_Stairs_03_Railing_straight_02_01.fbx"
True,0,0,1,False,False,60,4,000,3,411,0,525,False,"MOD_Stairs_03_Railing_straight_02_02","Assets/Fantastic City Pack/3d/Modular/Stairs/MOD_Stairs_03_Railing_straight_02_02.fbx"
True,0,0,1,False,False,1,4,000,4,000,0,000,False,"MOD_Stairs_03_Wall_L_01","Assets/Fantastic City Pack/3d/Modular/Stairs/MOD_Stairs_03_Wall_L_01.fbx"
True,0,0,1,False,False,1,4,000,2,000,0,000,False,"MOD_Stairs_03_Wall_L_02","Assets/Fantastic City Pack/3d/Modular/Stairs/MOD_Stairs_03_Wall_L_02.fbx"
True,0,0,1,False,False,1,4,000,4,000,0,000,False,"MOD_Stairs_03_Wall_R_01","Assets/Fantastic City Pack/3d/Modular/Stairs/MOD_Stairs_03_Wall_R_01.fbx"
True,0,0,1,False,False,1,4,000,2,000,0,000,False,"MOD_Stairs_03_Wall_R_02","Assets/Fantastic City Pack/3d/Modular/Stairs/MOD_Stairs_03_Wall_R_02.fbx"
True,0,0,1,False,False,12,4,000,4,500,0,400,False,"MOD_Stairs_03_WallTrim_straight_01","Assets/Fantastic City Pack/3d/Modular/Stairs/MOD_Stairs_03_WallTrim_straight_01.fbx"
True,0,0,1,False,False,12,2,000,2,295,0,066,False,"MOD_Stairs_03_WallTrim_straight_01_02","Assets/Fantastic City Pack/3d/Modular/Stairs/MOD_Stairs_03_WallTrim_straight_01_02.fbx"
True,0,0,1,False,False,12,2,000,2,500,0,400,False,"MOD_Stairs_03_WallTrim_straight_01_half","Assets/Fantastic City Pack/3d/Modular/Stairs/MOD_Stairs_03_WallTrim_straight_01_half.fbx"
True,0,0,1,False,False,10,4,000,2,500,0,400,False,"MOD_Stairs_03_WallTrim_straight_02","Assets/Fantastic City Pack/3d/Modular/Stairs/MOD_Stairs_03_WallTrim_straight_02.fbx"
True,0,0,1,False,False,12,2,000,1,500,0,400,False,"MOD_Stairs_03_WallTrim_straight_02_half","Assets/Fantastic City Pack/3d/Modular/Stairs/MOD_Stairs_03_WallTrim_straight_02_half.fbx"
True,0,0,1,False,False,40,4,200,4,000,4,200,False,"MOD_Wall_03_M_concave_med","Assets/Fantastic City Pack/3d/Modular/Wall/MOD_Wall_03_M_concave_med.fbx"
True,0,0,1,False,False,10,4,000,4,000,0,400,False,"MOD_Wall_03_M_straight_med","Assets/Fantastic City Pack/3d/Modular/Wall/MOD_Wall_03_M_straight_med.fbx"
True,0,0,1,False,False,18,4,000,4,000,0,402,False,"MOD_Wall_03_M_straight_med_door","Assets/Fantastic City Pack/3d/Modular/Wall/MOD_Wall_03_M_straight_med_door.fbx"
True,0,0,1,False,False,10,2,000,4,000,0,400,False,"MOD_Wall_03_M_straight_med_half_R","Assets/Fantastic City Pack/3d/Modular/Wall/MOD_Wall_03_M_straight_med_half_R.fbx"
True,0,0,1,False,False,10,4,000,2,000,0,400,False,"MOD_Wall_03_M_straight_small","Assets/Fantastic City Pack/3d/Modular/Wall/MOD_Wall_03_M_straight_small.fbx"
True,0,0,1,False,False,8,2,250,4,000,2,250,False,"MOD_Wall_03_O_concave_med","Assets/Fantastic City Pack/3d/Modular/Wall/MOD_Wall_03_O_concave_med.fbx"
True,0,0,1,False,False,12,4,000,4,000,4,000,False,"MOD_Wall_03_O_convex_med","Assets/Fantastic City Pack/3d/Modular/Wall/MOD_Wall_03_O_convex_med.fbx"
True,0,0,1,False,False,2,8,000,8,000,0,000,False,"MOD_Wall_03_O_straight_large","Assets/Fantastic City Pack/3d/Modular/Wall/MOD_Wall_03_O_straight_large.fbx"
True,0,0,1,False,False,2,4,000,4,000,0,000,False,"MOD_Wall_03_O_straight_med","Assets/Fantastic City Pack/3d/Modular/Wall/MOD_Wall_03_O_straight_med.fbx"
True,0,0,1,False,False,2,2,000,4,000,0,000,False,"MOD_Wall_03_O_straight_med_half","Assets/Fantastic City Pack/3d/Modular/Wall/MOD_Wall_03_O_straight_med_half.fbx"
True,0,0,1,False,False,2,4,000,2,000,0,000,False,"MOD_Wall_03_O_straight_small","Assets/Fantastic City Pack/3d/Modular/Wall/MOD_Wall_03_O_straight_small.fbx"
True,0,0,1,False,False,116,4,278,0,798,4,266,False,"MOD_WallCover_03_convex_01","Assets/Fantastic City Pack/3d/Modular/Railing/MOD_WallCover_03_convex_01.fbx"
True,0,0,1,False,False,52,4,363,0,817,4,327,False,"MOD_WallCover_03_convex_01_Collision","Assets/Fantastic City Pack/3d/Modular/Collision/MOD_WallCover_03_convex_01_Collision.fbx"
True,0,0,1,False,False,140,4,278,0,798,4,266,False,"MOD_WallCover_03_convex_02","Assets/Fantastic City Pack/3d/Modular/Railing/MOD_WallCover_03_convex_02.fbx"
True,0,0,1,False,False,44,4,344,0,814,4,380,False,"MOD_WallCover_03_convex_02_Collision","Assets/Fantastic City Pack/3d/Modular/Collision/MOD_WallCover_03_convex_02_Collision.fbx"
True,0,0,1,False,False,44,4,000,0,798,0,656,False,"MOD_WallCover_03_straight_01","Assets/Fantastic City Pack/3d/Modular/Railing/MOD_WallCover_03_straight_01.fbx"
True,0,0,1,False,False,52,4,000,0,798,2,323,False,"MOD_WallCover_03_straight_02","Assets/Fantastic City Pack/3d/Modular/Railing/MOD_WallCover_03_straight_02.fbx"
True,0,0,1,False,False,12,2,000,0,295,0,066,False,"MOD_WallCover_03_straight_03","Assets/Fantastic City Pack/3d/Modular/Railing/MOD_WallCover_03_straight_03.fbx"
True,0,0,1,False,False,176,0,863,4,000,0,829,False,"MOD_WallDeco_03_M_corner_med_brick_01","Assets/Fantastic City Pack/3d/Modular/Wall/MOD_WallDeco_03_M_corner_med_brick_01.fbx"
True,0,0,1,False,False,44,1,211,1,000,1,268,False,"MOD_WallDeco_03_M_corner_small_brick_01","Assets/Fantastic City Pack/3d/Modular/Wall/MOD_WallDeco_03_M_corner_small_brick_01.fbx"
True,0,0,1,False,False,20,0,250,4,000,0,250,False,"MOD_WallDeco_03_M_genericplank_01","Assets/Fantastic City Pack/3d/Modular/Wall/MOD_WallDeco_03_M_genericplank_01.fbx"
True,0,0,1,False,False,8,4,000,0,169,0,194,False,"MOD_WallDeco_03_O_straight_med_01","Assets/Fantastic City Pack/3d/Modular/Wall/MOD_WallDeco_03_O_straight_med_01.fbx"
True,0,0,1,False,False,30,0,849,4,000,0,249,False,"MOD_WallDeco_03_O_straight_med_02","Assets/Fantastic City Pack/3d/Modular/Wall/MOD_WallDeco_03_O_straight_med_02.fbx"
True,0,0,1,False,False,130,4,000,4,000,0,157,False,"MOD_WallDeco_03_O_straight_med_brick_01","Assets/Fantastic City Pack/3d/Modular/Wall/MOD_WallDeco_03_O_straight_med_brick_01.fbx"
True,0,0,1,False,False,62,4,000,3,500,0,128,False,"MOD_WallDeco_03_O_straight_med_brick_02","Assets/Fantastic City Pack/3d/Modular/Wall/MOD_WallDeco_03_O_straight_med_brick_02.fbx"
True,0,0,1,False,False,30,3,810,1,008,0,114,False,"MOD_WallDeco_03_O_straight_small_brick_01","Assets/Fantastic City Pack/3d/Modular/Wall/MOD_WallDeco_03_O_straight_small_brick_01.fbx"
True,0,0,1,False,False,20,0,800,0,299,0,800,False,"MOD_WallTrim_03_01_corner","Assets/Fantastic City Pack/3d/Modular/WallTrim/MOD_WallTrim_03_01_corner.fbx"
True,0,0,1,False,False,26,0,800,0,795,0,400,False,"MOD_WallTrim_03_01_filler","Assets/Fantastic City Pack/3d/Modular/WallTrim/MOD_WallTrim_03_01_filler.fbx"
True,0,0,1,False,False,146,8,000,0,565,0,400,False,"MOD_WallTrim_03_01_large","Assets/Fantastic City Pack/3d/Modular/WallTrim/MOD_WallTrim_03_01_large.fbx"
True,0,0,1,False,False,82,4,000,0,565,0,400,False,"MOD_WallTrim_03_01_med","Assets/Fantastic City Pack/3d/Modular/WallTrim/MOD_WallTrim_03_01_med.fbx"
True,0,0,1,False,False,124,3,600,0,565,3,600,False,"MOD_WallTrim_03_01_med_concave","Assets/Fantastic City Pack/3d/Modular/WallTrim/MOD_WallTrim_03_01_med_concave.fbx"
True,0,0,1,False,False,20,0,710,0,185,0,710,False,"MOD_WallTrim_03_02_corner","Assets/Fantastic City Pack/3d/Modular/WallTrim/MOD_WallTrim_03_02_corner.fbx"
True,0,0,1,False,False,10,0,800,0,185,0,310,False,"MOD_WallTrim_03_02_filler","Assets/Fantastic City Pack/3d/Modular/WallTrim/MOD_WallTrim_03_02_filler.fbx"
True,0,0,1,False,False,28,8,000,0,185,0,310,False,"MOD_WallTrim_03_02_large","Assets/Fantastic City Pack/3d/Modular/WallTrim/MOD_WallTrim_03_02_large.fbx"
True,0,0,1,False,False,18,4,000,0,185,0,310,False,"MOD_WallTrim_03_02_med","Assets/Fantastic City Pack/3d/Modular/WallTrim/MOD_WallTrim_03_02_med.fbx"
True,0,0,1,False,False,28,3,600,0,185,3,600,False,"MOD_WallTrim_03_02_med_concave","Assets/Fantastic City Pack/3d/Modular/WallTrim/MOD_WallTrim_03_02_med_concave.fbx"
True,0,0,1,False,False,24,16,000,0,080,8,000,False,"MOD_WallTrim_03_16x8","Assets/Fantastic City Pack/3d/Modular/WallTrim/MOD_WallTrim_03_16x8.fbx"
True,0,0,1,False,False,24,4,000,0,080,4,000,False,"MOD_WallTrim_03_4x4","Assets/Fantastic City Pack/3d/Modular/WallTrim/MOD_WallTrim_03_4x4.fbx"
True,0,0,1,False,False,24,8,000,0,080,8,000,False,"MOD_WallTrim_03_8x8","Assets/Fantastic City Pack/3d/Modular/WallTrim/MOD_WallTrim_03_8x8.fbx"
True,0,0,1,False,False,36,16,000,0,080,12,000,False,"MOD_WallTrim_03_L","Assets/Fantastic City Pack/3d/Modular/WallTrim/MOD_WallTrim_03_L.fbx"
True,0,0,1,False,False,48,16,000,0,080,12,000,False,"MOD_WallTrim_03_T","Assets/Fantastic City Pack/3d/Modular/WallTrim/MOD_WallTrim_03_T.fbx"
True,0,0,1,False,False,90,1,202,1,861,0,116,False,"MOD_Window_03_01_01","Assets/Fantastic City Pack/3d/Modular/Window/MOD_Window_03_01_01.fbx"
True,0,0,1,False,False,212,1,607,2,148,0,360,False,"MOD_Window_03_01_01_framedeco_01","Assets/Fantastic City Pack/3d/Modular/Window/MOD_Window_03_01_01_framedeco_01.fbx"
True,0,0,1,False,False,20,1,260,2,053,2,200,False,"MOD_Window_03_01_01_framedeco_01_ext","Assets/Fantastic City Pack/3d/Modular/Window/MOD_Window_03_01_01_framedeco_01_ext.fbx"
True,0,0,1,False,False,246,1,867,2,577,0,324,False,"MOD_Window_03_01_01_framedeco_02","Assets/Fantastic City Pack/3d/Modular/Window/MOD_Window_03_01_01_framedeco_02.fbx"
True,0,0,1,False,False,202,1,931,2,180,0,324,False,"MOD_Window_03_01_01_framedeco_03","Assets/Fantastic City Pack/3d/Modular/Window/MOD_Window_03_01_01_framedeco_03.fbx"
True,0,0,1,False,False,83,0,569,1,698,0,116,False,"MOD_Window_03_01_02","Assets/Fantastic City Pack/3d/Modular/Window/MOD_Window_03_01_02.fbx"
True,0,0,1,False,False,162,0,932,2,055,0,324,False,"MOD_Window_03_01_02_framedeco_01","Assets/Fantastic City Pack/3d/Modular/Window/MOD_Window_03_01_02_framedeco_01.fbx"
True,0,0,1,False,False,304,1,304,2,429,0,387,False,"MOD_Window_03_01_02_framedeco_02","Assets/Fantastic City Pack/3d/Modular/Window/MOD_Window_03_01_02_framedeco_02.fbx"
True,0,0,1,False,False,16,0,757,2,013,2,200,False,"MOD_Window_03_01_02_framedeco_02_ext","Assets/Fantastic City Pack/3d/Modular/Window/MOD_Window_03_01_02_framedeco_02_ext.fbx"
True,0,0,1,False,False,208,1,299,1,969,0,324,False,"MOD_Window_03_01_02_framedeco_03","Assets/Fantastic City Pack/3d/Modular/Window/MOD_Window_03_01_02_framedeco_03.fbx"
True,0,0,1,False,False,50,0,962,1,893,0,111,False,"MOD_Window_03_02_01","Assets/Fantastic City Pack/3d/Modular/Window/MOD_Window_03_02_01.fbx"
True,0,0,1,False,False,80,1,263,2,182,0,324,False,"MOD_Window_03_02_01_framedeco_01","Assets/Fantastic City Pack/3d/Modular/Window/MOD_Window_03_02_01_framedeco_01.fbx"
True,0,0,1,False,False,190,1,444,2,689,0,390,False,"MOD_Window_03_02_01_framedeco_02","Assets/Fantastic City Pack/3d/Modular/Window/MOD_Window_03_02_01_framedeco_02.fbx"
True,0,0,1,False,False,20,1,104,2,358,2,200,False,"MOD_Window_03_02_01_framedeco_02_ext","Assets/Fantastic City Pack/3d/Modular/Window/MOD_Window_03_02_01_framedeco_02_ext.fbx"
True,0,0,1,False,False,164,1,680,2,471,0,324,False,"MOD_Window_03_02_01_framedeco_03","Assets/Fantastic City Pack/3d/Modular/Window/MOD_Window_03_02_01_framedeco_03.fbx"
True,0,0,1,False,False,36,0,569,1,699,0,111,False,"MOD_Window_03_02_02","Assets/Fantastic City Pack/3d/Modular/Window/MOD_Window_03_02_02.fbx"
True,0,0,1,False,False,72,0,871,1,996,0,324,False,"MOD_Window_03_02_02_framedeco_01","Assets/Fantastic City Pack/3d/Modular/Window/MOD_Window_03_02_02_framedeco_01.fbx"
True,0,0,1,False,False,170,0,996,2,509,0,359,False,"MOD_Window_03_02_02_framedeco_02","Assets/Fantastic City Pack/3d/Modular/Window/MOD_Window_03_02_02_framedeco_02.fbx"
True,0,0,1,False,False,164,1,283,2,296,0,324,False,"MOD_Window_03_02_02_framedeco_03","Assets/Fantastic City Pack/3d/Modular/Window/MOD_Window_03_02_02_framedeco_03.fbx"
True,0,0,1,False,False,116,1,200,1,200,0,134,False,"MOD_Window_03_03","Assets/Fantastic City Pack/3d/Modular/Window/MOD_Window_03_03.fbx"
True,0,0,1,False,False,160,1,560,1,413,0,234,False,"MOD_Window_03_03_01_framedeco_01","Assets/Fantastic City Pack/3d/Modular/Window/MOD_Window_03_03_01_framedeco_01.fbx"
True,0,0,1,False,False,28,1,560,1,560,0,253,False,"MOD_Window_03_03_01_framedeco_01_Collision","Assets/Fantastic City Pack/3d/Modular/Collision/MOD_Window_03_03_01_framedeco_01_Collision.fbx"
True,0,0,1,False,False,260,1,798,1,550,0,408,False,"MOD_Window_03_03_01_framedeco_02","Assets/Fantastic City Pack/3d/Modular/Window/MOD_Window_03_03_01_framedeco_02.fbx"
True,0,0,1,False,False,28,1,886,1,618,0,430,False,"MOD_Window_03_03_01_framedeco_02_Collision","Assets/Fantastic City Pack/3d/Modular/Collision/MOD_Window_03_03_01_framedeco_02_Collision.fbx"
True,0,0,1,False,False,32,1,350,1,350,2,200,False,"MOD_Window_03_03_01_framedeco_02_ext","Assets/Fantastic City Pack/3d/Modular/Window/MOD_Window_03_03_01_framedeco_02_ext.fbx"
True,0,0,1,False,False,78,1,082,0,733,0,177,False,"MOD_Window_03_04","Assets/Fantastic City Pack/3d/Modular/Window/MOD_Window_03_04.fbx"
True,0,0,1,False,False,110,1,452,0,894,0,267,False,"MOD_Window_03_04_framedeco_01","Assets/Fantastic City Pack/3d/Modular/Window/MOD_Window_03_04_framedeco_01.fbx"
True,0,0,1,False,False,152,1,555,1,026,0,333,False,"MOD_Window_03_04_framedeco_02","Assets/Fantastic City Pack/3d/Modular/Window/MOD_Window_03_04_framedeco_02.fbx"
True,0,0,1,False,False,144,1,697,0,930,0,271,False,"MOD_Window_03_04_framedeco_03","Assets/Fantastic City Pack/3d/Modular/Window/MOD_Window_03_04_framedeco_03.fbx"
True,0,0,1,False,False,138,1,301,2,536,0,161,False,"MOD_Window_03_05","Assets/Fantastic City Pack/3d/Modular/Window/MOD_Window_03_05.fbx"
True,0,0,1,False,False,110,1,609,2,696,0,267,False,"MOD_Window_03_05_framedeco_01","Assets/Fantastic City Pack/3d/Modular/Window/MOD_Window_03_05_framedeco_01.fbx"
True,0,0,1,False,False,152,1,714,2,830,0,333,False,"MOD_Window_03_05_framedeco_02","Assets/Fantastic City Pack/3d/Modular/Window/MOD_Window_03_05_framedeco_02.fbx"
True,0,0,1,False,False,198,1,996,2,729,0,271,False,"MOD_Window_03_05_framedeco_03","Assets/Fantastic City Pack/3d/Modular/Window/MOD_Window_03_05_framedeco_03.fbx"
True,0,0,1,False,False,92,3,923,4,000,0,228,False,"MOD_Window_03_06","Assets/Fantastic City Pack/3d/Modular/Window/MOD_Window_03_06.fbx"
True,0,0,1,False,False,80,4,000,4,000,0,400,False,"MOD_Window_03_06_framedeco_01","Assets/Fantastic City Pack/3d/Modular/Window/MOD_Window_03_06_framedeco_01.fbx"
True,0,0,1,False,False,134,4,000,4,000,0,512,False,"MOD_Window_03_06_framedeco_02","Assets/Fantastic City Pack/3d/Modular/Window/MOD_Window_03_06_framedeco_02.fbx"
True,0,0,1,False,False,396,1,219,2,135,0,730,False,"MOD_WindowBar_03_01","Assets/Fantastic City Pack/3d/Modular/Deco/MOD_WindowBar_03_01.fbx"
True,0,0,1,False,False,0,0,000,0,000,0,000,False,"msVFX_Stylized Smoke 1","Assets/msVFX_Free Smoke Effects Pack/Prefabs/msVFX_Stylized Smoke 1.prefab"
True,0,0,1,False,False,0,0,000,0,000,0,000,False,"msVFX_Stylized Smoke 2","Assets/msVFX_Free Smoke Effects Pack/Prefabs/msVFX_Stylized Smoke 2.prefab"
True,0,0,1,False,False,0,0,000,0,000,0,000,False,"msVFX_Stylized Smoke 3","Assets/msVFX_Free Smoke Effects Pack/Prefabs/msVFX_Stylized Smoke 3.prefab"
True,0,0,1,False,False,0,0,000,0,000,0,000,False,"msVFX_Stylized Smoke 4","Assets/msVFX_Free Smoke Effects Pack/Prefabs/msVFX_Stylized Smoke 4.prefab"
True,0,0,1,False,False,0,0,000,0,000,0,000,False,"Ocean Tool","Assets/Polyart/PolyartStudio/SharedResources/Prefabs/Tools/Ocean Tool.prefab"
True,0,0,6,False,False,553,3,162,6,561,5,207,False,"P_BLD_balcony_v01_01","Assets/Fantastic Village Pack/prefabs/buildings_modules/P_BLD_balcony_v01_01.prefab"
True,0,0,6,False,False,619,5,349,7,985,4,823,False,"P_BLD_balcony_v02_01","Assets/Fantastic Village Pack/prefabs/buildings_modules/P_BLD_balcony_v02_01.prefab"
True,0,0,1,False,False,416,6,469,1,095,6,429,False,"P_BLD_base_v01_01","Assets/Fantastic Village Pack/prefabs/buildings_modules/P_BLD_base_v01_01.prefab"
True,0,0,1,False,False,294,6,201,0,634,6,221,False,"P_BLD_base_v02_01","Assets/Fantastic Village Pack/prefabs/buildings_modules/P_BLD_base_v02_01.prefab"
True,0,0,1,False,False,60,6,000,0,412,6,097,False,"P_BLD_base_v03_01","Assets/Fantastic Village Pack/prefabs/buildings_modules/P_BLD_base_v03_01.prefab"
True,0,0,2,False,False,848,6,527,2,346,6,657,False,"P_BLD_base_v04_01","Assets/Fantastic Village Pack/prefabs/buildings_modules/P_BLD_base_v04_01.prefab"
True,0,0,2,False,False,584,6,207,2,346,6,201,False,"P_BLD_base_v04_02","Assets/Fantastic Village Pack/prefabs/buildings_modules/P_BLD_base_v04_02.prefab"
True,0,0,2,False,False,584,6,221,2,346,6,201,False,"P_BLD_base_v05_01","Assets/Fantastic Village Pack/prefabs/buildings_modules/P_BLD_base_v05_01.prefab"
True,0,0,2,False,False,168,1,638,1,966,8,643,False,"P_BLD_beam_big_v01_01","Assets/Fantastic Village Pack/prefabs/buildings_modules/P_BLD_beam_big_v01_01.prefab"
True,0,0,2,False,False,224,1,789,1,978,8,643,False,"P_BLD_beam_big_v01_v2","Assets/Fantastic Village Pack/prefabs/buildings_modules/P_BLD_beam_big_v01_v2.prefab"
True,0,0,3,False,False,216,1,456,1,872,8,643,False,"P_BLD_beam_big_v02_01","Assets/Fantastic Village Pack/prefabs/buildings_modules/P_BLD_beam_big_v02_01.prefab"
True,0,0,3,False,False,246,1,565,1,923,8,643,False,"P_BLD_beam_big_v02_02","Assets/Fantastic Village Pack/prefabs/buildings_modules/P_BLD_beam_big_v02_02.prefab"
True,0,0,3,False,False,116,1,634,1,700,8,246,False,"P_BLD_beam_big_v03_01","Assets/Fantastic Village Pack/prefabs/buildings_modules/P_BLD_beam_big_v03_01.prefab"
True,0,0,3,False,False,148,1,634,1,699,8,244,False,"P_BLD_beam_big_v03_02","Assets/Fantastic Village Pack/prefabs/buildings_modules/P_BLD_beam_big_v03_02.prefab"
True,0,0,3,False,False,180,1,634,1,699,8,244,False,"P_BLD_beam_big_v03_03","Assets/Fantastic Village Pack/prefabs/buildings_modules/P_BLD_beam_big_v03_03.prefab"
True,0,0,2,False,False,126,0,582,1,045,2,873,False,"P_BLD_beam_small_v01_01","Assets/Fantastic Village Pack/prefabs/buildings_modules/P_BLD_beam_small_v01_01.prefab"
True,0,0,2,False,False,166,0,582,1,045,2,873,False,"P_BLD_beam_small_v01_02","Assets/Fantastic Village Pack/prefabs/buildings_modules/P_BLD_beam_small_v01_02.prefab"
True,0,0,2,False,False,66,0,662,0,699,3,156,False,"P_BLD_beam_small_v02_01","Assets/Fantastic Village Pack/prefabs/buildings_modules/P_BLD_beam_small_v02_01.prefab"
True,0,0,3,False,False,66,0,662,0,699,3,156,False,"P_BLD_beam_small_v02_02","Assets/Fantastic Village Pack/prefabs/buildings_modules/P_BLD_beam_small_v02_02.prefab"
True,0,0,2,False,False,66,0,661,0,684,3,017,False,"P_BLD_beam_small_v03_01","Assets/Fantastic Village Pack/prefabs/buildings_modules/P_BLD_beam_small_v03_01.prefab"
True,0,0,3,False,False,66,0,661,0,684,3,017,False,"P_BLD_beam_small_v03_02","Assets/Fantastic Village Pack/prefabs/buildings_modules/P_BLD_beam_small_v03_02.prefab"
True,0,0,2,False,False,106,0,916,0,937,3,009,False,"P_BLD_beam_small_v04_01","Assets/Fantastic Village Pack/prefabs/buildings_modules/P_BLD_beam_small_v04_01.prefab"
True,0,0,3,False,False,106,0,916,0,937,3,009,False,"P_BLD_beam_small_v04_02","Assets/Fantastic Village Pack/prefabs/buildings_modules/P_BLD_beam_small_v04_02.prefab"
True,0,0,2,False,False,66,0,751,0,910,3,009,False,"P_BLD_beam_small_v05_01","Assets/Fantastic Village Pack/prefabs/buildings_modules/P_BLD_beam_small_v05_01.prefab"
True,0,0,3,False,False,66,0,751,0,910,3,009,False,"P_BLD_beam_small_v05_02","Assets/Fantastic Village Pack/prefabs/buildings_modules/P_BLD_beam_small_v05_02.prefab"
True,0,0,2,False,False,50,0,890,0,957,3,397,False,"P_BLD_beam_small_v06_01","Assets/Fantastic Village Pack/prefabs/buildings_modules/P_BLD_beam_small_v06_01.prefab"
True,0,0,3,False,False,50,0,890,0,957,3,397,False,"P_BLD_beam_small_v06_02","Assets/Fantastic Village Pack/prefabs/buildings_modules/P_BLD_beam_small_v06_02.prefab"
True,0,0,3,False,False,66,0,858,0,956,3,395,False,"P_BLD_beam_small_v06_03","Assets/Fantastic Village Pack/prefabs/buildings_modules/P_BLD_beam_small_v06_03.prefab"
True,0,0,1,False,False,42,0,495,0,655,3,025,False,"P_BLD_beam_small_v07_01","Assets/Fantastic Village Pack/prefabs/buildings_modules/P_BLD_beam_small_v07_01.prefab"
True,0,0,3,False,False,222,3,796,4,674,1,725,False,"P_BLD_body_add_v01_01","Assets/Fantastic Village Pack/prefabs/buildings_modules/P_BLD_body_add_v01_01.prefab"
True,0,0,3,False,False,253,5,349,8,978,4,599,False,"P_BLD_body_add_v02_01","Assets/Fantastic Village Pack/prefabs/buildings_modules/P_BLD_body_add_v02_01.prefab"
True,0,0,4,False,False,410,7,342,10,784,6,470,False,"P_BLD_body_add_v03_01","Assets/Fantastic Village Pack/prefabs/buildings_modules/P_BLD_body_add_v03_01.prefab"
True,0,0,1,False,False,492,4,653,4,210,4,088,False,"P_BLD_body_add_v04_01","Assets/Fantastic Village Pack/prefabs/buildings_modules/P_BLD_body_add_v04_01.prefab"
True,0,0,4,False,False,1708,8,212,14,285,7,111,False,"P_BLD_body_v01_01","Assets/Fantastic Village Pack/prefabs/buildings_modules/P_BLD_body_v01_01.prefab"
True,0,0,3,False,False,1708,8,212,14,285,7,111,False,"P_BLD_body_v01_02","Assets/Fantastic Village Pack/prefabs/buildings_modules/P_BLD_body_v01_02.prefab"
True,0,0,6,False,False,1128,7,908,8,470,7,883,False,"P_BLD_body_v02_01","Assets/Fantastic Village Pack/prefabs/buildings_modules/P_BLD_body_v02_01.prefab"
True,0,0,6,False,False,1128,7,908,8,470,7,883,False,"P_BLD_body_v02_02","Assets/Fantastic Village Pack/prefabs/buildings_modules/P_BLD_body_v02_02.prefab"
True,0,0,4,False,False,912,7,225,8,364,6,897,False,"P_BLD_body_v03_01","Assets/Fantastic Village Pack/prefabs/buildings_modules/P_BLD_body_v03_01.prefab"
True,0,0,4,False,False,912,7,225,8,364,6,897,False,"P_BLD_body_v03_02","Assets/Fantastic Village Pack/prefabs/buildings_modules/P_BLD_body_v03_02.prefab"
True,0,0,4,False,False,1644,7,586,10,784,12,875,False,"P_BLD_body_v04_01","Assets/Fantastic Village Pack/prefabs/buildings_modules/P_BLD_body_v04_01.prefab"
True,0,0,3,False,False,1644,7,586,10,784,12,875,False,"P_BLD_body_v04_02","Assets/Fantastic Village Pack/prefabs/buildings_modules/P_BLD_body_v04_02.prefab"
True,0,0,4,False,False,2242,10,237,10,784,12,875,False,"P_BLD_body_v05_01","Assets/Fantastic Village Pack/prefabs/buildings_modules/P_BLD_body_v05_01.prefab"
True,0,0,3,False,False,2242,10,237,10,784,12,875,False,"P_BLD_body_v05_02","Assets/Fantastic Village Pack/prefabs/buildings_modules/P_BLD_body_v05_02.prefab"
True,0,0,4,False,False,1780,10,237,10,784,10,214,False,"P_BLD_body_v06_01","Assets/Fantastic Village Pack/prefabs/buildings_modules/P_BLD_body_v06_01.prefab"
True,0,0,3,False,False,1780,10,237,10,784,10,214,False,"P_BLD_body_v06_02","Assets/Fantastic Village Pack/prefabs/buildings_modules/P_BLD_body_v06_02.prefab"
True,0,0,4,False,False,2548,12,875,10,784,12,875,False,"P_BLD_body_v07_01","Assets/Fantastic Village Pack/prefabs/buildings_modules/P_BLD_body_v07_01.prefab"
True,0,0,3,False,False,2548,12,875,10,784,12,875,False,"P_BLD_body_v07_02","Assets/Fantastic Village Pack/prefabs/buildings_modules/P_BLD_body_v07_02.prefab"
True,0,0,1,False,False,58,1,424,5,699,1,424,False,"P_BLD_chimney_v01_01","Assets/Fantastic Village Pack/prefabs/buildings_modules/P_BLD_chimney_v01_01.prefab"
True,0,0,1,False,False,114,1,424,5,699,1,424,False,"P_BLD_chimney_v01_02","Assets/Fantastic Village Pack/prefabs/buildings_modules/P_BLD_chimney_v01_02.prefab"
True,0,0,2,False,False,152,1,444,7,385,1,481,False,"P_BLD_chimney_v01_03","Assets/Fantastic Village Pack/prefabs/buildings_modules/P_BLD_chimney_v01_03.prefab"
True,0,0,1,False,False,58,1,358,10,313,1,381,False,"P_BLD_chimney_v02_01","Assets/Fantastic Village Pack/prefabs/buildings_modules/P_BLD_chimney_v02_01.prefab"
True,0,0,1,False,False,118,1,358,10,313,1,381,False,"P_BLD_chimney_v02_02","Assets/Fantastic Village Pack/prefabs/buildings_modules/P_BLD_chimney_v02_02.prefab"
True,0,0,2,False,False,156,1,444,12,046,1,444,False,"P_BLD_chimney_v02_03","Assets/Fantastic Village Pack/prefabs/buildings_modules/P_BLD_chimney_v02_03.prefab"
True,0,0,5,False,False,255,3,206,3,191,2,010,False,"P_BLD_door_v01_01","Assets/Fantastic Village Pack/prefabs/buildings_modules/P_BLD_door_v01_01.prefab"
True,0,0,5,False,False,310,2,450,3,286,1,939,False,"P_BLD_door_v02_01","Assets/Fantastic Village Pack/prefabs/buildings_modules/P_BLD_door_v02_01.prefab"
True,0,0,4,False,False,218,1,954,2,904,1,772,False,"P_BLD_door_v03_01","Assets/Fantastic Village Pack/prefabs/buildings_modules/P_BLD_door_v03_01.prefab"
True,0,0,3,False,False,176,2,210,2,845,0,708,False,"P_BLD_door_v04_01","Assets/Fantastic Village Pack/prefabs/buildings_modules/P_BLD_door_v04_01.prefab"
True,0,0,40,False,False,3576,8,212,18,469,8,643,False,"P_BLD_house_01","Assets/Fantastic Village Pack/prefabs/buildings/P_BLD_house_01.prefab"
True,0,0,38,False,False,2834,7,908,9,930,8,643,False,"P_BLD_house_02","Assets/Fantastic Village Pack/prefabs/buildings/P_BLD_house_02.prefab"
True,0,0,56,False,False,5366,9,692,15,176,13,458,False,"P_BLD_house_03","Assets/Fantastic Village Pack/prefabs/buildings/P_BLD_house_03.prefab"
True,0,0,83,False,False,8381,11,445,12,103,17,514,False,"P_BLD_house_04","Assets/Fantastic Village Pack/prefabs/buildings/P_BLD_house_04.prefab"
True,0,0,91,False,False,8418,17,352,12,629,11,649,False,"P_BLD_house_05","Assets/Fantastic Village Pack/prefabs/buildings/P_BLD_house_05.prefab"
True,0,0,52,False,False,3962,7,225,11,704,9,125,False,"P_BLD_house_06","Assets/Fantastic Village Pack/prefabs/buildings/P_BLD_house_06.prefab"
True,0,0,70,False,False,9104,14,119,14,553,18,906,False,"P_BLD_house_07","Assets/Fantastic Village Pack/prefabs/buildings/P_BLD_house_07.prefab"
True,0,0,76,False,False,8529,11,473,14,103,16,276,False,"P_BLD_house_08","Assets/Fantastic Village Pack/prefabs/buildings/P_BLD_house_08.prefab"
True,0,0,43,False,False,4612,8,689,10,384,8,244,False,"P_BLD_house_09","Assets/Fantastic Village Pack/prefabs/buildings/P_BLD_house_09.prefab"
True,0,0,45,False,False,2526,7,361,10,475,7,441,False,"P_BLD_house_10","Assets/Fantastic Village Pack/prefabs/buildings/P_BLD_house_10.prefab"
True,0,0,101,False,False,7695,15,809,14,989,15,097,False,"P_BLD_house_11","Assets/Fantastic Village Pack/prefabs/buildings/P_BLD_house_11.prefab"
True,0,0,68,False,False,9675,13,015,14,688,13,039,False,"P_BLD_house_12","Assets/Fantastic Village Pack/prefabs/buildings/P_BLD_house_12.prefab"
True,0,0,52,False,False,5026,10,843,12,784,9,125,False,"P_BLD_house_13","Assets/Fantastic Village Pack/prefabs/buildings/P_BLD_house_13.prefab"
True,0,0,44,False,False,4241,17,067,20,684,9,622,False,"P_BLD_house_14","Assets/Fantastic Village Pack/prefabs/buildings/P_BLD_house_14.prefab"
True,0,0,2,False,False,246,2,405,2,061,3,398,False,"P_BLD_stairs_v01_01","Assets/Fantastic Village Pack/prefabs/buildings_modules/P_BLD_stairs_v01_01.prefab"
True,0,0,3,False,False,402,3,147,5,866,5,080,False,"P_BLD_stairs_v02_01","Assets/Fantastic Village Pack/prefabs/buildings_modules/P_BLD_stairs_v02_01.prefab"
True,0,0,3,False,False,402,3,147,5,866,5,080,False,"P_BLD_stairs_v02_02","Assets/Fantastic Village Pack/prefabs/buildings_modules/P_BLD_stairs_v02_02.prefab"
True,0,0,1,False,False,302,3,077,3,225,5,080,False,"P_BLD_stairs_v03_v1","Assets/Fantastic Village Pack/prefabs/buildings_modules/P_BLD_stairs_v03_v1.prefab"
True,0,0,1,False,False,302,3,077,3,225,5,080,False,"P_BLD_stairs_v03_v2","Assets/Fantastic Village Pack/prefabs/buildings_modules/P_BLD_stairs_v03_v2.prefab"
True,0,0,1,False,False,300,3,123,3,256,5,080,False,"P_BLD_stairs_v04_v1","Assets/Fantastic Village Pack/prefabs/buildings_modules/P_BLD_stairs_v04_v1.prefab"
True,0,0,1,False,False,300,3,123,3,256,5,080,False,"P_BLD_stairs_v04_v2","Assets/Fantastic Village Pack/prefabs/buildings_modules/P_BLD_stairs_v04_v2.prefab"
True,0,0,6,False,False,1514,6,237,7,357,5,773,False,"P_BLD_waterwheel","Assets/Fantastic Village Pack/prefabs/buildings_modules/P_BLD_waterwheel.prefab"
True,0,0,5,False,False,788,17,067,17,067,3,480,False,"P_BLD_windmill_sail","Assets/Fantastic Village Pack/prefabs/buildings_modules/P_BLD_windmill_sail.prefab"
True,0,0,5,False,False,304,2,391,3,324,2,021,False,"P_BLD_window_v01_01","Assets/Fantastic Village Pack/prefabs/buildings_modules/P_BLD_window_v01_01.prefab"
True,0,0,5,False,False,253,2,147,2,832,2,215,False,"P_BLD_window_v02_01","Assets/Fantastic Village Pack/prefabs/buildings_modules/P_BLD_window_v02_01.prefab"
True,0,0,5,False,False,311,3,115,3,736,3,535,False,"P_BLD_window_v03_01","Assets/Fantastic Village Pack/prefabs/buildings_modules/P_BLD_window_v03_01.prefab"
True,0,0,5,False,False,513,4,284,3,823,3,833,False,"P_BLD_window_v04_01","Assets/Fantastic Village Pack/prefabs/buildings_modules/P_BLD_window_v04_01.prefab"
True,0,0,5,False,False,277,4,551,3,779,3,692,False,"P_BLD_window_v05_01","Assets/Fantastic Village Pack/prefabs/buildings_modules/P_BLD_window_v05_01.prefab"
True,0,0,3,False,False,52,1,214,1,300,0,518,False,"P_BLD_window_v06_01","Assets/Fantastic Village Pack/prefabs/buildings_modules/P_BLD_window_v06_01.prefab"
True,0,0,2,False,False,52,1,214,1,300,0,518,False,"P_BLD_window_v06_02","Assets/Fantastic Village Pack/prefabs/buildings_modules/P_BLD_window_v06_02.prefab"
True,0,0,3,False,False,66,1,224,1,187,0,412,False,"P_BLD_window_v07_01","Assets/Fantastic Village Pack/prefabs/buildings_modules/P_BLD_window_v07_01.prefab"
True,0,0,2,False,False,66,1,224,1,187,0,412,False,"P_BLD_window_v07_02","Assets/Fantastic Village Pack/prefabs/buildings_modules/P_BLD_window_v07_02.prefab"
True,0,0,2,False,False,94,1,128,0,866,0,522,False,"P_BLD_window_v08_01","Assets/Fantastic Village Pack/prefabs/buildings_modules/P_BLD_window_v08_01.prefab"
True,0,0,3,False,False,94,1,128,0,866,0,522,False,"P_BLD_window_v08_02","Assets/Fantastic Village Pack/prefabs/buildings_modules/P_BLD_window_v08_02.prefab"
True,0,0,2,False,False,70,0,788,0,866,0,404,False,"P_BLD_window_v08_03","Assets/Fantastic Village Pack/prefabs/buildings_modules/P_BLD_window_v08_03.prefab"
True,0,0,3,False,False,70,0,788,0,866,0,404,False,"P_BLD_window_v08_04","Assets/Fantastic Village Pack/prefabs/buildings_modules/P_BLD_window_v08_04.prefab"
True,0,0,3,False,False,79,1,250,0,970,0,624,False,"P_BLD_window_v09_01","Assets/Fantastic Village Pack/prefabs/buildings_modules/P_BLD_window_v09_01.prefab"
True,0,0,3,False,False,89,1,539,1,219,0,741,False,"P_BLD_window_v09_02","Assets/Fantastic Village Pack/prefabs/buildings_modules/P_BLD_window_v09_02.prefab"
True,0,0,3,False,False,79,1,250,0,970,0,301,False,"P_BLD_window_v09_03","Assets/Fantastic Village Pack/prefabs/buildings_modules/P_BLD_window_v09_03.prefab"
True,0,0,3,False,False,89,1,539,1,219,0,426,False,"P_BLD_window_v09_04","Assets/Fantastic Village Pack/prefabs/buildings_modules/P_BLD_window_v09_04.prefab"
True,0,0,1,False,False,0,0,000,0,000,0,000,False,"P_Butterflies_Blue","Assets/Polyart/PolyartStudio/SharedResources/Effects/P_Butterflies_Blue.prefab"
True,0,0,1,False,False,0,0,000,0,000,0,000,False,"P_Butterflies_Red","Assets/Polyart/PolyartStudio/SharedResources/Effects/P_Butterflies_Red.prefab"
True,0,0,2,False,False,0,0,000,0,000,0,000,False,"P_CandleFlame","Assets/Polyart/PolyartStudio/SharedResources/Effects/P_CandleFlame.prefab"
True,0,0,1,False,False,0,0,000,0,000,0,000,False,"P_Crows_Orbit","Assets/Polyart/PolyartStudio/SharedResources/Effects/P_Crows_Orbit.prefab"
True,0,0,1,False,False,0,0,000,0,000,0,000,False,"P_Crows_Random","Assets/Polyart/PolyartStudio/SharedResources/Effects/P_Crows_Random.prefab"
True,0,0,1,False,False,0,0,000,0,000,0,000,False,"P_Dust_Gray","Assets/Polyart/PolyartStudio/SharedResources/Effects/P_Dust_Gray.prefab"
True,0,0,1,False,False,0,0,000,0,000,0,000,False,"P_Dust_Gray_Wind","Assets/Polyart/PolyartStudio/SharedResources/Effects/P_Dust_Gray_Wind.prefab"
True,0,0,1,False,False,0,0,000,0,000,0,000,False,"P_Dust_Green","Assets/Polyart/PolyartStudio/SharedResources/Effects/P_Dust_Green.prefab"
True,0,0,1,False,False,0,0,000,0,000,0,000,False,"P_Dust_Red","Assets/Polyart/PolyartStudio/SharedResources/Effects/P_Dust_Red.prefab"
True,0,0,1,False,False,0,0,000,0,000,0,000,False,"P_Dust_Wind","Assets/Polyart/PolyartStudio/SharedResources/Effects/P_Dust_Wind.prefab"
True,0,0,3,True,False,282,1,850,1,568,1,930,False,"P_ENV_bush_city_01","Assets/Fantastic City Pack/Prefabs/Props/Environment/P_ENV_bush_city_01.prefab"
True,0,0,3,True,False,536,3,604,2,699,3,407,False,"P_ENV_bush_city_02","Assets/Fantastic City Pack/Prefabs/Props/Environment/P_ENV_bush_city_02.prefab"
True,0,0,3,True,False,226,0,345,0,449,0,436,False,"P_ENV_flower_city_01","Assets/Fantastic City Pack/Prefabs/Props/Environment/P_ENV_flower_city_01.prefab"
True,0,0,3,True,False,220,0,501,0,570,0,449,False,"P_ENV_flower_city_02","Assets/Fantastic City Pack/Prefabs/Props/Environment/P_ENV_flower_city_02.prefab"
True,0,0,3,True,False,389,1,094,0,867,1,048,False,"P_ENV_flower_city_03","Assets/Fantastic City Pack/Prefabs/Props/Environment/P_ENV_flower_city_03.prefab"
True,0,0,1,True,False,10,0,514,0,496,0,512,False,"P_ENV_grass_city_01","Assets/Fantastic City Pack/Prefabs/Props/Environment/P_ENV_grass_city_01.prefab"
True,0,0,1,False,False,40,1,617,3,668,0,461,False,"P_ENV_ivy_city_01","Assets/Fantastic City Pack/Prefabs/Props/Environment/P_ENV_ivy_city_01.prefab"
True,0,0,1,False,False,40,3,055,2,490,0,577,False,"P_ENV_ivy_city_02","Assets/Fantastic City Pack/Prefabs/Props/Environment/P_ENV_ivy_city_02.prefab"
True,0,0,1,False,False,158,59,898,50,546,137,149,False,"P_ENV_mountain_city_01","Assets/Fantastic City Pack/Prefabs/Props/Environment/P_ENV_mountain_city_01.prefab"
True,0,0,2,True,False,12,0,576,0,507,0,495,False,"P_ENV_PLANT_grass_village","Assets/Fantastic Village Pack/prefabs/environment/P_ENV_PLANT_grass_village.prefab"
True,0,0,2,True,False,192,2,041,0,790,2,122,False,"P_ENV_PLANT_leaf_village","Assets/Fantastic Village Pack/prefabs/environment/P_ENV_PLANT_leaf_village.prefab"
True,0,0,6,True,False,3604,5,873,9,721,5,220,False,"P_ENV_tree_city_01","Assets/Fantastic City Pack/Prefabs/Props/Environment/P_ENV_tree_city_01.prefab"
True,0,0,3,True,False,592,1,769,2,767,1,704,False,"P_ENV_tree_city_03","Assets/Fantastic City Pack/Prefabs/Props/Environment/P_ENV_tree_city_03.prefab"
True,0,0,6,True,False,523,4,715,5,962,4,715,False,"P_ENV_TREE_village","Assets/Fantastic Village Pack/prefabs/environment/P_ENV_TREE_village.prefab"
True,0,0,1,False,False,0,0,000,0,000,0,000,False,"P_FallingLeaves_Tower","Assets/Polyart/PolyartStudio/SharedResources/Effects/P_FallingLeaves_Tower.prefab"
True,0,0,1,False,False,0,0,000,0,000,0,000,False,"P_FallingLeaves_Tower_Red","Assets/Polyart/PolyartStudio/SharedResources/Effects/P_FallingLeaves_Tower_Red.prefab"
True,0,0,2,False,False,0,0,000,0,000,0,000,False,"P_Fire","Assets/Polyart/PolyartStudio/SharedResources/Effects/P_Fire.prefab"
True,0,0,1,False,False,2,0,000,5,000,10,000,False,"P_FogCard_01","Assets/Polyart/PolyartStudio/SharedResources/Effects/P_FogCard_01.prefab"
True,0,0,1,False,False,2,0,000,5,000,10,000,False,"P_FogCard_02","Assets/Polyart/PolyartStudio/SharedResources/Effects/P_FogCard_02.prefab"
True,0,0,1,False,False,0,0,000,0,000,0,000,False,"P_FX_fire","Assets/Fantastic Village Pack/prefabs/FX/P_FX_fire.prefab"
True,0,0,1,False,False,0,0,000,0,000,0,000,False,"P_FX_fire_v1_blue_city","Assets/Fantastic City Pack/Prefabs/FX/P_FX_fire_v1_blue_city.prefab"
True,0,0,1,False,False,0,0,000,0,000,0,000,False,"P_FX_fire_v1_red_city","Assets/Fantastic City Pack/Prefabs/FX/P_FX_fire_v1_red_city.prefab"
True,0,0,1,False,False,0,0,000,0,000,0,000,False,"P_FX_fire_v2_city","Assets/Fantastic City Pack/Prefabs/FX/P_FX_fire_v2_city.prefab"
True,0,0,1,False,False,0,0,000,0,000,0,000,False,"P_FX_fire_v3_city","Assets/Fantastic City Pack/Prefabs/FX/P_FX_fire_v3_city.prefab"
True,0,0,1,False,False,200,1,239,0,000,3,795,False,"P_FX_godray_city","Assets/Fantastic City Pack/Prefabs/FX/P_FX_godray_city.prefab"
True,0,0,1,False,False,0,0,000,0,000,0,000,False,"P_FX_particles_v1_city","Assets/Fantastic City Pack/Prefabs/FX/P_FX_particles_v1_city.prefab"
True,0,0,1,False,False,0,0,000,0,000,0,000,False,"P_FX_particles_v2_city","Assets/Fantastic City Pack/Prefabs/FX/P_FX_particles_v2_city.prefab"
True,0,0,1,False,False,0,0,000,0,000,0,000,False,"P_FX_smoke_city","Assets/Fantastic City Pack/Prefabs/FX/P_FX_smoke_city.prefab"
True,0,0,1,False,False,0,0,000,0,000,0,000,False,"P_FX_steam_big_FVP","Assets/Fantastic Village Pack/prefabs/FX/P_FX_steam_big_FVP.prefab"
True,0,0,1,False,False,0,0,000,0,000,0,000,False,"P_FX_steam_city","Assets/Fantastic City Pack/Prefabs/FX/P_FX_steam_city.prefab"
True,0,0,1,False,False,0,0,000,0,000,0,000,False,"P_FX_steam_small_FVP","Assets/Fantastic Village Pack/prefabs/FX/P_FX_steam_small_FVP.prefab"
True,0,0,1,False,False,200,10,000,0,000,10,000,False,"P_FX_water_city_01","Assets/Fantastic City Pack/Prefabs/FX/P_FX_water_city_01.prefab"
True,0,0,1,False,False,200,25,847,0,000,25,847,False,"P_FX_water_FVP","Assets/Fantastic Village Pack/prefabs/FX/P_FX_water_FVP.prefab"
True,0,0,1,False,False,0,0,000,0,000,0,000,False,"P_FX_wind_trail","Assets/Fantastic Village Pack/prefabs/FX/P_FX_wind_trail.prefab"
True,0,0,1,False,False,348,3,568,1,773,1,100,False,"P_MOD_Balcony_03_01_01","Assets/Fantastic City Pack/Prefabs/Modular/01_PARTS/Balcony/P_MOD_Balcony_03_01_01.prefab"
True,0,0,1,False,False,284,2,450,1,773,0,880,False,"P_MOD_Balcony_03_01_02","Assets/Fantastic City Pack/Prefabs/Modular/01_PARTS/Balcony/P_MOD_Balcony_03_01_02.prefab"
True,0,0,1,False,False,344,3,568,1,648,1,361,False,"P_MOD_Balcony_03_02_01","Assets/Fantastic City Pack/Prefabs/Modular/01_PARTS/Balcony/P_MOD_Balcony_03_02_01.prefab"
True,0,0,1,False,False,296,2,492,1,648,1,361,False,"P_MOD_Balcony_03_02_02","Assets/Fantastic City Pack/Prefabs/Modular/01_PARTS/Balcony/P_MOD_Balcony_03_02_02.prefab"
True,0,0,1,False,False,536,3,568,1,740,1,400,False,"P_MOD_Balcony_03_03_01","Assets/Fantastic City Pack/Prefabs/Modular/01_PARTS/Balcony/P_MOD_Balcony_03_03_01.prefab"
True,0,0,1,False,False,488,2,489,1,740,1,400,False,"P_MOD_Balcony_03_03_02","Assets/Fantastic City Pack/Prefabs/Modular/01_PARTS/Balcony/P_MOD_Balcony_03_03_02.prefab"
True,0,0,1,False,False,68,16,800,3,000,8,800,False,"P_MOD_Base_03_16x8_arch","Assets/Fantastic City Pack/Prefabs/Modular/01_PARTS/Base/P_MOD_Base_03_16x8_arch.prefab"
True,0,0,1,False,False,12,16,800,4,000,8,800,False,"P_MOD_Base_03_16x8_door_01","Assets/Fantastic City Pack/Prefabs/Modular/01_PARTS/Base/P_MOD_Base_03_16x8_door_01.prefab"
True,0,0,1,False,False,20,16,800,4,000,8,800,False,"P_MOD_Base_03_16x8_door_01_int","Assets/Fantastic City Pack/Prefabs/Modular/01_PARTS/Base/P_MOD_Base_03_16x8_door_01_int.prefab"
True,0,0,1,False,False,12,16,800,4,000,8,800,False,"P_MOD_Base_03_16x8_door_02","Assets/Fantastic City Pack/Prefabs/Modular/01_PARTS/Base/P_MOD_Base_03_16x8_door_02.prefab"
True,0,0,1,False,False,20,16,800,4,000,8,800,False,"P_MOD_Base_03_16x8_door_02_int","Assets/Fantastic City Pack/Prefabs/Modular/01_PARTS/Base/P_MOD_Base_03_16x8_door_02_int.prefab"
True,0,0,1,False,False,16,16,800,4,000,8,800,False,"P_MOD_Base_03_16x8_door_03","Assets/Fantastic City Pack/Prefabs/Modular/01_PARTS/Base/P_MOD_Base_03_16x8_door_03.prefab"
True,0,0,1,False,False,24,16,800,4,000,8,800,False,"P_MOD_Base_03_16x8_door_03_int","Assets/Fantastic City Pack/Prefabs/Modular/01_PARTS/Base/P_MOD_Base_03_16x8_door_03_int.prefab"
True,0,0,1,False,False,8,16,800,1,000,8,800,False,"P_MOD_Base_03_16x8_extension","Assets/Fantastic City Pack/Prefabs/Modular/01_PARTS/Base/P_MOD_Base_03_16x8_extension.prefab"
True,0,0,1,False,False,16,16,800,1,000,8,800,False,"P_MOD_Base_03_16x8_extension_int","Assets/Fantastic City Pack/Prefabs/Modular/01_PARTS/Base/P_MOD_Base_03_16x8_extension_int.prefab"
True,0,0,1,False,False,8,16,800,4,000,8,800,False,"P_MOD_Base_03_16x8_noDoor","Assets/Fantastic City Pack/Prefabs/Modular/01_PARTS/Base/P_MOD_Base_03_16x8_noDoor.prefab"
True,0,0,1,False,False,16,16,800,4,000,8,800,False,"P_MOD_Base_03_16x8_noDoor_int","Assets/Fantastic City Pack/Prefabs/Modular/01_PARTS/Base/P_MOD_Base_03_16x8_noDoor_int.prefab"
True,0,0,1,False,False,12,4,800,4,000,4,800,False,"P_MOD_Base_03_4x4_door","Assets/Fantastic City Pack/Prefabs/Modular/01_PARTS/Base/P_MOD_Base_03_4x4_door.prefab"
True,0,0,1,False,False,20,4,800,4,000,4,800,False,"P_MOD_Base_03_4x4_door_int","Assets/Fantastic City Pack/Prefabs/Modular/01_PARTS/Base/P_MOD_Base_03_4x4_door_int.prefab"
True,0,0,1,False,False,8,4,800,1,000,4,800,False,"P_MOD_Base_03_4x4_extension","Assets/Fantastic City Pack/Prefabs/Modular/01_PARTS/Base/P_MOD_Base_03_4x4_extension.prefab"
True,0,0,1,False,False,16,4,800,1,000,4,800,False,"P_MOD_Base_03_4x4_extension_int","Assets/Fantastic City Pack/Prefabs/Modular/01_PARTS/Base/P_MOD_Base_03_4x4_extension_int.prefab"
True,0,0,1,False,False,8,4,800,4,000,4,800,False,"P_MOD_Base_03_4x4_noDoor","Assets/Fantastic City Pack/Prefabs/Modular/01_PARTS/Base/P_MOD_Base_03_4x4_noDoor.prefab"
True,0,0,1,False,False,16,4,800,4,000,4,800,False,"P_MOD_Base_03_4x4_noDoor_int","Assets/Fantastic City Pack/Prefabs/Modular/01_PARTS/Base/P_MOD_Base_03_4x4_noDoor_int.prefab"
True,0,0,1,False,False,68,8,800,3,000,8,800,False,"P_MOD_Base_03_8x8_arch","Assets/Fantastic City Pack/Prefabs/Modular/01_PARTS/Base/P_MOD_Base_03_8x8_arch.prefab"
True,0,0,1,False,False,84,0,708,3,030,8,800,False,"P_MOD_Base_03_8x8_arch_trim","Assets/Fantastic City Pack/Prefabs/Modular/01_PARTS/Base/P_MOD_Base_03_8x8_arch_trim.prefab"
True,0,0,1,False,False,12,8,800,4,000,8,800,False,"P_MOD_Base_03_8x8_door_01","Assets/Fantastic City Pack/Prefabs/Modular/01_PARTS/Base/P_MOD_Base_03_8x8_door_01.prefab"
True,0,0,1,False,False,20,8,800,4,000,8,800,False,"P_MOD_Base_03_8x8_door_01_int","Assets/Fantastic City Pack/Prefabs/Modular/01_PARTS/Base/P_MOD_Base_03_8x8_door_01_int.prefab"
True,0,0,1,False,False,16,8,800,4,000,8,800,False,"P_MOD_Base_03_8x8_door_02","Assets/Fantastic City Pack/Prefabs/Modular/01_PARTS/Base/P_MOD_Base_03_8x8_door_02.prefab"
True,0,0,1,False,False,24,8,800,4,000,8,800,False,"P_MOD_Base_03_8x8_door_02_int","Assets/Fantastic City Pack/Prefabs/Modular/01_PARTS/Base/P_MOD_Base_03_8x8_door_02_int.prefab"
True,0,0,1,False,False,8,8,800,1,000,8,800,False,"P_MOD_Base_03_8x8_extension","Assets/Fantastic City Pack/Prefabs/Modular/01_PARTS/Base/P_MOD_Base_03_8x8_extension.prefab"
True,0,0,1,False,False,16,8,800,1,000,8,800,False,"P_MOD_Base_03_8x8_extension_int","Assets/Fantastic City Pack/Prefabs/Modular/01_PARTS/Base/P_MOD_Base_03_8x8_extension_int.prefab"
True,0,0,1,False,False,8,8,800,4,000,8,800,False,"P_MOD_Base_03_8x8_noDoor","Assets/Fantastic City Pack/Prefabs/Modular/01_PARTS/Base/P_MOD_Base_03_8x8_noDoor.prefab"
True,0,0,1,False,False,16,8,800,4,000,8,800,False,"P_MOD_Base_03_8x8_noDoor_int","Assets/Fantastic City Pack/Prefabs/Modular/01_PARTS/Base/P_MOD_Base_03_8x8_noDoor_int.prefab"
True,0,0,1,False,False,16,16,800,4,000,12,800,False,"P_MOD_Base_03_L_door_01","Assets/Fantastic City Pack/Prefabs/Modular/01_PARTS/Base/P_MOD_Base_03_L_door_01.prefab"
True,0,0,1,False,False,28,16,800,4,000,12,800,False,"P_MOD_Base_03_L_door_01_int","Assets/Fantastic City Pack/Prefabs/Modular/01_PARTS/Base/P_MOD_Base_03_L_door_01_int.prefab"
True,0,0,1,False,False,16,16,800,4,000,12,800,False,"P_MOD_Base_03_L_door_02","Assets/Fantastic City Pack/Prefabs/Modular/01_PARTS/Base/P_MOD_Base_03_L_door_02.prefab"
True,0,0,1,False,False,28,16,800,4,000,12,800,False,"P_MOD_Base_03_L_door_02_int","Assets/Fantastic City Pack/Prefabs/Modular/01_PARTS/Base/P_MOD_Base_03_L_door_02_int.prefab"
True,0,0,1,False,False,20,16,800,4,000,12,800,False,"P_MOD_Base_03_L_door_03","Assets/Fantastic City Pack/Prefabs/Modular/01_PARTS/Base/P_MOD_Base_03_L_door_03.prefab"
True,0,0,1,False,False,32,16,800,4,000,12,800,False,"P_MOD_Base_03_L_door_03_int","Assets/Fantastic City Pack/Prefabs/Modular/01_PARTS/Base/P_MOD_Base_03_L_door_03_int.prefab"
True,0,0,1,False,False,12,16,800,1,000,12,800,False,"P_MOD_Base_03_L_extension","Assets/Fantastic City Pack/Prefabs/Modular/01_PARTS/Base/P_MOD_Base_03_L_extension.prefab"
True,0,0,1,False,False,24,16,800,1,000,12,800,False,"P_MOD_Base_03_L_extension_int","Assets/Fantastic City Pack/Prefabs/Modular/01_PARTS/Base/P_MOD_Base_03_L_extension_int.prefab"
True,0,0,1,False,False,12,16,800,4,000,12,800,False,"P_MOD_Base_03_L_noDoor","Assets/Fantastic City Pack/Prefabs/Modular/01_PARTS/Base/P_MOD_Base_03_L_noDoor.prefab"
True,0,0,1,False,False,24,16,800,4,000,12,800,False,"P_MOD_Base_03_L_noDoor_int","Assets/Fantastic City Pack/Prefabs/Modular/01_PARTS/Base/P_MOD_Base_03_L_noDoor_int.prefab"
True,0,0,1,False,False,20,16,800,4,000,12,800,False,"P_MOD_Base_03_T_door_01","Assets/Fantastic City Pack/Prefabs/Modular/01_PARTS/Base/P_MOD_Base_03_T_door_01.prefab"
True,0,0,1,False,False,36,16,800,4,000,12,800,False,"P_MOD_Base_03_T_door_01_int","Assets/Fantastic City Pack/Prefabs/Modular/01_PARTS/Base/P_MOD_Base_03_T_door_01_int.prefab"
True,0,0,1,False,False,20,16,800,4,000,12,800,False,"P_MOD_Base_03_T_door_02","Assets/Fantastic City Pack/Prefabs/Modular/01_PARTS/Base/P_MOD_Base_03_T_door_02.prefab"
True,0,0,1,False,False,36,16,800,4,000,12,800,False,"P_MOD_Base_03_T_door_02_int","Assets/Fantastic City Pack/Prefabs/Modular/01_PARTS/Base/P_MOD_Base_03_T_door_02_int.prefab"
True,0,0,1,False,False,24,16,800,4,000,12,800,False,"P_MOD_Base_03_T_door_03","Assets/Fantastic City Pack/Prefabs/Modular/01_PARTS/Base/P_MOD_Base_03_T_door_03.prefab"
True,0,0,1,False,False,40,16,800,4,000,12,800,False,"P_MOD_Base_03_T_door_03_int","Assets/Fantastic City Pack/Prefabs/Modular/01_PARTS/Base/P_MOD_Base_03_T_door_03_int.prefab"
True,0,0,1,False,False,16,16,800,1,000,12,800,False,"P_MOD_Base_03_T_extension","Assets/Fantastic City Pack/Prefabs/Modular/01_PARTS/Base/P_MOD_Base_03_T_extension.prefab"
True,0,0,1,False,False,32,16,800,1,000,12,800,False,"P_MOD_Base_03_T_extension_int","Assets/Fantastic City Pack/Prefabs/Modular/01_PARTS/Base/P_MOD_Base_03_T_extension_int.prefab"
True,0,0,1,False,False,16,16,800,4,000,12,800,False,"P_MOD_Base_03_T_noDoor","Assets/Fantastic City Pack/Prefabs/Modular/01_PARTS/Base/P_MOD_Base_03_T_noDoor.prefab"
True,0,0,1,False,False,32,16,800,4,000,12,800,False,"P_MOD_Base_03_T_noDoor_int","Assets/Fantastic City Pack/Prefabs/Modular/01_PARTS/Base/P_MOD_Base_03_T_noDoor_int.prefab"
True,0,0,1,False,False,144,2,000,1,102,1,879,False,"P_MOD_BldExtensions_03_01","Assets/Fantastic City Pack/Prefabs/Modular/01_PARTS/Deco/P_MOD_BldExtensions_03_01.prefab"
True,0,0,1,False,False,212,4,000,1,102,1,879,False,"P_MOD_BldExtensions_03_02","Assets/Fantastic City Pack/Prefabs/Modular/01_PARTS/Deco/P_MOD_BldExtensions_03_02.prefab"
True,0,0,1,False,False,144,2,000,1,102,1,879,False,"P_MOD_BldExtensions_03_03","Assets/Fantastic City Pack/Prefabs/Modular/01_PARTS/Deco/P_MOD_BldExtensions_03_03.prefab"
True,0,0,1,False,False,212,4,000,1,102,1,879,False,"P_MOD_BldExtensions_03_04","Assets/Fantastic City Pack/Prefabs/Modular/01_PARTS/Deco/P_MOD_BldExtensions_03_04.prefab"
True,0,0,1,False,False,288,2,052,0,133,2,063,False,"P_MOD_BorderStone_03_circle","Assets/Fantastic City Pack/Prefabs/Modular/01_PARTS/Deco/P_MOD_BorderStone_03_circle.prefab"
True,0,0,1,False,False,148,4,175,0,354,4,169,False,"P_MOD_BorderStone_03_concave","Assets/Fantastic City Pack/Prefabs/Modular/01_PARTS/Deco/P_MOD_BorderStone_03_concave.prefab"
True,0,0,1,False,False,94,4,000,0,340,0,340,False,"P_MOD_BorderStone_03_straight","Assets/Fantastic City Pack/Prefabs/Modular/01_PARTS/Deco/P_MOD_BorderStone_03_straight.prefab"
True,0,0,1,False,False,316,9,227,19,039,24,000,False,"P_MOD_Bridge_03","Assets/Fantastic City Pack/Prefabs/Modular/01_PARTS/City_Structure/P_MOD_Bridge_03.prefab"
True,0,0,1,False,False,256,16,077,18,804,4,447,False,"P_MOD_Bridge_03_column","Assets/Fantastic City Pack/Prefabs/Modular/01_PARTS/City_Structure/P_MOD_Bridge_03_column.prefab"
True,0,0,1,False,False,14,8,000,19,000,6,000,False,"P_MOD_Bridge_03_extension","Assets/Fantastic City Pack/Prefabs/Modular/01_PARTS/City_Structure/P_MOD_Bridge_03_extension.prefab"
True,0,0,1,False,False,156,1,945,2,020,1,934,False,"P_MOD_Bridge_03_Pilar","Assets/Fantastic City Pack/Prefabs/Modular/01_PARTS/City_Structure/P_MOD_Bridge_03_Pilar.prefab"
True,0,0,1,False,False,164,0,796,1,405,12,000,False,"P_MOD_Bridge_03_railing","Assets/Fantastic City Pack/Prefabs/Modular/01_PARTS/City_Structure/P_MOD_Bridge_03_railing.prefab"
True,0,0,1,False,False,36,0,796,1,499,6,000,False,"P_MOD_Bridge_03_railing_extension_L","Assets/Fantastic City Pack/Prefabs/Modular/01_PARTS/City_Structure/P_MOD_Bridge_03_railing_extension_L.prefab"
True,0,0,1,False,False,36,0,792,1,499,6,000,False,"P_MOD_Bridge_03_railing_extension_R","Assets/Fantastic City Pack/Prefabs/Modular/01_PARTS/City_Structure/P_MOD_Bridge_03_railing_extension_R.prefab"
True,0,0,1,False,False,334,2,349,2,349,2,017,False,"P_MOD_Canalisation_03","Assets/Fantastic City Pack/Prefabs/Modular/01_PARTS/Deco/P_MOD_Canalisation_03.prefab"
True,0,0,1,False,False,98,1,511,4,786,1,522,False,"P_MOD_Chimney_03_01","Assets/Fantastic City Pack/Prefabs/Modular/01_PARTS/Deco/P_MOD_Chimney_03_01.prefab"
True,0,0,1,False,False,130,1,405,10,868,1,405,False,"P_MOD_Chimney_03_02","Assets/Fantastic City Pack/Prefabs/Modular/01_PARTS/Deco/P_MOD_Chimney_03_02.prefab"
True,0,0,1,False,False,148,1,511,6,665,4,624,False,"P_MOD_Chimney_03_03","Assets/Fantastic City Pack/Prefabs/Modular/01_PARTS/Deco/P_MOD_Chimney_03_03.prefab"
True,0,0,1,False,False,296,5,651,6,390,0,228,False,"P_MOD_CityWall_03_gate","Assets/Fantastic City Pack/Prefabs/Modular/01_PARTS/City_Structure/P_MOD_CityWall_03_gate.prefab"
True,0,0,2,False,False,772,8,000,12,661,5,267,False,"P_MOD_CityWall_03_gateWall","Assets/Fantastic City Pack/Prefabs/Modular/01_PARTS/City_Structure/P_MOD_CityWall_03_gateWall.prefab"
True,0,0,1,False,False,500,9,122,16,769,9,329,False,"P_MOD_CityWall_03_tower","Assets/Fantastic City Pack/Prefabs/Modular/01_PARTS/City_Structure/P_MOD_CityWall_03_tower.prefab"
True,0,0,1,False,False,104,8,013,12,000,8,131,False,"P_MOD_CityWall_03_tower_extension","Assets/Fantastic City Pack/Prefabs/Modular/01_PARTS/City_Structure/P_MOD_CityWall_03_tower_extension.prefab"
True,0,0,1,False,False,146,8,000,12,661,5,267,False,"P_MOD_CityWall_03_wall","Assets/Fantastic City Pack/Prefabs/Modular/01_PARTS/City_Structure/P_MOD_CityWall_03_wall.prefab"
True,0,0,1,False,False,22,8,000,12,000,4,443,False,"P_MOD_CityWall_03_wall_extension","Assets/Fantastic City Pack/Prefabs/Modular/01_PARTS/City_Structure/P_MOD_CityWall_03_wall_extension.prefab"
True,0,0,1,False,False,44,0,710,3,900,0,710,False,"P_MOD_Column_03_01","Assets/Fantastic City Pack/Prefabs/Modular/01_PARTS/Column/P_MOD_Column_03_01.prefab"
True,0,0,1,False,False,72,1,033,0,629,1,024,False,"P_MOD_Column_03_01_base","Assets/Fantastic City Pack/Prefabs/Modular/01_PARTS/Column/P_MOD_Column_03_01_base.prefab"
True,0,0,1,False,False,50,1,001,0,388,1,001,False,"P_MOD_Column_03_01_capital","Assets/Fantastic City Pack/Prefabs/Modular/01_PARTS/Column/P_MOD_Column_03_01_capital.prefab"
True,0,0,1,False,False,28,0,710,3,900,0,710,False,"P_MOD_Column_03_02","Assets/Fantastic City Pack/Prefabs/Modular/01_PARTS/Column/P_MOD_Column_03_02.prefab"
True,0,0,1,False,False,50,1,028,0,663,1,028,False,"P_MOD_Column_03_02_base","Assets/Fantastic City Pack/Prefabs/Modular/01_PARTS/Column/P_MOD_Column_03_02_base.prefab"
True,0,0,1,False,False,50,1,223,0,590,1,223,False,"P_MOD_Column_03_02_capital","Assets/Fantastic City Pack/Prefabs/Modular/01_PARTS/Column/P_MOD_Column_03_02_capital.prefab"
True,0,0,1,False,False,252,1,760,2,380,0,455,False,"P_MOD_Door_03_01","Assets/Fantastic City Pack/Prefabs/Modular/01_PARTS/Door/P_MOD_Door_03_01.prefab"
True,0,0,1,False,False,300,1,760,2,380,0,338,False,"P_MOD_Door_03_02","Assets/Fantastic City Pack/Prefabs/Modular/01_PARTS/Door/P_MOD_Door_03_02.prefab"
True,0,0,1,False,False,216,0,880,2,380,0,338,False,"P_MOD_Door_03_03","Assets/Fantastic City Pack/Prefabs/Modular/01_PARTS/Door/P_MOD_Door_03_03.prefab"
True,0,0,1,False,False,30,2,000,2,600,0,691,False,"P_MOD_Door_03_frame","Assets/Fantastic City Pack/Prefabs/Modular/01_PARTS/Door/P_MOD_Door_03_frame.prefab"
True,0,0,1,False,False,198,2,750,3,340,0,486,False,"P_MOD_Door_03_framedeco_01_01","Assets/Fantastic City Pack/Prefabs/Modular/01_PARTS/Door/P_MOD_Door_03_framedeco_01_01.prefab"
True,0,0,1,False,False,198,2,670,3,783,0,517,False,"P_MOD_Door_03_framedeco_01_02","Assets/Fantastic City Pack/Prefabs/Modular/01_PARTS/Door/P_MOD_Door_03_framedeco_01_02.prefab"
True,0,0,1,False,False,62,2,750,2,876,0,486,False,"P_MOD_Door_03_framedeco_01_03","Assets/Fantastic City Pack/Prefabs/Modular/01_PARTS/Door/P_MOD_Door_03_framedeco_01_03.prefab"
True,0,0,1,False,False,78,2,730,3,342,0,457,False,"P_MOD_Door_03_framedeco_01_04","Assets/Fantastic City Pack/Prefabs/Modular/01_PARTS/Door/P_MOD_Door_03_framedeco_01_04.prefab"
True,0,0,1,False,False,272,3,064,3,365,0,522,False,"P_MOD_Door_03_framedeco_02_01","Assets/Fantastic City Pack/Prefabs/Modular/01_PARTS/Door/P_MOD_Door_03_framedeco_02_01.prefab"
True,0,0,1,False,False,250,3,120,4,106,0,636,False,"P_MOD_Door_03_framedeco_02_02","Assets/Fantastic City Pack/Prefabs/Modular/01_PARTS/Door/P_MOD_Door_03_framedeco_02_02.prefab"
True,0,0,1,False,False,128,2,953,3,365,0,553,False,"P_MOD_Door_03_framedeco_02_03","Assets/Fantastic City Pack/Prefabs/Modular/01_PARTS/Door/P_MOD_Door_03_framedeco_02_03.prefab"
True,0,0,1,False,False,90,3,064,3,342,0,593,False,"P_MOD_Door_03_framedeco_02_04","Assets/Fantastic City Pack/Prefabs/Modular/01_PARTS/Door/P_MOD_Door_03_framedeco_02_04.prefab"
True,0,0,1,False,False,162,3,587,2,926,0,411,False,"P_MOD_Door_03_framedeco_03_01","Assets/Fantastic City Pack/Prefabs/Modular/01_PARTS/Door/P_MOD_Door_03_framedeco_03_01.prefab"
True,0,0,1,False,False,298,3,458,3,884,0,457,False,"P_MOD_Door_03_framedeco_03_02","Assets/Fantastic City Pack/Prefabs/Modular/01_PARTS/Door/P_MOD_Door_03_framedeco_03_02.prefab"
True,0,0,1,False,False,202,3,624,3,263,0,597,False,"P_MOD_Door_03_framedeco_03_03","Assets/Fantastic City Pack/Prefabs/Modular/01_PARTS/Door/P_MOD_Door_03_framedeco_03_03.prefab"
True,0,0,1,False,False,8,4,000,0,500,4,000,False,"P_MOD_Floor_03_E_angle_med","Assets/Fantastic City Pack/Prefabs/Modular/01_PARTS/Floor/P_MOD_Floor_03_E_angle_med.prefab"
True,0,0,1,False,False,8,2,000,0,500,2,000,False,"P_MOD_Floor_03_E_angle_tiny","Assets/Fantastic City Pack/Prefabs/Modular/01_PARTS/Floor/P_MOD_Floor_03_E_angle_tiny.prefab"
True,0,0,1,False,False,28,4,000,0,500,4,000,False,"P_MOD_Floor_03_E_convex_med","Assets/Fantastic City Pack/Prefabs/Modular/01_PARTS/Floor/P_MOD_Floor_03_E_convex_med.prefab"
True,0,0,1,False,False,16,2,000,0,500,2,000,False,"P_MOD_Floor_03_E_convex_tiny","Assets/Fantastic City Pack/Prefabs/Modular/01_PARTS/Floor/P_MOD_Floor_03_E_convex_tiny.prefab"
True,0,0,1,False,False,12,4,000,0,500,4,000,False,"P_MOD_Floor_03_E_straight_med","Assets/Fantastic City Pack/Prefabs/Modular/01_PARTS/Floor/P_MOD_Floor_03_E_straight_med.prefab"
True,0,0,1,False,False,12,4,000,0,500,2,000,False,"P_MOD_Floor_03_E_straight_small","Assets/Fantastic City Pack/Prefabs/Modular/01_PARTS/Floor/P_MOD_Floor_03_E_straight_small.prefab"
True,0,0,1,False,False,12,2,000,0,500,2,000,False,"P_MOD_Floor_03_E_straight_tiny","Assets/Fantastic City Pack/Prefabs/Modular/01_PARTS/Floor/P_MOD_Floor_03_E_straight_tiny.prefab"
True,0,0,1,False,False,2,4,000,0,000,4,000,False,"P_MOD_Floor_03_O_straight_med","Assets/Fantastic City Pack/Prefabs/Modular/01_PARTS/Floor/P_MOD_Floor_03_O_straight_med.prefab"
True,0,0,1,False,False,28,4,000,0,189,0,396,False,"P_MOD_Gutter_03","Assets/Fantastic City Pack/Prefabs/Modular/01_PARTS/Deco/P_MOD_Gutter_03.prefab"
True,0,0,1,False,False,26,0,590,0,189,0,396,False,"P_MOD_Gutter_03_cap","Assets/Fantastic City Pack/Prefabs/Modular/01_PARTS/Deco/P_MOD_Gutter_03_cap.prefab"
True,0,0,1,False,False,26,0,161,4,000,0,153,False,"P_MOD_GutterPipe_03_01","Assets/Fantastic City Pack/Prefabs/Modular/01_PARTS/Deco/P_MOD_GutterPipe_03_01.prefab"
True,0,0,1,False,False,46,0,303,3,809,0,342,False,"P_MOD_GutterPipe_03_02","Assets/Fantastic City Pack/Prefabs/Modular/01_PARTS/Deco/P_MOD_GutterPipe_03_02.prefab"
True,0,0,1,False,False,118,0,343,1,680,0,345,False,"P_MOD_Railing_03_column_01","Assets/Fantastic City Pack/Prefabs/Modular/01_PARTS/Railing/P_MOD_Railing_03_column_01.prefab"
True,0,0,1,False,False,50,0,957,1,547,0,957,False,"P_MOD_Railing_03_column_02","Assets/Fantastic City Pack/Prefabs/Modular/01_PARTS/Railing/P_MOD_Railing_03_column_02.prefab"
True,0,0,1,False,False,46,0,075,1,312,0,083,False,"P_MOD_Railing_03_column_03","Assets/Fantastic City Pack/Prefabs/Modular/01_PARTS/Railing/P_MOD_Railing_03_column_03.prefab"
True,0,0,1,False,False,368,4,014,1,400,4,014,False,"P_MOD_Railing_03_convex_01","Assets/Fantastic City Pack/Prefabs/Modular/01_PARTS/Railing/P_MOD_Railing_03_convex_01.prefab"
True,0,0,1,False,False,248,2,761,1,400,2,761,False,"P_MOD_Railing_03_convex_01_half","Assets/Fantastic City Pack/Prefabs/Modular/01_PARTS/Railing/P_MOD_Railing_03_convex_01_half.prefab"
True,0,0,1,False,False,220,4,014,1,411,4,014,False,"P_MOD_Railing_03_convex_02","Assets/Fantastic City Pack/Prefabs/Modular/01_PARTS/Railing/P_MOD_Railing_03_convex_02.prefab"
True,0,0,1,False,False,156,2,761,1,411,2,761,False,"P_MOD_Railing_03_convex_02_half","Assets/Fantastic City Pack/Prefabs/Modular/01_PARTS/Railing/P_MOD_Railing_03_convex_02_half.prefab"
True,0,0,1,False,False,240,4,000,1,425,0,545,False,"P_MOD_Railing_03_straight_01","Assets/Fantastic City Pack/Prefabs/Modular/01_PARTS/Railing/P_MOD_Railing_03_straight_01.prefab"
True,0,0,1,False,False,60,4,000,1,411,0,525,False,"P_MOD_Railing_03_straight_02","Assets/Fantastic City Pack/Prefabs/Modular/01_PARTS/Railing/P_MOD_Railing_03_straight_02.prefab"
True,0,0,1,False,False,304,4,000,1,508,0,281,False,"P_MOD_Railing_03_straight_03","Assets/Fantastic City Pack/Prefabs/Modular/01_PARTS/Railing/P_MOD_Railing_03_straight_03.prefab"
True,0,0,1,False,False,160,2,000,1,508,0,281,False,"P_MOD_Railing_03_straight_03_half","Assets/Fantastic City Pack/Prefabs/Modular/01_PARTS/Railing/P_MOD_Railing_03_straight_03_half.prefab"
True,0,0,1,False,False,432,4,000,2,756,0,515,False,"P_MOD_Railing_03_straight_04","Assets/Fantastic City Pack/Prefabs/Modular/01_PARTS/Railing/P_MOD_Railing_03_straight_04.prefab"
True,0,0,1,False,False,184,2,000,1,135,0,062,False,"P_MOD_Railing_03_straight_05","Assets/Fantastic City Pack/Prefabs/Modular/01_PARTS/Railing/P_MOD_Railing_03_straight_05.prefab"
True,0,0,1,False,False,132,8,000,3,826,8,800,False,"P_MOD_Roof_03_01","Assets/Fantastic City Pack/Prefabs/Modular/01_PARTS/Roof/P_MOD_Roof_03_01.prefab"
True,0,0,1,False,False,258,0,800,4,181,9,257,False,"P_MOD_Roof_03_01_frame","Assets/Fantastic City Pack/Prefabs/Modular/01_PARTS/Roof/P_MOD_Roof_03_01_frame.prefab"
True,0,0,1,False,False,136,8,000,3,826,8,800,False,"P_MOD_Roof_03_01_sidecut","Assets/Fantastic City Pack/Prefabs/Modular/01_PARTS/Roof/P_MOD_Roof_03_01_sidecut.prefab"
True,0,0,1,False,False,15,0,000,3,651,8,800,False,"P_MOD_Roof_03_01_wall_01","Assets/Fantastic City Pack/Prefabs/Modular/01_PARTS/Roof/P_MOD_Roof_03_01_wall_01.prefab"
True,0,0,1,False,False,20,0,400,4,827,8,800,False,"P_MOD_Roof_03_01_wall_02","Assets/Fantastic City Pack/Prefabs/Modular/01_PARTS/Roof/P_MOD_Roof_03_01_wall_02.prefab"
True,0,0,1,False,False,60,0,600,3,851,9,016,False,"P_MOD_Roof_03_01_wall_02_cover","Assets/Fantastic City Pack/Prefabs/Modular/01_PARTS/Roof/P_MOD_Roof_03_01_wall_02_cover.prefab"
True,0,0,1,False,False,116,8,000,9,130,8,800,False,"P_MOD_Roof_03_02","Assets/Fantastic City Pack/Prefabs/Modular/01_PARTS/Roof/P_MOD_Roof_03_02.prefab"
True,0,0,1,False,False,286,0,800,9,520,9,257,False,"P_MOD_Roof_03_02_frame","Assets/Fantastic City Pack/Prefabs/Modular/01_PARTS/Roof/P_MOD_Roof_03_02_frame.prefab"
True,0,0,1,False,False,120,8,000,9,130,8,800,False,"P_MOD_Roof_03_02_sidecut","Assets/Fantastic City Pack/Prefabs/Modular/01_PARTS/Roof/P_MOD_Roof_03_02_sidecut.prefab"
True,0,0,1,False,False,12,0,000,8,951,8,800,False,"P_MOD_Roof_03_02_wall_01","Assets/Fantastic City Pack/Prefabs/Modular/01_PARTS/Roof/P_MOD_Roof_03_02_wall_01.prefab"
True,0,0,1,False,False,20,0,400,9,554,8,800,False,"P_MOD_Roof_03_02_wall_02","Assets/Fantastic City Pack/Prefabs/Modular/01_PARTS/Roof/P_MOD_Roof_03_02_wall_02.prefab"
True,0,0,1,False,False,60,0,600,8,410,9,016,False,"P_MOD_Roof_03_02_wall_02_cover","Assets/Fantastic City Pack/Prefabs/Modular/01_PARTS/Roof/P_MOD_Roof_03_02_wall_02_cover.prefab"
True,0,0,1,False,False,96,8,000,7,953,8,800,False,"P_MOD_Roof_03_03","Assets/Fantastic City Pack/Prefabs/Modular/01_PARTS/Roof/P_MOD_Roof_03_03.prefab"
True,0,0,1,False,False,174,0,800,8,359,9,257,False,"P_MOD_Roof_03_03_frame","Assets/Fantastic City Pack/Prefabs/Modular/01_PARTS/Roof/P_MOD_Roof_03_03_frame.prefab"
True,0,0,1,False,False,100,8,000,7,953,8,800,False,"P_MOD_Roof_03_03_sidecut","Assets/Fantastic City Pack/Prefabs/Modular/01_PARTS/Roof/P_MOD_Roof_03_03_sidecut.prefab"
True,0,0,1,False,False,10,0,000,7,786,8,800,False,"P_MOD_Roof_03_03_wall_01","Assets/Fantastic City Pack/Prefabs/Modular/01_PARTS/Roof/P_MOD_Roof_03_03_wall_01.prefab"
True,0,0,1,False,False,20,0,400,8,742,8,800,False,"P_MOD_Roof_03_03_wall_02","Assets/Fantastic City Pack/Prefabs/Modular/01_PARTS/Roof/P_MOD_Roof_03_03_wall_02.prefab"
True,0,0,1,False,False,60,0,600,7,421,9,016,False,"P_MOD_Roof_03_03_wall_02_cover","Assets/Fantastic City Pack/Prefabs/Modular/01_PARTS/Roof/P_MOD_Roof_03_03_wall_02_cover.prefab"
True,0,0,1,False,False,55,4,000,4,000,4,000,False,"P_MOD_Stairs_03_E_angle_convex_01","Assets/Fantastic City Pack/Prefabs/Modular/01_PARTS/Stairs/P_MOD_Stairs_03_E_angle_convex_01.prefab"
True,0,0,1,False,False,32,4,000,2,000,4,000,False,"P_MOD_Stairs_03_E_angle_convex_02","Assets/Fantastic City Pack/Prefabs/Modular/01_PARTS/Stairs/P_MOD_Stairs_03_E_angle_convex_02.prefab"
True,0,0,1,False,False,96,4,000,1,000,4,000,False,"P_MOD_Stairs_03_E_concave_01","Assets/Fantastic City Pack/Prefabs/Modular/01_PARTS/Stairs/P_MOD_Stairs_03_E_concave_01.prefab"
True,0,0,1,False,False,96,4,000,1,000,4,000,False,"P_MOD_Stairs_03_E_convex_01","Assets/Fantastic City Pack/Prefabs/Modular/01_PARTS/Stairs/P_MOD_Stairs_03_E_convex_01.prefab"
True,0,0,1,False,False,56,4,000,4,000,4,000,False,"P_MOD_Stairs_03_E_straight_01","Assets/Fantastic City Pack/Prefabs/Modular/01_PARTS/Stairs/P_MOD_Stairs_03_E_straight_01.prefab"
True,0,0,1,False,False,28,2,000,2,000,2,000,False,"P_MOD_Stairs_03_E_straight_01_half","Assets/Fantastic City Pack/Prefabs/Modular/01_PARTS/Stairs/P_MOD_Stairs_03_E_straight_01_half.prefab"
True,0,0,1,False,False,32,4,000,2,000,4,000,False,"P_MOD_Stairs_03_E_straight_02","Assets/Fantastic City Pack/Prefabs/Modular/01_PARTS/Stairs/P_MOD_Stairs_03_E_straight_02.prefab"
True,0,0,1,False,False,16,2,000,1,000,2,000,False,"P_MOD_Stairs_03_E_straight_02_half","Assets/Fantastic City Pack/Prefabs/Modular/01_PARTS/Stairs/P_MOD_Stairs_03_E_straight_02_half.prefab"
True,0,0,1,False,False,240,2,000,3,409,0,281,False,"P_MOD_Stairs_03_Railing_straight_01_01","Assets/Fantastic City Pack/Prefabs/Modular/01_PARTS/Stairs/P_MOD_Stairs_03_Railing_straight_01_01.prefab"
True,0,0,1,False,False,200,2,000,2,773,0,080,False,"P_MOD_Stairs_03_Railing_straight_01_02","Assets/Fantastic City Pack/Prefabs/Modular/01_PARTS/Stairs/P_MOD_Stairs_03_Railing_straight_01_02.prefab"
True,0,0,1,False,False,200,4,000,3,400,0,525,False,"P_MOD_Stairs_03_Railing_straight_02_01","Assets/Fantastic City Pack/Prefabs/Modular/01_PARTS/Stairs/P_MOD_Stairs_03_Railing_straight_02_01.prefab"
True,0,0,1,False,False,60,4,000,3,411,0,525,False,"P_MOD_Stairs_03_Railing_straight_02_02","Assets/Fantastic City Pack/Prefabs/Modular/01_PARTS/Stairs/P_MOD_Stairs_03_Railing_straight_02_02.prefab"
True,0,0,1,False,False,1,4,000,4,000,0,000,False,"P_MOD_Stairs_03_Wall_L_01","Assets/Fantastic City Pack/Prefabs/Modular/01_PARTS/Stairs/P_MOD_Stairs_03_Wall_L_01.prefab"
True,0,0,1,False,False,1,4,000,2,000,0,000,False,"P_MOD_Stairs_03_Wall_L_02","Assets/Fantastic City Pack/Prefabs/Modular/01_PARTS/Stairs/P_MOD_Stairs_03_Wall_L_02.prefab"
True,0,0,1,False,False,1,4,000,4,000,0,000,False,"P_MOD_Stairs_03_Wall_R_01","Assets/Fantastic City Pack/Prefabs/Modular/01_PARTS/Stairs/P_MOD_Stairs_03_Wall_R_01.prefab"
True,0,0,1,False,False,1,4,000,2,000,0,000,False,"P_MOD_Stairs_03_Wall_R_02","Assets/Fantastic City Pack/Prefabs/Modular/01_PARTS/Stairs/P_MOD_Stairs_03_Wall_R_02.prefab"
True,0,0,1,False,False,12,4,000,4,500,0,400,False,"P_MOD_Stairs_03_WallTrim_straight_01","Assets/Fantastic City Pack/Prefabs/Modular/01_PARTS/Stairs/P_MOD_Stairs_03_WallTrim_straight_01.prefab"
True,0,0,1,False,False,12,2,000,2,295,0,066,False,"P_MOD_Stairs_03_WallTrim_straight_01_02","Assets/Fantastic City Pack/Prefabs/Modular/01_PARTS/Stairs/P_MOD_Stairs_03_WallTrim_straight_01_02.prefab"
True,0,0,1,False,False,12,2,000,2,500,0,400,False,"P_MOD_Stairs_03_WallTrim_straight_01_half","Assets/Fantastic City Pack/Prefabs/Modular/01_PARTS/Stairs/P_MOD_Stairs_03_WallTrim_straight_01_half.prefab"
True,0,0,1,False,False,10,4,000,2,500,0,400,False,"P_MOD_Stairs_03_WallTrim_straight_02","Assets/Fantastic City Pack/Prefabs/Modular/01_PARTS/Stairs/P_MOD_Stairs_03_WallTrim_straight_02.prefab"
True,0,0,1,False,False,12,2,000,1,500,0,400,False,"P_MOD_Stairs_03_WallTrim_straight_02_half","Assets/Fantastic City Pack/Prefabs/Modular/01_PARTS/Stairs/P_MOD_Stairs_03_WallTrim_straight_02_half.prefab"
True,0,0,1,False,False,40,4,200,4,000,4,200,False,"P_MOD_Wall_03_M_concave_med","Assets/Fantastic City Pack/Prefabs/Modular/01_PARTS/Wall/P_MOD_Wall_03_M_concave_med.prefab"
True,0,0,1,False,False,10,4,000,4,000,0,400,False,"P_MOD_Wall_03_M_straight_med","Assets/Fantastic City Pack/Prefabs/Modular/01_PARTS/Wall/P_MOD_Wall_03_M_straight_med.prefab"
True,0,0,1,False,False,18,4,000,4,000,0,402,False,"P_MOD_Wall_03_M_straight_med_door","Assets/Fantastic City Pack/Prefabs/Modular/01_PARTS/Wall/P_MOD_Wall_03_M_straight_med_door.prefab"
True,0,0,1,False,False,10,2,000,4,000,0,400,False,"P_MOD_Wall_03_M_straight_med_half_R","Assets/Fantastic City Pack/Prefabs/Modular/01_PARTS/Wall/P_MOD_Wall_03_M_straight_med_half_R.prefab"
True,0,0,1,False,False,10,4,000,2,000,0,400,False,"P_MOD_Wall_03_M_straight_small","Assets/Fantastic City Pack/Prefabs/Modular/01_PARTS/Wall/P_MOD_Wall_03_M_straight_small.prefab"
True,0,0,1,False,False,8,2,250,4,000,2,250,False,"P_MOD_Wall_03_O_concave_med","Assets/Fantastic City Pack/Prefabs/Modular/01_PARTS/Wall/P_MOD_Wall_03_O_concave_med.prefab"
True,0,0,1,False,False,12,4,000,4,000,4,000,False,"P_MOD_Wall_03_O_convex_med","Assets/Fantastic City Pack/Prefabs/Modular/01_PARTS/Wall/P_MOD_Wall_03_O_convex_med.prefab"
True,0,0,1,False,False,2,8,000,8,000,0,000,False,"P_MOD_Wall_03_O_straight_large","Assets/Fantastic City Pack/Prefabs/Modular/01_PARTS/Wall/P_MOD_Wall_03_O_straight_large.prefab"
True,0,0,1,False,False,2,4,000,4,000,0,000,False,"P_MOD_Wall_03_O_straight_med","Assets/Fantastic City Pack/Prefabs/Modular/01_PARTS/Wall/P_MOD_Wall_03_O_straight_med.prefab"
True,0,0,1,False,False,2,2,000,4,000,0,000,False,"P_MOD_Wall_03_O_straight_med_half","Assets/Fantastic City Pack/Prefabs/Modular/01_PARTS/Wall/P_MOD_Wall_03_O_straight_med_half.prefab"
True,0,0,1,False,False,2,4,000,2,000,0,000,False,"P_MOD_Wall_03_O_straight_small","Assets/Fantastic City Pack/Prefabs/Modular/01_PARTS/Wall/P_MOD_Wall_03_O_straight_small.prefab"
True,0,0,1,False,False,116,4,278,0,798,4,266,False,"P_MOD_WallCover_03_convex_01","Assets/Fantastic City Pack/Prefabs/Modular/01_PARTS/Railing/P_MOD_WallCover_03_convex_01.prefab"
True,0,0,1,False,False,140,4,278,0,798,4,266,False,"P_MOD_WallCover_03_convex_02","Assets/Fantastic City Pack/Prefabs/Modular/01_PARTS/Railing/P_MOD_WallCover_03_convex_02.prefab"
True,0,0,1,False,False,44,4,000,0,798,0,656,False,"P_MOD_WallCover_03_straight_01","Assets/Fantastic City Pack/Prefabs/Modular/01_PARTS/Railing/P_MOD_WallCover_03_straight_01.prefab"
True,0,0,1,False,False,52,4,000,0,798,2,323,False,"P_MOD_WallCover_03_straight_02","Assets/Fantastic City Pack/Prefabs/Modular/01_PARTS/Railing/P_MOD_WallCover_03_straight_02.prefab"
True,0,0,1,False,False,12,2,000,0,295,0,066,False,"P_MOD_WallCover_03_straight_03","Assets/Fantastic City Pack/Prefabs/Modular/01_PARTS/Railing/P_MOD_WallCover_03_straight_03.prefab"
True,0,0,1,False,False,176,0,863,4,000,0,829,False,"P_MOD_WallDeco_03_M_corner_med_brick_01","Assets/Fantastic City Pack/Prefabs/Modular/01_PARTS/Wall/P_MOD_WallDeco_03_M_corner_med_brick_01.prefab"
True,0,0,1,False,False,44,1,211,1,000,1,268,False,"P_MOD_WallDeco_03_M_corner_small_brick_01","Assets/Fantastic City Pack/Prefabs/Modular/01_PARTS/Wall/P_MOD_WallDeco_03_M_corner_small_brick_01.prefab"
True,0,0,1,False,False,20,0,250,4,000,0,250,False,"P_MOD_WallDeco_03_M_genericplank_01","Assets/Fantastic City Pack/Prefabs/Modular/01_PARTS/Wall/P_MOD_WallDeco_03_M_genericplank_01.prefab"
True,0,0,1,False,False,8,4,000,0,169,0,194,False,"P_MOD_WallDeco_03_O_straight_med_01","Assets/Fantastic City Pack/Prefabs/Modular/01_PARTS/Wall/P_MOD_WallDeco_03_O_straight_med_01.prefab"
True,0,0,1,False,False,30,0,849,4,000,0,249,False,"P_MOD_WallDeco_03_O_straight_med_02","Assets/Fantastic City Pack/Prefabs/Modular/01_PARTS/Wall/P_MOD_WallDeco_03_O_straight_med_02.prefab"
True,0,0,1,False,False,130,4,000,4,000,0,157,False,"P_MOD_WallDeco_03_O_straight_med_brick_01","Assets/Fantastic City Pack/Prefabs/Modular/01_PARTS/Wall/P_MOD_WallDeco_03_O_straight_med_brick_01.prefab"
True,0,0,1,False,False,62,4,000,3,500,0,128,False,"P_MOD_WallDeco_03_O_straight_med_brick_02","Assets/Fantastic City Pack/Prefabs/Modular/01_PARTS/Wall/P_MOD_WallDeco_03_O_straight_med_brick_02.prefab"
True,0,0,1,False,False,30,3,810,1,008,0,114,False,"P_MOD_WallDeco_03_O_straight_small_brick_01","Assets/Fantastic City Pack/Prefabs/Modular/01_PARTS/Wall/P_MOD_WallDeco_03_O_straight_small_brick_01.prefab"
True,0,0,1,False,False,20,0,800,0,299,0,800,False,"P_MOD_WallTrim_03_01_corner","Assets/Fantastic City Pack/Prefabs/Modular/01_PARTS/WallTrim/P_MOD_WallTrim_03_01_corner.prefab"
True,0,0,1,False,False,26,0,800,0,795,0,400,False,"P_MOD_WallTrim_03_01_filler","Assets/Fantastic City Pack/Prefabs/Modular/01_PARTS/WallTrim/P_MOD_WallTrim_03_01_filler.prefab"
True,0,0,1,False,False,146,8,000,0,565,0,400,False,"P_MOD_WallTrim_03_01_large","Assets/Fantastic City Pack/Prefabs/Modular/01_PARTS/WallTrim/P_MOD_WallTrim_03_01_large.prefab"
True,0,0,1,False,False,82,4,000,0,565,0,400,False,"P_MOD_WallTrim_03_01_med","Assets/Fantastic City Pack/Prefabs/Modular/01_PARTS/WallTrim/P_MOD_WallTrim_03_01_med.prefab"
True,0,0,1,False,False,124,3,600,0,565,3,600,False,"P_MOD_WallTrim_03_01_med_concave","Assets/Fantastic City Pack/Prefabs/Modular/01_PARTS/WallTrim/P_MOD_WallTrim_03_01_med_concave.prefab"
True,0,0,1,False,False,20,0,710,0,185,0,710,False,"P_MOD_WallTrim_03_02_corner","Assets/Fantastic City Pack/Prefabs/Modular/01_PARTS/WallTrim/P_MOD_WallTrim_03_02_corner.prefab"
True,0,0,1,False,False,10,0,800,0,185,0,310,False,"P_MOD_WallTrim_03_02_filler","Assets/Fantastic City Pack/Prefabs/Modular/01_PARTS/WallTrim/P_MOD_WallTrim_03_02_filler.prefab"
True,0,0,1,False,False,28,8,000,0,185,0,310,False,"P_MOD_WallTrim_03_02_large","Assets/Fantastic City Pack/Prefabs/Modular/01_PARTS/WallTrim/P_MOD_WallTrim_03_02_large.prefab"
True,0,0,1,False,False,18,4,000,0,185,0,310,False,"P_MOD_WallTrim_03_02_med","Assets/Fantastic City Pack/Prefabs/Modular/01_PARTS/WallTrim/P_MOD_WallTrim_03_02_med.prefab"
True,0,0,1,False,False,28,3,600,0,185,3,600,False,"P_MOD_WallTrim_03_02_med_concave","Assets/Fantastic City Pack/Prefabs/Modular/01_PARTS/WallTrim/P_MOD_WallTrim_03_02_med_concave.prefab"
True,0,0,1,False,False,24,16,000,0,080,8,000,False,"P_MOD_WallTrim_03_16x8","Assets/Fantastic City Pack/Prefabs/Modular/01_PARTS/WallTrim/P_MOD_WallTrim_03_16x8.prefab"
True,0,0,1,False,False,24,4,000,0,080,4,000,False,"P_MOD_WallTrim_03_4x4","Assets/Fantastic City Pack/Prefabs/Modular/01_PARTS/WallTrim/P_MOD_WallTrim_03_4x4.prefab"
True,0,0,1,False,False,24,8,000,0,080,8,000,False,"P_MOD_WallTrim_03_8x8","Assets/Fantastic City Pack/Prefabs/Modular/01_PARTS/WallTrim/P_MOD_WallTrim_03_8x8.prefab"
True,0,0,1,False,False,36,16,000,0,080,12,000,False,"P_MOD_WallTrim_03_L","Assets/Fantastic City Pack/Prefabs/Modular/01_PARTS/WallTrim/P_MOD_WallTrim_03_L.prefab"
True,0,0,1,False,False,48,16,000,0,080,12,000,False,"P_MOD_WallTrim_03_T","Assets/Fantastic City Pack/Prefabs/Modular/01_PARTS/WallTrim/P_MOD_WallTrim_03_T.prefab"
True,0,0,1,False,False,90,1,202,1,861,0,116,False,"P_MOD_Window_03_01_01","Assets/Fantastic City Pack/Prefabs/Modular/01_PARTS/Windows/P_MOD_Window_03_01_01.prefab"
True,0,0,1,False,False,212,1,607,2,148,0,360,False,"P_MOD_Window_03_01_01_framedeco_01","Assets/Fantastic City Pack/Prefabs/Modular/01_PARTS/Windows/P_MOD_Window_03_01_01_framedeco_01.prefab"
True,0,0,1,False,False,20,1,260,2,053,2,200,False,"P_MOD_Window_03_01_01_framedeco_01_ext","Assets/Fantastic City Pack/Prefabs/Modular/01_PARTS/Windows/P_MOD_Window_03_01_01_framedeco_01_ext.prefab"
True,0,0,1,False,False,246,1,867,2,577,0,324,False,"P_MOD_Window_03_01_01_framedeco_02","Assets/Fantastic City Pack/Prefabs/Modular/01_PARTS/Windows/P_MOD_Window_03_01_01_framedeco_02.prefab"
True,0,0,1,False,False,202,1,931,2,180,0,324,False,"P_MOD_Window_03_01_01_framedeco_03","Assets/Fantastic City Pack/Prefabs/Modular/01_PARTS/Windows/P_MOD_Window_03_01_01_framedeco_03.prefab"
True,0,0,1,False,False,83,0,569,1,698,0,116,False,"P_MOD_Window_03_01_02","Assets/Fantastic City Pack/Prefabs/Modular/01_PARTS/Windows/P_MOD_Window_03_01_02.prefab"
True,0,0,1,False,False,162,0,932,2,055,0,324,False,"P_MOD_Window_03_01_02_framedeco_01","Assets/Fantastic City Pack/Prefabs/Modular/01_PARTS/Windows/P_MOD_Window_03_01_02_framedeco_01.prefab"
True,0,0,1,False,False,304,1,304,2,429,0,387,False,"P_MOD_Window_03_01_02_framedeco_02","Assets/Fantastic City Pack/Prefabs/Modular/01_PARTS/Windows/P_MOD_Window_03_01_02_framedeco_02.prefab"
True,0,0,1,False,False,16,0,757,2,013,2,200,False,"P_MOD_Window_03_01_02_framedeco_02_ext","Assets/Fantastic City Pack/Prefabs/Modular/01_PARTS/Windows/P_MOD_Window_03_01_02_framedeco_02_ext.prefab"
True,0,0,1,False,False,208,1,299,1,969,0,324,False,"P_MOD_Window_03_01_02_framedeco_03","Assets/Fantastic City Pack/Prefabs/Modular/01_PARTS/Windows/P_MOD_Window_03_01_02_framedeco_03.prefab"
True,0,0,1,False,False,50,0,962,1,893,0,111,False,"P_MOD_Window_03_02_01","Assets/Fantastic City Pack/Prefabs/Modular/01_PARTS/Windows/P_MOD_Window_03_02_01.prefab"
True,0,0,1,False,False,80,1,263,2,182,0,324,False,"P_MOD_Window_03_02_01_framedeco_01","Assets/Fantastic City Pack/Prefabs/Modular/01_PARTS/Windows/P_MOD_Window_03_02_01_framedeco_01.prefab"
True,0,0,1,False,False,190,1,444,2,689,0,390,False,"P_MOD_Window_03_02_01_framedeco_02","Assets/Fantastic City Pack/Prefabs/Modular/01_PARTS/Windows/P_MOD_Window_03_02_01_framedeco_02.prefab"
True,0,0,1,False,False,20,1,104,2,358,2,200,False,"P_MOD_Window_03_02_01_framedeco_02_ext","Assets/Fantastic City Pack/Prefabs/Modular/01_PARTS/Windows/P_MOD_Window_03_02_01_framedeco_02_ext.prefab"
True,0,0,1,False,False,164,1,680,2,471,0,324,False,"P_MOD_Window_03_02_01_framedeco_03","Assets/Fantastic City Pack/Prefabs/Modular/01_PARTS/Windows/P_MOD_Window_03_02_01_framedeco_03.prefab"
True,0,0,1,False,False,36,0,569,1,699,0,111,False,"P_MOD_Window_03_02_02","Assets/Fantastic City Pack/Prefabs/Modular/01_PARTS/Windows/P_MOD_Window_03_02_02.prefab"
True,0,0,1,False,False,72,0,871,1,996,0,324,False,"P_MOD_Window_03_02_02_framedeco_01","Assets/Fantastic City Pack/Prefabs/Modular/01_PARTS/Windows/P_MOD_Window_03_02_02_framedeco_01.prefab"
True,0,0,1,False,False,170,0,996,2,509,0,359,False,"P_MOD_Window_03_02_02_framedeco_02","Assets/Fantastic City Pack/Prefabs/Modular/01_PARTS/Windows/P_MOD_Window_03_02_02_framedeco_02.prefab"
True,0,0,1,False,False,164,1,283,2,296,0,324,False,"P_MOD_Window_03_02_02_framedeco_03","Assets/Fantastic City Pack/Prefabs/Modular/01_PARTS/Windows/P_MOD_Window_03_02_02_framedeco_03.prefab"
True,0,0,1,False,False,116,1,200,1,200,0,134,False,"P_MOD_Window_03_03","Assets/Fantastic City Pack/Prefabs/Modular/01_PARTS/Windows/P_MOD_Window_03_03.prefab"
True,0,0,1,False,False,160,1,560,1,413,0,234,False,"P_MOD_Window_03_03_01_framedeco_01","Assets/Fantastic City Pack/Prefabs/Modular/01_PARTS/Windows/P_MOD_Window_03_03_01_framedeco_01.prefab"
True,0,0,1,False,False,260,1,798,1,550,0,408,False,"P_MOD_Window_03_03_01_framedeco_02","Assets/Fantastic City Pack/Prefabs/Modular/01_PARTS/Windows/P_MOD_Window_03_03_01_framedeco_02.prefab"
True,0,0,1,False,False,32,1,350,1,350,2,200,False,"P_MOD_Window_03_03_01_framedeco_02_ext","Assets/Fantastic City Pack/Prefabs/Modular/01_PARTS/Windows/P_MOD_Window_03_03_01_framedeco_02_ext.prefab"
True,0,0,1,False,False,78,1,082,0,733,0,177,False,"P_MOD_Window_03_04","Assets/Fantastic City Pack/Prefabs/Modular/01_PARTS/Windows/P_MOD_Window_03_04.prefab"
True,0,0,1,False,False,110,1,452,0,894,0,267,False,"P_MOD_Window_03_04_framedeco_01","Assets/Fantastic City Pack/Prefabs/Modular/01_PARTS/Windows/P_MOD_Window_03_04_framedeco_01.prefab"
True,0,0,1,False,False,152,1,555,1,026,0,333,False,"P_MOD_Window_03_04_framedeco_02","Assets/Fantastic City Pack/Prefabs/Modular/01_PARTS/Windows/P_MOD_Window_03_04_framedeco_02.prefab"
True,0,0,1,False,False,144,1,697,0,930,0,271,False,"P_MOD_Window_03_04_framedeco_03","Assets/Fantastic City Pack/Prefabs/Modular/01_PARTS/Windows/P_MOD_Window_03_04_framedeco_03.prefab"
True,0,0,1,False,False,138,1,301,2,536,0,161,False,"P_MOD_Window_03_05","Assets/Fantastic City Pack/Prefabs/Modular/01_PARTS/Windows/P_MOD_Window_03_05.prefab"
True,0,0,1,False,False,110,1,609,2,696,0,267,False,"P_MOD_Window_03_05_framedeco_01","Assets/Fantastic City Pack/Prefabs/Modular/01_PARTS/Windows/P_MOD_Window_03_05_framedeco_01.prefab"
True,0,0,1,False,False,152,1,714,2,830,0,333,False,"P_MOD_Window_03_05_framedeco_02","Assets/Fantastic City Pack/Prefabs/Modular/01_PARTS/Windows/P_MOD_Window_03_05_framedeco_02.prefab"
True,0,0,1,False,False,198,1,996,2,729,0,271,False,"P_MOD_Window_03_05_framedeco_03","Assets/Fantastic City Pack/Prefabs/Modular/01_PARTS/Windows/P_MOD_Window_03_05_framedeco_03.prefab"
True,0,0,1,False,False,92,3,923,4,000,0,228,False,"P_MOD_Window_03_06","Assets/Fantastic City Pack/Prefabs/Modular/01_PARTS/Windows/P_MOD_Window_03_06.prefab"
True,0,0,1,False,False,80,4,000,4,000,0,400,False,"P_MOD_Window_03_06_framedeco_01","Assets/Fantastic City Pack/Prefabs/Modular/01_PARTS/Windows/P_MOD_Window_03_06_framedeco_01.prefab"
True,0,0,1,False,False,134,4,000,4,000,0,512,False,"P_MOD_Window_03_06_framedeco_02","Assets/Fantastic City Pack/Prefabs/Modular/01_PARTS/Windows/P_MOD_Window_03_06_framedeco_02.prefab"
True,0,0,1,False,False,396,1,219,2,135,0,730,False,"P_MOD_WindowBar_03_01","Assets/Fantastic City Pack/Prefabs/Modular/01_PARTS/Deco/P_MOD_WindowBar_03_01.prefab"
True,0,0,1,False,False,113,0,384,0,074,0,384,False,"P_PROP_alchemy_coal_city","Assets/Fantastic City Pack/Prefabs/Props/Crafting/P_PROP_alchemy_coal_city.prefab"
True,0,0,2,False,False,357,1,914,0,767,1,199,False,"P_PROP_alchemy_desk_city","Assets/Fantastic City Pack/Prefabs/Props/Furniture/P_PROP_alchemy_desk_city.prefab"
True,0,0,1,False,False,400,0,216,0,093,0,216,False,"P_PROP_alchemy_holder_city_01","Assets/Fantastic City Pack/Prefabs/Props/Crafting/P_PROP_alchemy_holder_city_01.prefab"
True,0,0,1,False,False,172,0,248,0,195,0,087,False,"P_PROP_alchemy_holder_city_02","Assets/Fantastic City Pack/Prefabs/Props/Crafting/P_PROP_alchemy_holder_city_02.prefab"
True,0,0,1,False,False,40,0,322,0,054,0,312,False,"P_PROP_alchemy_powder_city_01","Assets/Fantastic City Pack/Prefabs/Props/Crafting/P_PROP_alchemy_powder_city_01.prefab"
True,0,0,1,False,False,22,0,189,0,057,0,183,False,"P_PROP_alchemy_powder_city_02","Assets/Fantastic City Pack/Prefabs/Props/Crafting/P_PROP_alchemy_powder_city_02.prefab"
True,0,0,1,False,False,226,0,716,0,918,0,818,False,"P_PROP_anvil_city","Assets/Fantastic City Pack/Prefabs/Props/Crafting/P_PROP_anvil_city.prefab"
True,0,0,1,False,False,72,0,076,0,081,0,413,False,"P_PROP_awl_city","Assets/Fantastic City Pack/Prefabs/Props/Tools/P_PROP_awl_city.prefab"
True,0,0,1,False,False,170,0,430,0,120,1,101,False,"P_PROP_axe_city","Assets/Fantastic City Pack/Prefabs/Props/Tools/P_PROP_axe_city.prefab"
True,0,0,2,False,False,210,0,772,0,893,0,750,False,"P_PROP_barrel_01","Assets/Fantastic Village Pack/prefabs/props/P_PROP_barrel_01.prefab"
True,0,0,2,False,False,224,0,771,0,844,0,749,False,"P_PROP_barrel_02","Assets/Fantastic Village Pack/prefabs/props/P_PROP_barrel_02.prefab"
True,0,0,3,False,False,210,0,771,0,844,0,749,True,"P_PROP_barrel_03","Assets/Fantastic Village Pack/prefabs/props/P_PROP_barrel_03.prefab"
True,0,0,3,False,False,210,0,771,0,844,0,749,False,"P_PROP_barrel_04","Assets/Fantastic Village Pack/prefabs/props/P_PROP_barrel_04.prefab"
True,0,0,3,False,False,210,0,771,0,844,0,749,False,"P_PROP_barrel_05","Assets/Fantastic Village Pack/prefabs/props/P_PROP_barrel_05.prefab"
True,0,0,2,False,False,630,0,929,1,240,1,399,False,"P_PROP_barrel_06","Assets/Fantastic Village Pack/prefabs/props/P_PROP_barrel_06.prefab"
True,0,0,3,False,False,1504,1,004,2,104,2,491,False,"P_PROP_barrel_07","Assets/Fantastic Village Pack/prefabs/props/P_PROP_barrel_07.prefab"
True,0,0,3,False,False,344,1,044,1,048,0,965,False,"P_PROP_barrel_08","Assets/Fantastic Village Pack/prefabs/props/P_PROP_barrel_08.prefab"
True,0,0,1,False,False,294,0,777,0,900,0,779,False,"P_PROP_barrel_city_01","Assets/Fantastic City Pack/Prefabs/Props/Container/P_PROP_barrel_city_01.prefab"
True,0,0,1,False,False,308,0,777,0,900,0,779,False,"P_PROP_barrel_city_02","Assets/Fantastic City Pack/Prefabs/Props/Container/P_PROP_barrel_city_02.prefab"
True,0,0,1,False,False,256,1,950,1,510,1,234,False,"P_PROP_barrel_holder_city","Assets/Fantastic City Pack/Prefabs/Props/Container/P_PROP_barrel_holder_city.prefab"
True,0,0,1,False,False,80,0,555,0,240,0,542,False,"P_PROP_basket_01","Assets/Fantastic Village Pack/prefabs/props/P_PROP_basket_01.prefab"
True,0,0,1,False,False,80,0,508,0,453,0,474,False,"P_PROP_basket_02","Assets/Fantastic Village Pack/prefabs/props/P_PROP_basket_02.prefab"
True,0,0,1,False,False,80,0,417,0,230,0,598,False,"P_PROP_basket_03","Assets/Fantastic Village Pack/prefabs/props/P_PROP_basket_03.prefab"
True,0,0,1,False,False,168,0,531,0,589,0,539,False,"P_PROP_basket_city_01","Assets/Fantastic City Pack/Prefabs/Props/Container/P_PROP_basket_city_01.prefab"
True,0,0,1,False,False,168,0,526,0,391,0,524,False,"P_PROP_basket_city_02","Assets/Fantastic City Pack/Prefabs/Props/Container/P_PROP_basket_city_02.prefab"
True,0,0,1,False,False,216,0,430,0,209,0,410,False,"P_PROP_basket_city_03","Assets/Fantastic City Pack/Prefabs/Props/Container/P_PROP_basket_city_03.prefab"
True,0,0,1,False,False,168,0,259,0,094,0,208,False,"P_PROP_basket_city_04","Assets/Fantastic City Pack/Prefabs/Props/Container/P_PROP_basket_city_04.prefab"
True,0,0,2,False,False,332,0,269,0,696,0,273,False,"P_PROP_bell_city_01","Assets/Fantastic City Pack/Prefabs/Props/Deco/P_PROP_bell_city_01.prefab"
True,0,0,3,False,False,602,0,269,1,027,0,844,False,"P_PROP_bell_city_02","Assets/Fantastic City Pack/Prefabs/Props/Deco/P_PROP_bell_city_02.prefab"
True,0,0,1,False,False,124,1,809,0,442,0,641,False,"P_PROP_bench_01","Assets/Fantastic Village Pack/prefabs/props/P_PROP_bench_01.prefab"
True,0,0,1,False,False,156,1,895,1,097,0,896,False,"P_PROP_bench_02","Assets/Fantastic Village Pack/prefabs/props/P_PROP_bench_02.prefab"
True,0,0,1,False,False,974,2,161,1,299,1,211,False,"P_PROP_bench_city_01","Assets/Fantastic City Pack/Prefabs/Props/Furniture/P_PROP_bench_city_01.prefab"
True,0,0,2,False,False,316,0,662,1,178,0,662,False,"P_PROP_birdbath_city","Assets/Fantastic City Pack/Prefabs/Props/City_deco/P_PROP_birdbath_city.prefab"
True,0,0,2,False,False,326,1,423,0,541,0,782,False,"P_PROP_blacksmith_tank_city","Assets/Fantastic City Pack/Prefabs/Props/Crafting/P_PROP_blacksmith_tank_city.prefab"
True,0,0,1,False,False,88,0,351,0,075,0,337,False,"P_PROP_blossoms_city_01","Assets/Fantastic City Pack/Prefabs/Props/Crafting/P_PROP_blossoms_city_01.prefab"
True,0,0,1,False,False,88,0,324,0,075,0,358,False,"P_PROP_blossoms_city_02","Assets/Fantastic City Pack/Prefabs/Props/Crafting/P_PROP_blossoms_city_02.prefab"
True,0,0,3,False,False,192,2,146,1,545,0,386,False,"P_PROP_board_01","Assets/Fantastic Village Pack/prefabs/props/P_PROP_board_01.prefab"
True,0,0,1,False,False,100,2,146,1,545,0,249,False,"P_PROP_board_02","Assets/Fantastic Village Pack/prefabs/props/P_PROP_board_02.prefab"
True,0,0,1,False,False,56,0,441,0,055,0,299,False,"P_PROP_book_city_01","Assets/Fantastic City Pack/Prefabs/Props/Deco/P_PROP_book_city_01.prefab"
True,0,0,1,False,False,20,0,135,0,358,0,246,False,"P_PROP_book_city_02","Assets/Fantastic City Pack/Prefabs/Props/Deco/P_PROP_book_city_02.prefab"
True,0,0,1,False,False,20,0,081,0,394,0,246,False,"P_PROP_book_city_03","Assets/Fantastic City Pack/Prefabs/Props/Deco/P_PROP_book_city_03.prefab"
True,0,0,1,False,False,80,0,436,0,294,0,355,False,"P_PROP_book_city_04","Assets/Fantastic City Pack/Prefabs/Props/Deco/P_PROP_book_city_04.prefab"
True,0,0,1,False,False,592,9,115,0,997,9,135,False,"P_PROP_border_pond_city_01","Assets/Fantastic City Pack/Prefabs/Props/City_deco/P_PROP_border_pond_city_01.prefab"
True,0,0,1,False,False,72,0,113,0,279,0,125,False,"P_PROP_bottle_01","Assets/Fantastic Village Pack/prefabs/props/P_PROP_bottle_01.prefab"
True,0,0,1,False,False,96,0,169,0,289,0,187,False,"P_PROP_bottle_02","Assets/Fantastic Village Pack/prefabs/props/P_PROP_bottle_02.prefab"
True,0,0,1,False,False,96,0,200,0,284,0,222,False,"P_PROP_bottle_03","Assets/Fantastic Village Pack/prefabs/props/P_PROP_bottle_03.prefab"
True,0,0,1,False,False,72,0,113,0,279,0,125,False,"P_PROP_bottle_04","Assets/Fantastic Village Pack/prefabs/props/P_PROP_bottle_04.prefab"
True,0,0,1,False,False,96,0,169,0,289,0,187,False,"P_PROP_bottle_05","Assets/Fantastic Village Pack/prefabs/props/P_PROP_bottle_05.prefab"
True,0,0,1,False,False,96,0,200,0,284,0,222,False,"P_PROP_bottle_06","Assets/Fantastic Village Pack/prefabs/props/P_PROP_bottle_06.prefab"
True,0,0,1,False,False,72,0,113,0,279,0,125,False,"P_PROP_bottle_07","Assets/Fantastic Village Pack/prefabs/props/P_PROP_bottle_07.prefab"
True,0,0,1,False,False,96,0,169,0,289,0,187,False,"P_PROP_bottle_08","Assets/Fantastic Village Pack/prefabs/props/P_PROP_bottle_08.prefab"
True,0,0,1,False,False,96,0,200,0,284,0,222,False,"P_PROP_bottle_09","Assets/Fantastic Village Pack/prefabs/props/P_PROP_bottle_09.prefab"
True,0,0,1,False,False,108,0,171,0,353,0,189,False,"P_PROP_bottle_city_01","Assets/Fantastic City Pack/Prefabs/Props/Crafting/P_PROP_bottle_city_01.prefab"
True,0,0,1,False,False,108,0,170,0,381,0,106,False,"P_PROP_bottle_city_02","Assets/Fantastic City Pack/Prefabs/Props/Crafting/P_PROP_bottle_city_02.prefab"
True,0,0,1,False,False,120,0,154,0,331,0,171,False,"P_PROP_bottle_city_03","Assets/Fantastic City Pack/Prefabs/Props/Crafting/P_PROP_bottle_city_03.prefab"
True,0,0,1,False,False,216,0,173,0,290,0,169,False,"P_PROP_bottle_city_04","Assets/Fantastic City Pack/Prefabs/Props/Crafting/P_PROP_bottle_city_04.prefab"
True,0,0,1,False,False,84,0,143,0,542,0,145,False,"P_PROP_bottle_city_05","Assets/Fantastic City Pack/Prefabs/Props/Food/P_PROP_bottle_city_05.prefab"
True,0,0,1,False,False,120,0,192,0,571,0,201,False,"P_PROP_bottle_city_06","Assets/Fantastic City Pack/Prefabs/Props/Food/P_PROP_bottle_city_06.prefab"
True,0,0,1,False,False,106,0,232,0,395,0,247,False,"P_PROP_bottle_city_07","Assets/Fantastic City Pack/Prefabs/Props/Crafting/P_PROP_bottle_city_07.prefab"
True,0,0,1,False,False,108,0,140,0,237,0,155,False,"P_PROP_bottle_city_08","Assets/Fantastic City Pack/Prefabs/Props/Crafting/P_PROP_bottle_city_08.prefab"
True,0,0,1,False,False,96,0,348,0,128,0,339,False,"P_PROP_bowl_metal","Assets/Fantastic Village Pack/prefabs/props/P_PROP_bowl_metal.prefab"
True,0,0,1,False,False,80,0,277,0,102,0,270,False,"P_PROP_bowl_wood_01","Assets/Fantastic Village Pack/prefabs/props/P_PROP_bowl_wood_01.prefab"
True,0,0,2,False,False,96,0,277,0,102,0,270,False,"P_PROP_bowl_wood_02","Assets/Fantastic Village Pack/prefabs/props/P_PROP_bowl_wood_02.prefab"
True,0,0,2,False,False,96,0,277,0,102,0,270,False,"P_PROP_bowl_wood_03","Assets/Fantastic Village Pack/prefabs/props/P_PROP_bowl_wood_03.prefab"
True,0,0,2,False,False,96,0,277,0,102,0,270,False,"P_PROP_bowl_wood_04","Assets/Fantastic Village Pack/prefabs/props/P_PROP_bowl_wood_04.prefab"
True,0,0,2,False,False,96,0,277,0,102,0,270,False,"P_PROP_bowl_wood_05","Assets/Fantastic Village Pack/prefabs/props/P_PROP_bowl_wood_05.prefab"
True,0,0,2,False,False,160,0,981,0,966,1,059,False,"P_PROP_box_01","Assets/Fantastic Village Pack/prefabs/props/P_PROP_box_01.prefab"
True,0,0,5,False,False,238,1,567,0,858,0,943,False,"P_PROP_box_02","Assets/Fantastic Village Pack/prefabs/props/P_PROP_box_02.prefab"
True,0,0,5,False,False,238,1,572,0,858,0,989,False,"P_PROP_box_03","Assets/Fantastic Village Pack/prefabs/props/P_PROP_box_03.prefab"
True,0,0,4,False,False,238,1,557,0,858,0,982,False,"P_PROP_box_04","Assets/Fantastic Village Pack/prefabs/props/P_PROP_box_04.prefab"
True,0,0,2,False,False,144,0,634,0,495,0,932,False,"P_PROP_box_05","Assets/Fantastic Village Pack/prefabs/props/P_PROP_box_05.prefab"
True,0,0,4,False,False,366,1,189,0,744,1,227,False,"P_PROP_brazier_01","Assets/Fantastic Village Pack/prefabs/props/P_PROP_brazier_01.prefab"
True,0,0,1,False,False,246,1,189,0,479,1,227,False,"P_PROP_brazier_02","Assets/Fantastic Village Pack/prefabs/props/P_PROP_brazier_02.prefab"
True,0,0,1,False,False,292,0,433,0,732,0,306,False,"P_PROP_brazier_03","Assets/Fantastic Village Pack/prefabs/props/P_PROP_brazier_03.prefab"
True,0,0,3,False,False,640,0,904,1,221,0,874,False,"P_PROP_brazier_04","Assets/Fantastic Village Pack/prefabs/props/P_PROP_brazier_04.prefab"
True,0,0,3,False,False,272,0,409,2,184,0,416,False,"P_PROP_brazier_05","Assets/Fantastic Village Pack/prefabs/props/P_PROP_brazier_05.prefab"
True,0,0,1,False,False,432,3,571,3,217,9,334,False,"P_PROP_bridge_stone_01","Assets/Fantastic Village Pack/prefabs/props/P_PROP_bridge_stone_01.prefab"
True,0,0,2,False,False,360,1,992,1,430,4,416,False,"P_PROP_bridge_wood_01","Assets/Fantastic Village Pack/prefabs/props/P_PROP_bridge_wood_01.prefab"
True,0,0,1,False,False,408,2,035,1,430,4,416,False,"P_PROP_bridge_wood_02","Assets/Fantastic Village Pack/prefabs/props/P_PROP_bridge_wood_02.prefab"
True,0,0,2,False,False,392,1,998,1,768,4,286,False,"P_PROP_bridge_wood_03","Assets/Fantastic Village Pack/prefabs/props/P_PROP_bridge_wood_03.prefab"
True,0,0,1,False,False,440,2,018,1,768,4,286,False,"P_PROP_bridge_wood_04","Assets/Fantastic Village Pack/prefabs/props/P_PROP_bridge_wood_04.prefab"
True,0,0,1,False,False,136,0,327,0,072,1,551,False,"P_PROP_broom_city","Assets/Fantastic City Pack/Prefabs/Props/Tools/P_PROP_broom_city.prefab"
True,0,0,1,False,False,50,0,031,0,030,0,488,False,"P_PROP_brush_city","Assets/Fantastic City Pack/Prefabs/Props/Tools/P_PROP_brush_city.prefab"
True,0,0,2,False,False,128,0,543,0,358,0,602,False,"P_PROP_bucket_01","Assets/Fantastic Village Pack/prefabs/props/P_PROP_bucket_01.prefab"
True,0,0,2,False,False,128,0,691,0,374,0,602,False,"P_PROP_bucket_02","Assets/Fantastic Village Pack/prefabs/props/P_PROP_bucket_02.prefab"
True,0,0,3,False,False,158,0,705,0,374,0,602,False,"P_PROP_bucket_03","Assets/Fantastic Village Pack/prefabs/props/P_PROP_bucket_03.prefab"
True,0,0,3,False,False,640,0,661,0,882,0,629,False,"P_PROP_bucket_04","Assets/Fantastic Village Pack/prefabs/props/P_PROP_bucket_04.prefab"
True,0,0,1,False,False,338,0,462,0,411,0,475,False,"P_PROP_bucket_champagne_city","Assets/Fantastic City Pack/Prefabs/Props/Container/P_PROP_bucket_champagne_city.prefab"
True,0,0,2,False,False,348,0,373,0,496,0,313,False,"P_PROP_bucket_city_01","Assets/Fantastic City Pack/Prefabs/Props/Container/P_PROP_bucket_city_01.prefab"
True,0,0,2,False,False,300,0,513,0,574,0,407,False,"P_PROP_bucket_city_02","Assets/Fantastic City Pack/Prefabs/Props/Container/P_PROP_bucket_city_02.prefab"
True,0,0,1,False,False,144,0,371,0,337,0,354,False,"P_PROP_bucket_city_03","Assets/Fantastic City Pack/Prefabs/Props/Container/P_PROP_bucket_city_03.prefab"
True,0,0,1,False,False,312,2,229,2,313,0,864,False,"P_PROP_bulletinboard_city_01","Assets/Fantastic City Pack/Prefabs/Props/City_deco/P_PROP_bulletinboard_city_01.prefab"
True,0,0,3,False,False,668,1,016,0,328,1,055,False,"P_PROP_campfire","Assets/Fantastic Village Pack/prefabs/props/P_PROP_campfire.prefab"
True,0,0,1,False,False,622,1,145,0,295,1,156,False,"P_PROP_campfire_city","Assets/Fantastic City Pack/Prefabs/Props/Crafting/P_PROP_campfire_city.prefab"
True,0,0,1,False,False,220,1,682,1,125,0,379,False,"P_PROP_campfire_poles","Assets/Fantastic Village Pack/prefabs/props/P_PROP_campfire_poles.prefab"
True,0,0,2,False,False,552,1,995,0,962,0,098,False,"P_PROP_campfire_poles_city","Assets/Fantastic City Pack/Prefabs/Props/Crafting/P_PROP_campfire_poles_city.prefab"
True,0,0,1,False,False,830,0,376,0,405,0,294,False,"P_PROP_candle_city_01","Assets/Fantastic City Pack/Prefabs/Props/Lights/P_PROP_candle_city_01.prefab"
True,0,0,1,False,False,494,0,108,0,399,0,339,False,"P_PROP_candle_city_02","Assets/Fantastic City Pack/Prefabs/Props/Lights/P_PROP_candle_city_02.prefab"
True,0,0,1,False,False,238,0,122,0,585,0,119,False,"P_PROP_candle_city_03","Assets/Fantastic City Pack/Prefabs/Props/Lights/P_PROP_candle_city_03.prefab"
True,0,0,1,False,False,238,0,121,0,404,0,119,False,"P_PROP_candle_city_04","Assets/Fantastic City Pack/Prefabs/Props/Lights/P_PROP_candle_city_04.prefab"
True,0,0,1,False,False,68,0,123,0,228,0,128,False,"P_PROP_candle_city_05","Assets/Fantastic City Pack/Prefabs/Props/Lights/P_PROP_candle_city_05.prefab"
True,0,0,1,False,False,68,0,096,0,300,0,101,False,"P_PROP_candle_city_06","Assets/Fantastic City Pack/Prefabs/Props/Lights/P_PROP_candle_city_06.prefab"
True,0,0,1,False,False,48,0,774,0,514,0,031,False,"P_PROP_canvas_city","Assets/Fantastic City Pack/Prefabs/Props/Deco/P_PROP_canvas_city.prefab"
True,0,0,1,False,False,28,0,102,0,053,0,160,False,"P_PROP_cards_city_01","Assets/Fantastic City Pack/Prefabs/Props/Deco/P_PROP_cards_city_01.prefab"
True,0,0,1,False,False,112,0,351,0,017,0,215,False,"P_PROP_cards_city_02","Assets/Fantastic City Pack/Prefabs/Props/Deco/P_PROP_cards_city_02.prefab"
True,0,0,1,False,False,28,0,102,0,006,0,160,False,"P_PROP_cards_city_03","Assets/Fantastic City Pack/Prefabs/Props/Deco/P_PROP_cards_city_03.prefab"
True,0,0,1,False,False,12,1,991,0,000,2,988,False,"P_PROP_carpet_city_01","Assets/Fantastic City Pack/Prefabs/Props/Deco/P_PROP_carpet_city_01.prefab"
True,0,0,1,False,False,12,2,109,0,000,1,980,False,"P_PROP_carpet_city_02","Assets/Fantastic City Pack/Prefabs/Props/Deco/P_PROP_carpet_city_02.prefab"
True,0,0,7,False,False,1432,2,336,1,678,4,381,True,"P_PROP_cart_01","Assets/Fantastic Village Pack/prefabs/props/P_PROP_cart_01.prefab"
True,0,0,7,False,False,1432,2,747,1,939,4,381,False,"P_PROP_cart_02","Assets/Fantastic Village Pack/prefabs/props/P_PROP_cart_02.prefab"
True,0,0,8,False,False,1672,2,747,2,306,4,381,False,"P_PROP_cart_03","Assets/Fantastic Village Pack/prefabs/props/P_PROP_cart_03.prefab"
True,0,0,4,False,False,800,2,072,1,157,4,471,False,"P_PROP_cart_city_01","Assets/Fantastic City Pack/Prefabs/Props/Market/P_PROP_cart_city_01.prefab"
True,0,0,3,False,False,1278,1,264,1,034,2,508,False,"P_PROP_cart_city_02","Assets/Fantastic City Pack/Prefabs/Props/Market/P_PROP_cart_city_02.prefab"
True,0,0,3,False,False,1288,1,264,0,921,2,942,False,"P_PROP_cart_city_03","Assets/Fantastic City Pack/Prefabs/Props/Market/P_PROP_cart_city_03.prefab"
True,0,0,4,False,False,2418,1,264,2,163,2,723,False,"P_PROP_cart_city_03 1","Assets/Fantastic City Pack/Prefabs/Props/Market/P_PROP_cart_city_03 1.prefab"
True,0,0,4,False,False,2206,1,295,2,197,2,942,False,"P_PROP_cart_city_04","Assets/Fantastic City Pack/Prefabs/Props/Market/P_PROP_cart_city_04.prefab"
True,0,0,1,False,False,1140,1,197,1,582,1,762,False,"P_PROP_cart_roof_city_01","Assets/Fantastic City Pack/Prefabs/Props/Market/P_PROP_cart_roof_city_01.prefab"
True,0,0,1,False,False,918,0,892,1,388,1,782,False,"P_PROP_cart_roof_city_02","Assets/Fantastic City Pack/Prefabs/Props/Market/P_PROP_cart_roof_city_02.prefab"
True,0,0,2,False,False,432,0,350,1,411,1,411,False,"P_PROP_cart_wheel_big","Assets/Fantastic Village Pack/prefabs/props/P_PROP_cart_wheel_big.prefab"
True,0,0,1,False,False,336,0,118,0,846,0,846,False,"P_PROP_cart_wheel_city","Assets/Fantastic City Pack/Prefabs/Props/Market/P_PROP_cart_wheel_city.prefab"
True,0,0,2,False,False,432,0,097,0,656,0,656,False,"P_PROP_cart_wheel_small","Assets/Fantastic Village Pack/prefabs/props/P_PROP_cart_wheel_small.prefab"
True,0,0,1,False,False,574,0,565,0,400,0,452,False,"P_PROP_cauldron_city","Assets/Fantastic City Pack/Prefabs/Props/Crafting/P_PROP_cauldron_city.prefab"
True,0,0,1,False,False,16,0,376,0,034,0,368,False,"P_PROP_cauldron_plane_city","Assets/Fantastic City Pack/Prefabs/Props/Crafting/P_PROP_cauldron_plane_city.prefab"
True,0,0,1,False,False,24,3,962,0,334,0,107,False,"P_PROP_chains_city_01","Assets/Fantastic City Pack/Prefabs/Props/City_deco/P_PROP_chains_city_01.prefab"
True,0,0,1,False,False,98,0,496,1,167,0,661,False,"P_PROP_chair_02","Assets/Fantastic Village Pack/prefabs/props/P_PROP_chair_02.prefab"
True,0,0,1,False,False,128,0,540,0,968,0,614,False,"P_PROP_chair_03","Assets/Fantastic Village Pack/prefabs/props/P_PROP_chair_03.prefab"
True,0,0,1,False,False,1076,0,519,1,135,0,646,False,"P_PROP_chair_city_01 (4)","Assets/Fantastic City Pack/Prefabs/Props/Furniture/P_PROP_chair_city_01 (4).prefab"
True,0,0,1,False,False,344,0,558,1,120,0,584,False,"P_PROP_chair_city_02","Assets/Fantastic City Pack/Prefabs/Props/Furniture/P_PROP_chair_city_02.prefab"
True,0,0,1,False,False,302,0,567,1,120,0,627,False,"P_PROP_chair_city_03","Assets/Fantastic City Pack/Prefabs/Props/Furniture/P_PROP_chair_city_03.prefab"
True,0,0,1,False,False,262,0,556,1,274,0,732,False,"P_PROP_chair_city_04","Assets/Fantastic City Pack/Prefabs/Props/Furniture/P_PROP_chair_city_04.prefab"
True,0,0,1,False,False,272,0,451,0,521,0,452,False,"P_PROP_chair_city_05","Assets/Fantastic City Pack/Prefabs/Props/Furniture/P_PROP_chair_city_05.prefab"
True,0,0,1,False,False,48,0,669,0,023,0,669,False,"P_PROP_checkers_board_city","Assets/Fantastic City Pack/Prefabs/Props/Deco/P_PROP_checkers_board_city.prefab"
True,0,0,1,False,False,28,0,063,0,012,0,063,False,"P_PROP_checkers_piece_city_01","Assets/Fantastic City Pack/Prefabs/Props/Deco/P_PROP_checkers_piece_city_01.prefab"
True,0,0,1,False,False,28,0,063,0,012,0,063,False,"P_PROP_checkers_piece_city_02","Assets/Fantastic City Pack/Prefabs/Props/Deco/P_PROP_checkers_piece_city_02.prefab"
True,0,0,2,False,False,346,0,811,0,343,0,464,False,"P_PROP_chest_city_01","Assets/Fantastic City Pack/Prefabs/Props/Container/P_PROP_chest_city_01.prefab"
True,0,0,2,False,False,664,0,764,0,726,0,518,False,"P_PROP_chest_city_02","Assets/Fantastic City Pack/Prefabs/Props/Container/P_PROP_chest_city_02.prefab"
True,0,0,1,False,False,112,0,082,0,080,0,559,False,"P_PROP_chisel_city","Assets/Fantastic City Pack/Prefabs/Props/Tools/P_PROP_chisel_city.prefab"
True,0,0,1,False,False,80,0,309,0,082,0,295,False,"P_PROP_cloth_city_01","Assets/Fantastic City Pack/Prefabs/Props/Crafting/P_PROP_cloth_city_01.prefab"
True,0,0,1,False,False,42,0,171,0,133,1,042,False,"P_PROP_cloth_city_02","Assets/Fantastic City Pack/Prefabs/Props/Crafting/P_PROP_cloth_city_02.prefab"
True,0,0,3,False,False,220,0,280,1,288,2,896,True,"P_PROP_clothesline_01","Assets/Fantastic Village Pack/prefabs/props/P_PROP_clothesline_01.prefab"
True,0,0,3,False,False,240,0,202,0,988,2,896,False,"P_PROP_clothesline_02","Assets/Fantastic Village Pack/prefabs/props/P_PROP_clothesline_02.prefab"
True,0,0,2,False,False,180,0,187,0,448,2,896,False,"P_PROP_clothesline_03","Assets/Fantastic Village Pack/prefabs/props/P_PROP_clothesline_03.prefab"
True,0,0,2,False,False,154,1,538,0,788,2,718,False,"P_PROP_coffin","Assets/Fantastic Village Pack/prefabs/props/P_PROP_coffin.prefab"
True,0,0,1,False,False,40,0,057,0,010,0,057,False,"P_PROP_coin_city_01","Assets/Fantastic City Pack/Prefabs/Props/Deco/P_PROP_coin_city_01.prefab"
True,0,0,1,False,False,280,0,139,0,021,0,153,False,"P_PROP_coin_city_02","Assets/Fantastic City Pack/Prefabs/Props/Deco/P_PROP_coin_city_02.prefab"
True,0,0,1,False,False,448,0,416,0,130,0,225,False,"P_PROP_coinpouch_city_01","Assets/Fantastic City Pack/Prefabs/Props/Deco/P_PROP_coinpouch_city_01.prefab"
True,0,0,1,False,False,186,0,210,0,230,0,263,False,"P_PROP_coinpouch_city_02","Assets/Fantastic City Pack/Prefabs/Props/Deco/P_PROP_coinpouch_city_02.prefab"
True,0,0,2,False,False,628,1,614,0,822,1,250,False,"P_PROP_cookingpot_big","Assets/Fantastic Village Pack/prefabs/props/P_PROP_cookingpot_big.prefab"
True,0,0,1,False,False,190,0,320,0,241,0,667,False,"P_PROP_cookingpot_city_01","Assets/Fantastic City Pack/Prefabs/Props/Container/P_PROP_cookingpot_city_01.prefab"
True,0,0,2,False,False,674,0,393,0,479,0,382,False,"P_PROP_cookingpot_city_02","Assets/Fantastic City Pack/Prefabs/Props/Container/P_PROP_cookingpot_city_02.prefab"
True,0,0,1,False,False,144,0,335,0,090,0,335,False,"P_PROP_cookingpot_lid_city_01","Assets/Fantastic City Pack/Prefabs/Props/Container/P_PROP_cookingpot_lid_city_01.prefab"
True,0,0,3,False,False,862,0,578,0,598,0,629,False,"P_PROP_cookingpot_small","Assets/Fantastic Village Pack/prefabs/props/P_PROP_cookingpot_small.prefab"
True,0,0,1,False,False,280,0,645,0,462,0,891,False,"P_PROP_crate_01","Assets/Fantastic Village Pack/prefabs/props/P_PROP_crate_01.prefab"
True,0,0,2,False,False,760,0,645,0,510,0,891,False,"P_PROP_crate_02","Assets/Fantastic Village Pack/prefabs/props/P_PROP_crate_02.prefab"
True,0,0,2,False,False,696,0,645,0,554,0,891,False,"P_PROP_crate_03","Assets/Fantastic Village Pack/prefabs/props/P_PROP_crate_03.prefab"
True,0,0,2,False,False,808,0,645,0,462,0,891,False,"P_PROP_crate_04","Assets/Fantastic Village Pack/prefabs/props/P_PROP_crate_04.prefab"
True,0,0,2,False,False,848,0,645,0,467,0,891,False,"P_PROP_crate_05","Assets/Fantastic Village Pack/prefabs/props/P_PROP_crate_05.prefab"
True,0,0,1,False,False,52,0,560,0,258,0,710,False,"P_PROP_crate_city_01","Assets/Fantastic City Pack/Prefabs/Props/Container/P_PROP_crate_city_01.prefab"
True,0,0,1,False,False,124,0,604,0,277,0,702,False,"P_PROP_crate_city_02","Assets/Fantastic City Pack/Prefabs/Props/Container/P_PROP_crate_city_02.prefab"
True,0,0,1,False,False,224,0,777,0,747,0,823,False,"P_PROP_crate_city_03","Assets/Fantastic City Pack/Prefabs/Props/Container/P_PROP_crate_city_03.prefab"
True,0,0,1,False,False,208,0,775,0,682,0,823,False,"P_PROP_crate_city_04","Assets/Fantastic City Pack/Prefabs/Props/Container/P_PROP_crate_city_04.prefab"
True,0,0,1,False,False,200,0,781,0,487,0,799,False,"P_PROP_crate_city_05","Assets/Fantastic City Pack/Prefabs/Props/Container/P_PROP_crate_city_05.prefab"
True,0,0,1,False,False,134,0,904,0,552,0,950,False,"P_PROP_crate_cover_city","Assets/Fantastic City Pack/Prefabs/Props/Container/P_PROP_crate_cover_city.prefab"
True,0,0,1,False,False,124,0,161,0,122,0,118,False,"P_PROP_cup","Assets/Fantastic Village Pack/prefabs/props/P_PROP_cup.prefab"
True,0,0,1,False,False,134,0,160,0,074,0,130,False,"P_PROP_cup_city_01","Assets/Fantastic City Pack/Prefabs/Props/Dishes/P_PROP_cup_city_01.prefab"
True,0,0,1,False,False,134,0,192,0,180,0,152,False,"P_PROP_cup_city_02","Assets/Fantastic City Pack/Prefabs/Props/Dishes/P_PROP_cup_city_02.prefab"
True,0,0,1,False,False,393,0,471,0,622,0,471,False,"P_PROP_cupcake_holder_city","Assets/Fantastic City Pack/Prefabs/Props/Dishes/P_PROP_cupcake_holder_city.prefab"
True,0,0,1,False,False,1138,1,920,2,102,0,284,False,"P_PROP_curtain_city_01","Assets/Fantastic City Pack/Prefabs/Props/Deco/P_PROP_curtain_city_01.prefab"
True,0,0,1,False,False,72,0,490,0,016,0,335,False,"P_PROP_cuttingboard_city","Assets/Fantastic City Pack/Prefabs/Props/Crafting/P_PROP_cuttingboard_city.prefab"
True,0,0,1,False,False,32,0,738,0,018,0,508,False,"P_PROP_doormat_city","Assets/Fantastic City Pack/Prefabs/Props/Deco/P_PROP_doormat_city.prefab"
True,0,0,1,False,False,535,0,443,1,639,0,440,False,"P_PROP_dressform_city","Assets/Fantastic City Pack/Prefabs/Props/Crafting/P_PROP_dressform_city.prefab"
True,0,0,1,False,False,500,2,679,2,042,1,205,False,"P_PROP_dryingrack_city","Assets/Fantastic City Pack/Prefabs/Props/Crafting/P_PROP_dryingrack_city.prefab"
True,0,0,1,False,False,188,0,763,1,821,0,642,False,"P_PROP_easel_city","Assets/Fantastic City Pack/Prefabs/Props/Deco/P_PROP_easel_city.prefab"
True,0,0,3,False,False,624,1,998,1,366,0,206,False,"P_PROP_fence_city_01","Assets/Fantastic City Pack/Prefabs/Props/City_deco/P_PROP_fence_city_01.prefab"
True,0,0,1,False,False,224,2,000,1,174,0,131,False,"P_PROP_fence_city_02","Assets/Fantastic City Pack/Prefabs/Props/City_deco/P_PROP_fence_city_02.prefab"
True,0,0,4,False,False,196,2,060,1,164,0,332,False,"P_PROP_fence_door_gate","Assets/Fantastic Village Pack/prefabs/props/P_PROP_fence_door_gate.prefab"
True,0,0,3,False,False,212,2,863,2,010,0,464,False,"P_PROP_fence_v01_01","Assets/Fantastic Village Pack/prefabs/props/P_PROP_fence_v01_01.prefab"
True,0,0,3,False,False,212,2,819,2,012,0,543,False,"P_PROP_fence_v01_02","Assets/Fantastic Village Pack/prefabs/props/P_PROP_fence_v01_02.prefab"
True,0,0,3,False,False,212,2,802,2,054,0,543,False,"P_PROP_fence_v01_03","Assets/Fantastic Village Pack/prefabs/props/P_PROP_fence_v01_03.prefab"
True,0,0,3,False,False,172,2,791,2,016,0,543,False,"P_PROP_fence_v01_04","Assets/Fantastic Village Pack/prefabs/props/P_PROP_fence_v01_04.prefab"
True,0,0,3,False,False,140,3,273,2,020,1,253,False,"P_PROP_fence_v01_05","Assets/Fantastic Village Pack/prefabs/props/P_PROP_fence_v01_05.prefab"
True,0,0,3,False,False,104,2,108,1,169,0,419,False,"P_PROP_fence_v02_01","Assets/Fantastic Village Pack/prefabs/props/P_PROP_fence_v02_01.prefab"
True,0,0,3,False,False,104,2,086,1,169,0,389,False,"P_PROP_fence_v02_02","Assets/Fantastic Village Pack/prefabs/props/P_PROP_fence_v02_02.prefab"
True,0,0,3,False,False,104,2,088,1,169,0,411,False,"P_PROP_fence_v02_03","Assets/Fantastic Village Pack/prefabs/props/P_PROP_fence_v02_03.prefab"
True,0,0,3,False,False,144,2,076,1,169,0,430,False,"P_PROP_fence_v02_04","Assets/Fantastic Village Pack/prefabs/props/P_PROP_fence_v02_04.prefab"
True,0,0,3,False,False,84,2,135,1,169,0,419,False,"P_PROP_fence_v03_01","Assets/Fantastic Village Pack/prefabs/props/P_PROP_fence_v03_01.prefab"
True,0,0,3,False,False,84,2,060,1,169,0,372,False,"P_PROP_fence_v03_02","Assets/Fantastic Village Pack/prefabs/props/P_PROP_fence_v03_02.prefab"
True,0,0,3,False,False,84,2,066,1,169,0,388,False,"P_PROP_fence_v03_03","Assets/Fantastic Village Pack/prefabs/props/P_PROP_fence_v03_03.prefab"
True,0,0,3,False,False,104,2,066,1,169,0,417,False,"P_PROP_fence_v03_04","Assets/Fantastic Village Pack/prefabs/props/P_PROP_fence_v03_04.prefab"
True,0,0,4,False,False,192,5,717,4,014,0,927,False,"P_PROP_fence_v04_01","Assets/Fantastic Village Pack/prefabs/props/P_PROP_fence_v04_01.prefab"
True,0,0,4,False,False,192,5,631,4,017,1,084,False,"P_PROP_fence_v04_02","Assets/Fantastic Village Pack/prefabs/props/P_PROP_fence_v04_02.prefab"
True,0,0,4,False,False,192,5,596,4,103,1,084,False,"P_PROP_fence_v04_03","Assets/Fantastic Village Pack/prefabs/props/P_PROP_fence_v04_03.prefab"
True,0,0,1,False,False,126,1,364,0,234,1,359,False,"P_PROP_firepit","Assets/Fantastic Village Pack/prefabs/props/P_PROP_firepit.prefab"
True,0,0,1,False,False,84,0,732,0,284,0,664,False,"P_PROP_firepit_woodpile","Assets/Fantastic Village Pack/prefabs/props/P_PROP_firepit_woodpile.prefab"
True,0,0,1,False,False,318,2,315,3,757,2,156,False,"P_PROP_fireplace_city","Assets/Fantastic City Pack/Prefabs/Props/Crafting/P_PROP_fireplace_city.prefab"
True,0,0,6,False,False,470,1,227,5,865,3,775,True,"P_PROP_flag_01","Assets/Fantastic Village Pack/prefabs/props/P_PROP_flag_01.prefab"
True,0,0,6,False,False,470,1,227,5,899,3,775,False,"P_PROP_flag_02","Assets/Fantastic Village Pack/prefabs/props/P_PROP_flag_02.prefab"
True,0,0,3,False,False,186,0,406,6,564,0,755,False,"P_PROP_flag_03","Assets/Fantastic Village Pack/prefabs/props/P_PROP_flag_03.prefab"
True,0,0,3,False,False,186,0,406,6,564,0,755,False,"P_PROP_flag_04","Assets/Fantastic Village Pack/prefabs/props/P_PROP_flag_04.prefab"
True,0,0,3,False,False,186,0,406,6,564,2,859,False,"P_PROP_flag_05","Assets/Fantastic Village Pack/prefabs/props/P_PROP_flag_05.prefab"
True,0,0,3,False,False,186,0,406,6,564,2,859,False,"P_PROP_flag_06","Assets/Fantastic Village Pack/prefabs/props/P_PROP_flag_06.prefab"
True,0,0,2,False,False,214,2,063,2,414,0,145,False,"P_PROP_flag_city_01","Assets/Fantastic City Pack/Prefabs/Props/Flags/P_PROP_flag_city_01.prefab"
True,0,0,2,False,False,224,1,926,2,680,0,145,False,"P_PROP_flag_city_02","Assets/Fantastic City Pack/Prefabs/Props/Flags/P_PROP_flag_city_02.prefab"
True,0,0,2,False,False,163,1,904,5,551,0,455,False,"P_PROP_flag_city_03","Assets/Fantastic City Pack/Prefabs/Props/Flags/P_PROP_flag_city_03.prefab"
True,0,0,2,False,False,231,2,664,5,551,0,412,False,"P_PROP_flag_city_04","Assets/Fantastic City Pack/Prefabs/Props/Flags/P_PROP_flag_city_04.prefab"
True,0,0,2,False,False,222,2,414,4,856,0,145,False,"P_PROP_flag_city_05","Assets/Fantastic City Pack/Prefabs/Props/Flags/P_PROP_flag_city_05.prefab"
True,0,0,2,False,False,235,3,581,5,551,0,417,False,"P_PROP_flag_city_06","Assets/Fantastic City Pack/Prefabs/Props/Flags/P_PROP_flag_city_06.prefab"
True,0,0,1,False,False,80,0,182,0,177,0,182,False,"P_PROP_food_apple","Assets/Fantastic Village Pack/prefabs/props/P_PROP_food_apple.prefab"
True,0,0,1,False,False,40,0,072,0,023,0,213,False,"P_PROP_food_asparagus_city","Assets/Fantastic City Pack/Prefabs/Props/Food/P_PROP_food_asparagus_city.prefab"
True,0,0,1,False,False,84,0,147,0,088,0,384,False,"P_PROP_food_banana_01","Assets/Fantastic Village Pack/prefabs/props/P_PROP_food_banana_01.prefab"
True,0,0,1,False,False,420,0,257,0,172,0,374,False,"P_PROP_food_banana_02","Assets/Fantastic Village Pack/prefabs/props/P_PROP_food_banana_02.prefab"
True,0,0,1,False,False,104,0,157,0,187,0,155,False,"P_PROP_food_bellpepper","Assets/Fantastic Village Pack/prefabs/props/P_PROP_food_bellpepper.prefab"
True,0,0,1,False,False,30,0,346,0,097,0,173,False,"P_PROP_food_bread_01","Assets/Fantastic Village Pack/prefabs/props/P_PROP_food_bread_01.prefab"
True,0,0,1,False,False,48,0,346,0,097,0,346,False,"P_PROP_food_bread_02","Assets/Fantastic Village Pack/prefabs/props/P_PROP_food_bread_02.prefab"
True,0,0,1,False,False,40,0,130,0,097,0,067,False,"P_PROP_food_bread_03","Assets/Fantastic Village Pack/prefabs/props/P_PROP_food_bread_03.prefab"
True,0,0,1,False,False,64,0,182,0,116,0,182,False,"P_PROP_food_bread_04","Assets/Fantastic Village Pack/prefabs/props/P_PROP_food_bread_04.prefab"
True,0,0,1,False,False,64,0,182,0,123,0,182,False,"P_PROP_food_bread_05","Assets/Fantastic Village Pack/prefabs/props/P_PROP_food_bread_05.prefab"
True,0,0,1,False,False,24,0,240,0,141,0,068,False,"P_PROP_food_bread_06","Assets/Fantastic Village Pack/prefabs/props/P_PROP_food_bread_06.prefab"
True,0,0,1,False,False,36,0,240,0,141,0,317,False,"P_PROP_food_bread_07","Assets/Fantastic Village Pack/prefabs/props/P_PROP_food_bread_07.prefab"
True,0,0,1,False,False,48,0,235,0,138,0,597,False,"P_PROP_food_bread_08","Assets/Fantastic Village Pack/prefabs/props/P_PROP_food_bread_08.prefab"
True,0,0,1,False,False,48,0,189,0,147,1,043,False,"P_PROP_food_bread_09","Assets/Fantastic Village Pack/prefabs/props/P_PROP_food_bread_09.prefab"
True,0,0,1,False,False,36,0,184,0,141,0,622,False,"P_PROP_food_bread_10","Assets/Fantastic Village Pack/prefabs/props/P_PROP_food_bread_10.prefab"
True,0,0,1,False,False,60,0,206,0,136,0,353,False,"P_PROP_food_bread_11","Assets/Fantastic Village Pack/prefabs/props/P_PROP_food_bread_11.prefab"
True,0,0,1,False,False,64,0,159,0,082,0,139,False,"P_PROP_food_bread_city_01","Assets/Fantastic City Pack/Prefabs/Props/Food/P_PROP_food_bread_city_01.prefab"
True,0,0,1,False,False,36,0,030,0,080,0,115,False,"P_PROP_food_bread_city_02","Assets/Fantastic City Pack/Prefabs/Props/Food/P_PROP_food_bread_city_02.prefab"
True,0,0,1,False,False,64,0,159,0,082,0,170,False,"P_PROP_food_bread_city_03","Assets/Fantastic City Pack/Prefabs/Props/Food/P_PROP_food_bread_city_03.prefab"
True,0,0,1,False,False,82,0,502,0,114,0,216,False,"P_PROP_food_bread_city_04","Assets/Fantastic City Pack/Prefabs/Props/Food/P_PROP_food_bread_city_04.prefab"
True,0,0,1,False,False,94,0,305,0,310,0,390,False,"P_PROP_food_broccoli","Assets/Fantastic Village Pack/prefabs/props/P_PROP_food_broccoli.prefab"
True,0,0,1,False,False,84,0,242,0,126,0,911,False,"P_PROP_food_carrot_01","Assets/Fantastic Village Pack/prefabs/props/P_PROP_food_carrot_01.prefab"
True,0,0,1,False,False,60,0,098,0,092,0,392,False,"P_PROP_food_carrot_02","Assets/Fantastic Village Pack/prefabs/props/P_PROP_food_carrot_02.prefab"
True,0,0,1,False,False,120,0,375,0,286,0,374,False,"P_PROP_food_cauliflower","Assets/Fantastic Village Pack/prefabs/props/P_PROP_food_cauliflower.prefab"
True,0,0,1,False,False,32,0,431,0,134,0,431,False,"P_PROP_food_cheese_01","Assets/Fantastic Village Pack/prefabs/props/P_PROP_food_cheese_01.prefab"
True,0,0,1,False,False,36,0,482,0,127,0,481,False,"P_PROP_food_cheese_02","Assets/Fantastic Village Pack/prefabs/props/P_PROP_food_cheese_02.prefab"
True,0,0,1,False,False,20,0,416,0,126,0,164,False,"P_PROP_food_cheese_03","Assets/Fantastic Village Pack/prefabs/props/P_PROP_food_cheese_03.prefab"
True,0,0,1,False,False,12,0,157,0,107,0,157,False,"P_PROP_food_cheese_04","Assets/Fantastic Village Pack/prefabs/props/P_PROP_food_cheese_04.prefab"
True,0,0,1,False,False,8,0,136,0,102,0,079,False,"P_PROP_food_cheese_05","Assets/Fantastic Village Pack/prefabs/props/P_PROP_food_cheese_05.prefab"
True,0,0,1,False,False,8,0,057,0,079,0,093,False,"P_PROP_food_cheese_06","Assets/Fantastic Village Pack/prefabs/props/P_PROP_food_cheese_06.prefab"
True,0,0,1,False,False,84,0,082,0,049,0,225,False,"P_PROP_food_chili_01","Assets/Fantastic Village Pack/prefabs/props/P_PROP_food_chili_01.prefab"
True,0,0,1,False,False,84,0,153,0,156,0,243,False,"P_PROP_food_chili_02","Assets/Fantastic Village Pack/prefabs/props/P_PROP_food_chili_02.prefab"
True,0,0,1,False,False,84,0,148,0,163,0,334,False,"P_PROP_food_chili_03","Assets/Fantastic Village Pack/prefabs/props/P_PROP_food_chili_03.prefab"
True,0,0,1,False,False,84,0,167,0,163,0,313,False,"P_PROP_food_chili_04","Assets/Fantastic Village Pack/prefabs/props/P_PROP_food_chili_04.prefab"
True,0,0,1,False,False,64,0,216,0,206,0,207,False,"P_PROP_food_coconut_01","Assets/Fantastic Village Pack/prefabs/props/P_PROP_food_coconut_01.prefab"
True,0,0,1,False,False,80,0,162,0,095,0,164,False,"P_PROP_food_coconut_02","Assets/Fantastic Village Pack/prefabs/props/P_PROP_food_coconut_02.prefab"
True,0,0,1,False,False,56,0,225,0,123,0,335,False,"P_PROP_food_corn","Assets/Fantastic Village Pack/prefabs/props/P_PROP_food_corn.prefab"
True,0,0,1,False,False,60,0,195,0,074,0,087,False,"P_PROP_food_croissant_city","Assets/Fantastic City Pack/Prefabs/Props/Food/P_PROP_food_croissant_city.prefab"
True,0,0,1,False,False,60,0,142,0,117,0,544,False,"P_PROP_food_cucumber_01","Assets/Fantastic Village Pack/prefabs/props/P_PROP_food_cucumber_01.prefab"
True,0,0,1,False,False,36,0,133,0,120,0,316,False,"P_PROP_food_cucumber_02","Assets/Fantastic Village Pack/prefabs/props/P_PROP_food_cucumber_02.prefab"
True,0,0,1,False,False,22,0,127,0,047,0,116,False,"P_PROP_food_cucumber_03","Assets/Fantastic Village Pack/prefabs/props/P_PROP_food_cucumber_03.prefab"
True,0,0,1,False,False,78,0,137,0,097,0,143,False,"P_PROP_food_cupcake_city_01","Assets/Fantastic City Pack/Prefabs/Props/Food/P_PROP_food_cupcake_city_01.prefab"
True,0,0,1,False,False,110,0,120,0,115,0,120,False,"P_PROP_food_cupcake_city_02","Assets/Fantastic City Pack/Prefabs/Props/Food/P_PROP_food_cupcake_city_02.prefab"
True,0,0,1,False,False,110,0,126,0,128,0,120,False,"P_PROP_food_cupcake_city_03","Assets/Fantastic City Pack/Prefabs/Props/Food/P_PROP_food_cupcake_city_03.prefab"
True,0,0,1,False,False,46,0,148,0,077,0,158,False,"P_PROP_food_donut_city","Assets/Fantastic City Pack/Prefabs/Props/Food/P_PROP_food_donut_city.prefab"
True,0,0,1,False,False,56,0,201,0,058,0,076,False,"P_PROP_food_eclair_city","Assets/Fantastic City Pack/Prefabs/Props/Food/P_PROP_food_eclair_city.prefab"
True,0,0,1,False,False,64,0,099,0,124,0,099,False,"P_PROP_food_egg_01","Assets/Fantastic Village Pack/prefabs/props/P_PROP_food_egg_01.prefab"
True,0,0,1,False,False,96,0,113,0,106,0,112,False,"P_PROP_food_egg_02","Assets/Fantastic Village Pack/prefabs/props/P_PROP_food_egg_02.prefab"
True,0,0,1,False,False,64,0,099,0,124,0,099,False,"P_PROP_food_egg_03","Assets/Fantastic Village Pack/prefabs/props/P_PROP_food_egg_03.prefab"
True,0,0,1,False,False,96,0,113,0,106,0,112,False,"P_PROP_food_egg_04","Assets/Fantastic Village Pack/prefabs/props/P_PROP_food_egg_04.prefab"
True,0,0,1,False,False,32,0,187,0,031,0,220,False,"P_PROP_food_egg_05","Assets/Fantastic Village Pack/prefabs/props/P_PROP_food_egg_05.prefab"
True,0,0,1,False,False,48,0,319,0,118,0,385,False,"P_PROP_food_fish_01","Assets/Fantastic Village Pack/prefabs/props/P_PROP_food_fish_01.prefab"
True,0,0,1,False,False,108,0,405,0,361,0,609,False,"P_PROP_food_fish_02","Assets/Fantastic Village Pack/prefabs/props/P_PROP_food_fish_02.prefab"
True,0,0,1,False,False,228,0,602,0,085,0,182,False,"P_PROP_food_fish_city_01","Assets/Fantastic City Pack/Prefabs/Props/Food/P_PROP_food_fish_city_01.prefab"
True,0,0,1,False,False,260,0,832,0,153,0,350,False,"P_PROP_food_fish_city_02","Assets/Fantastic City Pack/Prefabs/Props/Food/P_PROP_food_fish_city_02.prefab"
True,0,0,1,False,False,244,0,582,0,124,0,269,False,"P_PROP_food_fish_city_03","Assets/Fantastic City Pack/Prefabs/Props/Food/P_PROP_food_fish_city_03.prefab"
True,0,0,1,False,False,192,0,503,0,085,0,182,False,"P_PROP_food_fish_city_04","Assets/Fantastic City Pack/Prefabs/Props/Food/P_PROP_food_fish_city_04.prefab"
True,0,0,1,False,False,224,0,679,0,153,0,350,False,"P_PROP_food_fish_city_05","Assets/Fantastic City Pack/Prefabs/Props/Food/P_PROP_food_fish_city_05.prefab"
True,0,0,1,False,False,208,0,480,0,124,0,269,False,"P_PROP_food_fish_city_06","Assets/Fantastic City Pack/Prefabs/Props/Food/P_PROP_food_fish_city_06.prefab"
True,0,0,1,False,False,88,0,189,0,180,0,189,False,"P_PROP_food_garlic","Assets/Fantastic Village Pack/prefabs/props/P_PROP_food_garlic.prefab"
True,0,0,1,False,False,64,0,147,0,109,0,157,False,"P_PROP_food_garlic_city_01","Assets/Fantastic City Pack/Prefabs/Props/Food/P_PROP_food_garlic_city_01.prefab"
True,0,0,1,False,False,708,0,260,0,839,0,277,False,"P_PROP_food_garlic_city_02","Assets/Fantastic City Pack/Prefabs/Props/Food/P_PROP_food_garlic_city_02.prefab"
True,0,0,1,False,False,414,0,321,0,226,0,197,False,"P_PROP_food_grapes_01","Assets/Fantastic Village Pack/prefabs/props/P_PROP_food_grapes_01.prefab"
True,0,0,1,False,False,414,0,321,0,226,0,197,False,"P_PROP_food_grapes_02","Assets/Fantastic Village Pack/prefabs/props/P_PROP_food_grapes_02.prefab"
True,0,0,1,False,False,62,0,189,0,227,0,590,False,"P_PROP_food_leek","Assets/Fantastic Village Pack/prefabs/props/P_PROP_food_leek.prefab"
True,0,0,1,False,False,96,0,340,0,160,0,259,False,"P_PROP_food_lemon_01","Assets/Fantastic Village Pack/prefabs/props/P_PROP_food_lemon_01.prefab"
True,0,0,1,False,False,80,0,150,0,129,0,137,False,"P_PROP_food_lemon_02","Assets/Fantastic Village Pack/prefabs/props/P_PROP_food_lemon_02.prefab"
True,0,0,1,False,False,48,0,096,0,140,0,141,False,"P_PROP_food_lemon_03","Assets/Fantastic Village Pack/prefabs/props/P_PROP_food_lemon_03.prefab"
True,0,0,1,False,False,48,0,097,0,052,0,097,False,"P_PROP_food_lemon_city_01","Assets/Fantastic City Pack/Prefabs/Props/Food/P_PROP_food_lemon_city_01.prefab"
True,0,0,1,False,False,22,0,031,0,042,0,092,False,"P_PROP_food_lemon_city_02","Assets/Fantastic City Pack/Prefabs/Props/Food/P_PROP_food_lemon_city_02.prefab"
True,0,0,1,False,False,66,0,182,0,131,0,365,False,"P_PROP_food_lettuce_city_01","Assets/Fantastic City Pack/Prefabs/Props/Food/P_PROP_food_lettuce_city_01.prefab"
True,0,0,1,False,False,64,0,214,0,176,0,229,False,"P_PROP_food_lettuce_city_02","Assets/Fantastic City Pack/Prefabs/Props/Food/P_PROP_food_lettuce_city_02.prefab"
True,0,0,1,False,False,80,0,200,0,166,0,166,False,"P_PROP_food_mango_01","Assets/Fantastic Village Pack/prefabs/props/P_PROP_food_mango_01.prefab"
True,0,0,1,False,False,64,0,118,0,175,0,166,False,"P_PROP_food_mango_02","Assets/Fantastic Village Pack/prefabs/props/P_PROP_food_mango_02.prefab"
True,0,0,1,False,False,64,0,304,0,097,0,495,False,"P_PROP_food_meat_01","Assets/Fantastic Village Pack/prefabs/props/P_PROP_food_meat_01.prefab"
True,0,0,1,False,False,192,0,519,0,164,0,577,False,"P_PROP_food_meat_02","Assets/Fantastic Village Pack/prefabs/props/P_PROP_food_meat_02.prefab"
True,0,0,1,False,False,192,0,422,0,405,0,584,False,"P_PROP_food_meat_03","Assets/Fantastic Village Pack/prefabs/props/P_PROP_food_meat_03.prefab"
True,0,0,1,False,False,64,0,368,0,098,0,365,False,"P_PROP_food_meat_04","Assets/Fantastic Village Pack/prefabs/props/P_PROP_food_meat_04.prefab"
True,0,0,1,False,False,124,0,408,0,531,0,706,False,"P_PROP_food_meat_05","Assets/Fantastic Village Pack/prefabs/props/P_PROP_food_meat_05.prefab"
True,0,0,1,False,False,124,0,369,0,387,0,448,False,"P_PROP_food_meat_06","Assets/Fantastic Village Pack/prefabs/props/P_PROP_food_meat_06.prefab"
True,0,0,1,False,False,108,0,194,0,184,0,379,False,"P_PROP_food_meat_07","Assets/Fantastic Village Pack/prefabs/props/P_PROP_food_meat_07.prefab"
True,0,0,1,False,False,64,0,245,0,078,0,386,False,"P_PROP_food_meat_08","Assets/Fantastic Village Pack/prefabs/props/P_PROP_food_meat_08.prefab"
True,0,0,1,False,False,44,0,088,0,019,0,320,False,"P_PROP_food_meat_09","Assets/Fantastic Village Pack/prefabs/props/P_PROP_food_meat_09.prefab"
True,0,0,1,False,False,132,0,266,0,038,0,330,False,"P_PROP_food_meat_10","Assets/Fantastic Village Pack/prefabs/props/P_PROP_food_meat_10.prefab"
True,0,0,1,False,False,64,0,140,0,090,0,340,False,"P_PROP_food_meat_11","Assets/Fantastic Village Pack/prefabs/props/P_PROP_food_meat_11.prefab"
True,0,0,1,False,False,112,0,412,0,223,0,399,False,"P_PROP_food_meat_city_01","Assets/Fantastic City Pack/Prefabs/Props/Food/P_PROP_food_meat_city_01.prefab"
True,0,0,1,False,False,64,0,610,0,320,0,382,False,"P_PROP_food_meat_city_02","Assets/Fantastic City Pack/Prefabs/Props/Food/P_PROP_food_meat_city_02.prefab"
True,0,0,1,False,False,112,0,412,0,223,0,399,False,"P_PROP_food_meat_city_03","Assets/Fantastic City Pack/Prefabs/Props/Food/P_PROP_food_meat_city_03.prefab"
True,0,0,1,False,False,64,0,610,0,320,0,382,False,"P_PROP_food_meat_city_04","Assets/Fantastic City Pack/Prefabs/Props/Food/P_PROP_food_meat_city_04.prefab"
True,0,0,1,False,False,60,0,315,0,069,0,387,False,"P_PROP_food_meat_city_05","Assets/Fantastic City Pack/Prefabs/Props/Food/P_PROP_food_meat_city_05.prefab"
True,0,0,1,False,False,118,0,123,0,098,0,127,False,"P_PROP_food_mushroom_01","Assets/Fantastic Village Pack/prefabs/props/P_PROP_food_mushroom_01.prefab"
True,0,0,1,False,False,118,0,123,0,098,0,127,False,"P_PROP_food_mushroom_02","Assets/Fantastic Village Pack/prefabs/props/P_PROP_food_mushroom_02.prefab"
True,0,0,1,False,False,64,0,167,0,164,0,179,False,"P_PROP_food_onion","Assets/Fantastic Village Pack/prefabs/props/P_PROP_food_onion.prefab"
True,0,0,1,False,False,80,0,187,0,178,0,176,False,"P_PROP_food_orange_01","Assets/Fantastic Village Pack/prefabs/props/P_PROP_food_orange_01.prefab"
True,0,0,1,False,False,48,0,122,0,187,0,189,False,"P_PROP_food_orange_02","Assets/Fantastic Village Pack/prefabs/props/P_PROP_food_orange_02.prefab"
True,0,0,1,False,False,64,0,069,0,016,0,110,False,"P_PROP_food_oyster_city","Assets/Fantastic City Pack/Prefabs/Props/Food/P_PROP_food_oyster_city.prefab"
True,0,0,1,False,False,96,0,147,0,166,0,147,False,"P_PROP_food_pear","Assets/Fantastic Village Pack/prefabs/props/P_PROP_food_pear.prefab"
True,0,0,1,False,False,96,0,091,0,154,0,086,False,"P_PROP_food_peppershaker_city","Assets/Fantastic City Pack/Prefabs/Props/Food/P_PROP_food_peppershaker_city.prefab"
True,0,0,1,False,False,12,0,385,0,059,0,385,False,"P_PROP_food_plane_almonds_city_01","Assets/Fantastic City Pack/Prefabs/Props/Food/P_PROP_food_plane_almonds_city_01.prefab"
True,0,0,1,False,False,24,0,495,0,078,0,694,False,"P_PROP_food_plane_almonds_city_02","Assets/Fantastic City Pack/Prefabs/Props/Food/P_PROP_food_plane_almonds_city_02.prefab"
True,0,0,1,False,False,12,0,385,0,059,0,385,False,"P_PROP_food_plane_coffee_city_01","Assets/Fantastic City Pack/Prefabs/Props/Food/P_PROP_food_plane_coffee_city_01.prefab"
True,0,0,1,False,False,24,0,495,0,078,0,694,False,"P_PROP_food_plane_coffee_city_02","Assets/Fantastic City Pack/Prefabs/Props/Food/P_PROP_food_plane_coffee_city_02.prefab"
True,0,0,1,False,False,16,0,358,0,025,0,384,False,"P_PROP_food_plane_ice_city_01","Assets/Fantastic City Pack/Prefabs/Props/Food/P_PROP_food_plane_ice_city_01.prefab"
True,0,0,1,False,False,24,0,495,0,054,0,694,False,"P_PROP_food_plane_ice_city_02","Assets/Fantastic City Pack/Prefabs/Props/Food/P_PROP_food_plane_ice_city_02.prefab"
True,0,0,1,False,False,16,0,239,0,020,0,239,False,"P_PROP_food_plane_risotto_city","Assets/Fantastic City Pack/Prefabs/Props/Food/P_PROP_food_plane_risotto_city.prefab"
True,0,0,1,False,False,390,0,303,0,072,0,303,False,"P_PROP_food_plate_city_01 (1)","Assets/Fantastic City Pack/Prefabs/Props/Food/P_PROP_food_plate_city_01 (1).prefab"
True,0,0,1,False,False,230,0,287,0,051,0,287,False,"P_PROP_food_plate_city_02 (1)","Assets/Fantastic City Pack/Prefabs/Props/Food/P_PROP_food_plate_city_02 (1).prefab"
True,0,0,1,False,False,860,0,221,0,092,0,210,False,"P_PROP_food_plate_city_03 (1)","Assets/Fantastic City Pack/Prefabs/Props/Food/P_PROP_food_plate_city_03 (1).prefab"
True,0,0,1,False,False,488,0,287,0,066,0,287,False,"P_PROP_food_plate_city_04","Assets/Fantastic City Pack/Prefabs/Props/Food/P_PROP_food_plate_city_04.prefab"
True,0,0,1,False,False,294,0,364,0,140,0,364,False,"P_PROP_food_plate_city_05","Assets/Fantastic City Pack/Prefabs/Props/Food/P_PROP_food_plate_city_05.prefab"
True,0,0,1,False,False,580,0,365,0,109,0,373,False,"P_PROP_food_plate_city_06","Assets/Fantastic City Pack/Prefabs/Props/Food/P_PROP_food_plate_city_06.prefab"
True,0,0,1,False,False,48,0,082,0,088,0,091,False,"P_PROP_food_plum","Assets/Fantastic Village Pack/prefabs/props/P_PROP_food_plum.prefab"
True,0,0,1,False,False,48,0,144,0,120,0,118,False,"P_PROP_food_potato_01","Assets/Fantastic Village Pack/prefabs/props/P_PROP_food_potato_01.prefab"
True,0,0,1,False,False,48,0,123,0,117,0,123,False,"P_PROP_food_potato_02","Assets/Fantastic Village Pack/prefabs/props/P_PROP_food_potato_02.prefab"
True,0,0,1,False,False,48,0,230,0,156,0,174,False,"P_PROP_food_potato_03","Assets/Fantastic Village Pack/prefabs/props/P_PROP_food_potato_03.prefab"
True,0,0,1,False,False,104,0,631,0,484,0,631,False,"P_PROP_food_pumpkin_01","Assets/Fantastic Village Pack/prefabs/props/P_PROP_food_pumpkin_01.prefab"
True,0,0,1,False,False,104,0,385,0,355,0,387,False,"P_PROP_food_pumpkin_02","Assets/Fantastic Village Pack/prefabs/props/P_PROP_food_pumpkin_02.prefab"
True,0,0,1,False,False,104,0,330,0,216,0,329,False,"P_PROP_food_pumpkin_03","Assets/Fantastic Village Pack/prefabs/props/P_PROP_food_pumpkin_03.prefab"
True,0,0,1,False,False,190,0,451,0,405,0,453,False,"P_PROP_food_pumpkin_04","Assets/Fantastic Village Pack/prefabs/props/P_PROP_food_pumpkin_04.prefab"
True,0,0,1,False,False,64,0,315,0,275,0,315,False,"P_PROP_food_salad","Assets/Fantastic Village Pack/prefabs/props/P_PROP_food_salad.prefab"
True,0,0,1,False,False,60,0,068,0,033,0,145,False,"P_PROP_food_salmon_city","Assets/Fantastic City Pack/Prefabs/Props/Food/P_PROP_food_salmon_city.prefab"
True,0,0,1,False,False,96,0,091,0,154,0,086,False,"P_PROP_food_saltshaker_city","Assets/Fantastic City Pack/Prefabs/Props/Food/P_PROP_food_saltshaker_city.prefab"
True,0,0,1,False,False,192,0,109,0,063,0,106,False,"P_PROP_food_sauce_city","Assets/Fantastic City Pack/Prefabs/Props/Food/P_PROP_food_sauce_city.prefab"
True,0,0,1,False,False,60,0,111,0,081,0,296,False,"P_PROP_food_sausage_01","Assets/Fantastic Village Pack/prefabs/props/P_PROP_food_sausage_01.prefab"
True,0,0,1,False,False,60,0,156,0,081,0,504,False,"P_PROP_food_sausage_02","Assets/Fantastic Village Pack/prefabs/props/P_PROP_food_sausage_02.prefab"
True,0,0,1,False,False,60,0,069,0,130,0,363,False,"P_PROP_food_sausage_03","Assets/Fantastic Village Pack/prefabs/props/P_PROP_food_sausage_03.prefab"
True,0,0,1,False,False,60,0,111,0,081,0,296,False,"P_PROP_food_sausage_04","Assets/Fantastic Village Pack/prefabs/props/P_PROP_food_sausage_04.prefab"
True,0,0,1,False,False,60,0,156,0,081,0,504,False,"P_PROP_food_sausage_05","Assets/Fantastic Village Pack/prefabs/props/P_PROP_food_sausage_05.prefab"
True,0,0,1,False,False,60,0,069,0,130,0,363,False,"P_PROP_food_sausage_06","Assets/Fantastic Village Pack/prefabs/props/P_PROP_food_sausage_06.prefab"
True,0,0,1,False,False,144,0,110,0,032,0,327,False,"P_PROP_food_sausage_city_01","Assets/Fantastic City Pack/Prefabs/Props/Food/P_PROP_food_sausage_city_01.prefab"
True,0,0,1,False,False,120,0,181,0,061,0,318,False,"P_PROP_food_sausage_city_02","Assets/Fantastic City Pack/Prefabs/Props/Food/P_PROP_food_sausage_city_02.prefab"
True,0,0,1,False,False,132,0,211,0,055,0,290,False,"P_PROP_food_sausage_city_03","Assets/Fantastic City Pack/Prefabs/Props/Food/P_PROP_food_sausage_city_03.prefab"
True,0,0,1,False,False,144,0,110,0,032,0,327,False,"P_PROP_food_sausage_city_04","Assets/Fantastic City Pack/Prefabs/Props/Food/P_PROP_food_sausage_city_04.prefab"
True,0,0,1,False,False,120,0,181,0,061,0,318,False,"P_PROP_food_sausage_city_05","Assets/Fantastic City Pack/Prefabs/Props/Food/P_PROP_food_sausage_city_05.prefab"
True,0,0,1,False,False,132,0,211,0,055,0,290,False,"P_PROP_food_sausage_city_06","Assets/Fantastic City Pack/Prefabs/Props/Food/P_PROP_food_sausage_city_06.prefab"
True,0,0,1,False,False,62,0,058,0,021,0,080,False,"P_PROP_food_shrimp_city","Assets/Fantastic City Pack/Prefabs/Props/Food/P_PROP_food_shrimp_city.prefab"
True,0,0,1,False,False,86,0,113,0,144,0,467,False,"P_PROP_food_springonion","Assets/Fantastic Village Pack/prefabs/props/P_PROP_food_springonion.prefab"
True,0,0,1,False,False,102,0,120,0,053,0,102,False,"P_PROP_food_tart_city_01","Assets/Fantastic City Pack/Prefabs/Props/Food/P_PROP_food_tart_city_01.prefab"
True,0,0,1,False,False,76,0,200,0,204,0,200,False,"P_PROP_food_tomato","Assets/Fantastic Village Pack/prefabs/props/P_PROP_food_tomato.prefab"
True,0,0,1,False,False,72,0,192,0,170,0,633,False,"P_PROP_food_turnip","Assets/Fantastic Village Pack/prefabs/props/P_PROP_food_turnip.prefab"
True,0,0,1,False,False,80,0,505,0,456,0,456,False,"P_PROP_food_watermelon_01","Assets/Fantastic Village Pack/prefabs/props/P_PROP_food_watermelon_01.prefab"
True,0,0,1,False,False,48,0,421,0,421,0,248,False,"P_PROP_food_watermelon_02","Assets/Fantastic Village Pack/prefabs/props/P_PROP_food_watermelon_02.prefab"
True,0,0,1,False,False,14,0,456,0,109,0,229,False,"P_PROP_food_watermelon_03","Assets/Fantastic Village Pack/prefabs/props/P_PROP_food_watermelon_03.prefab"
True,0,0,1,False,False,12,0,259,0,036,0,183,False,"P_PROP_food_watermelon_04","Assets/Fantastic Village Pack/prefabs/props/P_PROP_food_watermelon_04.prefab"
True,0,0,1,False,False,370,2,538,3,712,2,312,False,"P_PROP_forge_city","Assets/Fantastic City Pack/Prefabs/Props/Crafting/P_PROP_forge_city.prefab"
True,0,0,1,False,False,124,0,041,0,018,0,348,False,"P_PROP_fork_city","Assets/Fantastic City Pack/Prefabs/Props/Tools/P_PROP_fork_city.prefab"
True,0,0,1,False,False,300,3,901,1,057,2,663,False,"P_PROP_foundation_wood_01","Assets/Fantastic Village Pack/prefabs/props/P_PROP_foundation_wood_01.prefab"
True,0,0,1,False,False,200,2,681,1,047,2,663,False,"P_PROP_foundation_wood_02","Assets/Fantastic Village Pack/prefabs/props/P_PROP_foundation_wood_02.prefab"
True,0,0,1,False,False,340,5,210,1,054,2,663,False,"P_PROP_foundation_wood_03","Assets/Fantastic Village Pack/prefabs/props/P_PROP_foundation_wood_03.prefab"
True,0,0,1,False,False,240,4,187,1,054,2,663,False,"P_PROP_foundation_wood_04","Assets/Fantastic Village Pack/prefabs/props/P_PROP_foundation_wood_04.prefab"
True,0,0,1,False,False,470,5,225,1,054,5,185,False,"P_PROP_foundation_wood_05","Assets/Fantastic Village Pack/prefabs/props/P_PROP_foundation_wood_05.prefab"
True,0,0,5,False,False,674,3,901,5,446,3,104,False,"P_PROP_gallows","Assets/Fantastic Village Pack/prefabs/props/P_PROP_gallows.prefab"
True,0,0,1,False,False,180,0,137,0,261,0,137,False,"P_PROP_glass_city_01","Assets/Fantastic City Pack/Prefabs/Props/Dishes/P_PROP_glass_city_01.prefab"
True,0,0,1,False,False,196,0,103,0,332,0,103,False,"P_PROP_glass_city_02","Assets/Fantastic City Pack/Prefabs/Props/Dishes/P_PROP_glass_city_02.prefab"
True,0,0,1,False,False,78,0,101,0,156,0,101,False,"P_PROP_glass_city_03","Assets/Fantastic City Pack/Prefabs/Props/Dishes/P_PROP_glass_city_03.prefab"
True,0,0,1,False,False,78,0,098,0,094,0,098,False,"P_PROP_glass_city_04","Assets/Fantastic City Pack/Prefabs/Props/Dishes/P_PROP_glass_city_04.prefab"
True,0,0,4,False,False,1186,0,950,1,209,1,167,False,"P_PROP_grinder_city","Assets/Fantastic City Pack/Prefabs/Props/Crafting/P_PROP_grinder_city.prefab"
True,0,0,7,False,False,406,2,023,4,241,2,860,False,"P_PROP_guillotine","Assets/Fantastic Village Pack/prefabs/props/P_PROP_guillotine.prefab"
True,0,0,1,False,False,120,0,335,0,100,0,933,False,"P_PROP_hammer_city_01","Assets/Fantastic City Pack/Prefabs/Props/Tools/P_PROP_hammer_city_01.prefab"
True,0,0,1,False,False,120,0,416,0,099,0,933,False,"P_PROP_hammer_city_02","Assets/Fantastic City Pack/Prefabs/Props/Tools/P_PROP_hammer_city_02.prefab"
True,0,0,2,False,False,166,0,400,1,804,2,133,False,"P_PROP_hangingboard","Assets/Fantastic Village Pack/prefabs/props/P_PROP_hangingboard.prefab"
True,0,0,1,False,False,320,1,631,1,228,1,286,False,"P_PROP_hay_01","Assets/Fantastic Village Pack/prefabs/props/P_PROP_hay_01.prefab"
True,0,0,1,False,False,320,0,885,0,609,0,766,False,"P_PROP_hay_02","Assets/Fantastic Village Pack/prefabs/props/P_PROP_hay_02.prefab"
True,0,0,1,False,False,152,0,865,0,575,0,635,False,"P_PROP_hay_03","Assets/Fantastic Village Pack/prefabs/props/P_PROP_hay_03.prefab"
True,0,0,1,False,False,456,0,982,0,994,1,253,False,"P_PROP_hay_04","Assets/Fantastic Village Pack/prefabs/props/P_PROP_hay_04.prefab"
True,0,0,1,False,False,198,2,481,1,303,2,407,False,"P_PROP_hay_05","Assets/Fantastic Village Pack/prefabs/props/P_PROP_hay_05.prefab"
True,0,0,1,False,False,141,1,470,0,333,1,515,False,"P_PROP_hay_06","Assets/Fantastic Village Pack/prefabs/props/P_PROP_hay_06.prefab"
True,0,0,1,False,False,124,1,600,0,951,1,209,False,"P_PROP_hay_city_01","Assets/Fantastic City Pack/Prefabs/Props/City_deco/P_PROP_hay_city_01.prefab"
True,0,0,1,False,False,91,2,718,0,712,2,624,False,"P_PROP_hay_city_02","Assets/Fantastic City Pack/Prefabs/Props/City_deco/P_PROP_hay_city_02.prefab"
True,0,0,1,False,False,6,0,256,0,196,0,539,False,"P_PROP_herbs_city_01","Assets/Fantastic City Pack/Prefabs/Props/Crafting/P_PROP_herbs_city_01.prefab"
True,0,0,1,False,False,6,0,138,0,133,0,545,False,"P_PROP_herbs_city_02","Assets/Fantastic City Pack/Prefabs/Props/Crafting/P_PROP_herbs_city_02.prefab"
True,0,0,1,False,False,6,0,209,0,172,0,518,False,"P_PROP_herbs_city_03","Assets/Fantastic City Pack/Prefabs/Props/Crafting/P_PROP_herbs_city_03.prefab"
True,0,0,1,False,False,6,0,280,0,214,0,450,False,"P_PROP_herbs_city_04","Assets/Fantastic City Pack/Prefabs/Props/Crafting/P_PROP_herbs_city_04.prefab"
True,0,0,1,False,False,100,0,114,0,172,0,043,False,"P_PROP_hook_city","Assets/Fantastic City Pack/Prefabs/Props/Crafting/P_PROP_hook_city.prefab"
True,0,0,1,False,False,1008,7,579,5,162,5,016,False,"P_PROP_horsestable_city","Assets/Fantastic City Pack/Prefabs/Props/City_deco/P_PROP_horsestable_city.prefab"
True,0,0,3,False,False,376,2,050,1,158,0,332,False,"P_PROP_horsestation","Assets/Fantastic Village Pack/prefabs/props/P_PROP_horsestation.prefab"
True,0,0,1,False,False,40,1,894,1,183,0,306,False,"P_PROP_horsestation_city","Assets/Fantastic City Pack/Prefabs/Props/City_deco/P_PROP_horsestation_city.prefab"
True,0,0,1,False,False,200,0,704,0,985,0,534,False,"P_PROP_infoboard_city_01","Assets/Fantastic City Pack/Prefabs/Props/Deco/P_PROP_infoboard_city_01.prefab"
True,0,0,1,False,False,200,0,704,0,985,0,534,False,"P_PROP_infoboard_city_02","Assets/Fantastic City Pack/Prefabs/Props/Deco/P_PROP_infoboard_city_02.prefab"
True,0,0,1,False,False,68,0,687,0,826,0,069,False,"P_PROP_infoboard_city_03","Assets/Fantastic City Pack/Prefabs/Props/Deco/P_PROP_infoboard_city_03.prefab"
True,0,0,1,False,False,16,1,869,0,998,0,068,False,"P_PROP_infoboard_city_04","Assets/Fantastic City Pack/Prefabs/Props/Deco/P_PROP_infoboard_city_04.prefab"
True,0,0,1,False,False,10,0,608,0,993,0,068,False,"P_PROP_infoboard_city_05","Assets/Fantastic City Pack/Prefabs/Props/Deco/P_PROP_infoboard_city_05.prefab"
True,0,0,1,False,False,20,0,180,0,108,0,318,False,"P_PROP_ingot_copper_city","Assets/Fantastic City Pack/Prefabs/Props/Crafting/P_PROP_ingot_copper_city.prefab"
True,0,0,1,False,False,20,0,180,0,108,0,318,False,"P_PROP_ingot_gold_city","Assets/Fantastic City Pack/Prefabs/Props/Crafting/P_PROP_ingot_gold_city.prefab"
True,0,0,1,False,False,20,0,180,0,108,0,318,False,"P_PROP_ingot_iron_city","Assets/Fantastic City Pack/Prefabs/Props/Crafting/P_PROP_ingot_iron_city.prefab"
True,0,0,1,False,False,20,0,180,0,108,0,318,False,"P_PROP_ingot_steel_city","Assets/Fantastic City Pack/Prefabs/Props/Crafting/P_PROP_ingot_steel_city.prefab"
True,0,0,1,False,False,112,0,194,0,278,0,192,False,"P_PROP_jar_city_01","Assets/Fantastic City Pack/Prefabs/Props/Food/P_PROP_jar_city_01.prefab"
True,0,0,1,False,False,112,0,183,0,225,0,181,False,"P_PROP_jar_city_02","Assets/Fantastic City Pack/Prefabs/Props/Food/P_PROP_jar_city_02.prefab"
True,0,0,1,False,False,96,0,205,0,179,0,203,False,"P_PROP_jar_city_03","Assets/Fantastic City Pack/Prefabs/Props/Food/P_PROP_jar_city_03.prefab"
True,0,0,1,False,False,290,0,317,0,371,0,261,False,"P_PROP_jug_city_01","Assets/Fantastic City Pack/Prefabs/Props/Dishes/P_PROP_jug_city_01.prefab"
True,0,0,1,False,False,290,0,347,0,322,0,320,False,"P_PROP_jug_city_02","Assets/Fantastic City Pack/Prefabs/Props/Dishes/P_PROP_jug_city_02.prefab"
True,0,0,2,False,False,42,0,703,0,051,0,272,False,"P_PROP_knife_01","Assets/Fantastic Village Pack/prefabs/props/P_PROP_knife_01.prefab"
True,0,0,2,False,False,72,0,740,0,051,0,156,False,"P_PROP_knife_02","Assets/Fantastic Village Pack/prefabs/props/P_PROP_knife_02.prefab"
True,0,0,1,False,False,72,0,061,0,050,0,568,False,"P_PROP_knife_city_01","Assets/Fantastic City Pack/Prefabs/Props/Tools/P_PROP_knife_city_01.prefab"
True,0,0,1,False,False,90,0,188,0,066,0,589,False,"P_PROP_knife_city_02","Assets/Fantastic City Pack/Prefabs/Props/Tools/P_PROP_knife_city_02.prefab"
True,0,0,1,False,False,94,0,043,0,010,0,351,False,"P_PROP_knife_city_03","Assets/Fantastic City Pack/Prefabs/Props/Tools/P_PROP_knife_city_03.prefab"
True,0,0,1,False,False,180,1,092,3,247,0,210,False,"P_PROP_ladder","Assets/Fantastic Village Pack/prefabs/props/P_PROP_ladder.prefab"
True,0,0,1,False,False,204,0,697,2,406,0,156,False,"P_PROP_ladder_city_01","Assets/Fantastic City Pack/Prefabs/Props/City_deco/P_PROP_ladder_city_01.prefab"
True,0,0,2,False,False,204,0,508,0,936,0,586,False,"P_PROP_lantern_01","Assets/Fantastic Village Pack/prefabs/props/P_PROP_lantern_01.prefab"
True,0,0,2,False,False,216,0,508,0,939,0,586,False,"P_PROP_lantern_02","Assets/Fantastic Village Pack/prefabs/props/P_PROP_lantern_02.prefab"
True,0,0,2,False,False,252,0,508,0,938,0,586,False,"P_PROP_lantern_03","Assets/Fantastic Village Pack/prefabs/props/P_PROP_lantern_03.prefab"
True,0,0,2,False,False,324,0,508,0,939,0,586,False,"P_PROP_lantern_04","Assets/Fantastic Village Pack/prefabs/props/P_PROP_lantern_04.prefab"
True,0,0,1,False,False,792,0,497,3,677,0,497,False,"P_PROP_lantern_city_01","Assets/Fantastic City Pack/Prefabs/Props/Lights/P_PROP_lantern_city_01.prefab"
True,0,0,1,False,False,1260,1,516,3,823,0,497,False,"P_PROP_lantern_city_02","Assets/Fantastic City Pack/Prefabs/Props/Lights/P_PROP_lantern_city_02.prefab"
True,0,0,1,False,False,940,0,381,1,177,0,938,False,"P_PROP_lantern_city_03","Assets/Fantastic City Pack/Prefabs/Props/Lights/P_PROP_lantern_city_03.prefab"
True,0,0,1,False,False,680,0,369,1,332,0,907,False,"P_PROP_lantern_city_04","Assets/Fantastic City Pack/Prefabs/Props/Lights/P_PROP_lantern_city_04.prefab"
True,0,0,1,False,False,834,0,353,1,153,0,369,False,"P_PROP_lantern_city_05","Assets/Fantastic City Pack/Prefabs/Props/Lights/P_PROP_lantern_city_05.prefab"
True,0,0,2,False,False,1575,1,866,3,886,0,497,False,"P_PROP_lantern_flag_city","Assets/Fantastic City Pack/Prefabs/Props/Lights/P_PROP_lantern_flag_city.prefab"
True,0,0,1,False,False,274,0,369,0,667,0,413,False,"P_PROP_lantern_orb_city","Assets/Fantastic City Pack/Prefabs/Props/Lights/P_PROP_lantern_orb_city.prefab"
True,0,0,1,False,False,60,0,397,0,023,0,403,False,"P_PROP_leather_city","Assets/Fantastic City Pack/Prefabs/Props/Crafting/P_PROP_leather_city.prefab"
True,0,0,1,False,False,30,0,297,0,015,0,205,False,"P_PROP_letter_city","Assets/Fantastic City Pack/Prefabs/Props/Deco/P_PROP_letter_city.prefab"
True,0,0,1,False,False,146,0,879,0,412,0,705,False,"P_PROP_logpile_city_01","Assets/Fantastic City Pack/Prefabs/Props/Crafting/P_PROP_logpile_city_01.prefab"
True,0,0,1,False,False,12,0,197,0,147,0,526,False,"P_PROP_logpile_city_02","Assets/Fantastic City Pack/Prefabs/Props/Crafting/P_PROP_logpile_city_02.prefab"
True,0,0,1,False,False,60,1,065,0,261,1,004,False,"P_PROP_logpile_city_03","Assets/Fantastic City Pack/Prefabs/Props/Crafting/P_PROP_logpile_city_03.prefab"
True,0,0,3,False,False,280,0,671,1,511,0,362,False,"P_PROP_mailbox","Assets/Fantastic Village Pack/prefabs/props/P_PROP_mailbox.prefab"
True,0,0,1,False,False,930,0,985,1,457,0,918,False,"P_PROP_mailbox_city_01","Assets/Fantastic City Pack/Prefabs/Props/City_deco/P_PROP_mailbox_city_01.prefab"
True,0,0,1,False,False,98,0,430,0,583,0,214,False,"P_PROP_mailbox_city_02","Assets/Fantastic City Pack/Prefabs/Props/Deco/P_PROP_mailbox_city_02.prefab"
True,0,0,1,False,False,160,3,164,0,970,1,189,True,"P_PROP_market_shelf_01","Assets/Fantastic Village Pack/prefabs/props/P_PROP_market_shelf_01.prefab"
True,0,0,1,False,False,120,2,929,0,801,1,117,False,"P_PROP_market_shelf_02","Assets/Fantastic Village Pack/prefabs/props/P_PROP_market_shelf_02.prefab"
True,0,0,9,False,False,3232,2,929,1,261,1,257,False,"P_PROP_market_shelf_02_deco","Assets/Fantastic Village Pack/prefabs/props/P_PROP_market_shelf_02_deco.prefab"
True,0,0,1,False,False,232,2,929,1,595,1,117,False,"P_PROP_market_shelf_03","Assets/Fantastic Village Pack/prefabs/props/P_PROP_market_shelf_03.prefab"
True,0,0,14,False,False,4096,2,929,2,214,1,200,False,"P_PROP_market_shelf_03_deco","Assets/Fantastic Village Pack/prefabs/props/P_PROP_market_shelf_03_deco.prefab"
True,0,0,4,False,False,772,4,206,3,499,3,619,False,"P_PROP_market_v01_01","Assets/Fantastic Village Pack/prefabs/props/P_PROP_market_v01_01.prefab"
True,0,0,3,False,False,642,3,914,3,474,3,619,False,"P_PROP_market_v01_02","Assets/Fantastic Village Pack/prefabs/props/P_PROP_market_v01_02.prefab"
True,0,0,4,False,False,624,4,206,3,475,3,619,False,"P_PROP_market_v02_01","Assets/Fantastic Village Pack/prefabs/props/P_PROP_market_v02_01.prefab"
True,0,0,3,False,False,494,3,914,3,451,3,619,False,"P_PROP_market_v02_02","Assets/Fantastic Village Pack/prefabs/props/P_PROP_market_v02_02.prefab"
True,0,0,4,False,False,1176,3,706,3,821,3,697,False,"P_PROP_market_v03_01","Assets/Fantastic Village Pack/prefabs/props/P_PROP_market_v03_01.prefab"
True,0,0,4,False,False,1176,3,706,3,821,3,697,False,"P_PROP_market_v03_02","Assets/Fantastic Village Pack/prefabs/props/P_PROP_market_v03_02.prefab"
True,0,0,4,False,False,1436,6,679,3,775,3,491,False,"P_PROP_market_v04_01","Assets/Fantastic Village Pack/prefabs/props/P_PROP_market_v04_01.prefab"
True,0,0,2,False,False,1364,6,679,3,775,3,491,False,"P_PROP_market_v04_02","Assets/Fantastic Village Pack/prefabs/props/P_PROP_market_v04_02.prefab"
True,0,0,1,False,False,732,2,307,1,783,0,803,False,"P_PROP_marketshelf_city_01","Assets/Fantastic City Pack/Prefabs/Props/Market/P_PROP_marketshelf_city_01.prefab"
True,0,0,1,False,False,264,2,307,1,782,0,788,False,"P_PROP_marketshelf_city_02","Assets/Fantastic City Pack/Prefabs/Props/Market/P_PROP_marketshelf_city_02.prefab"
True,0,0,1,False,False,488,2,471,2,880,1,202,False,"P_PROP_marketstall_city_01","Assets/Fantastic City Pack/Prefabs/Props/Market/P_PROP_marketstall_city_01.prefab"
True,0,0,1,False,False,360,2,373,0,801,1,440,False,"P_PROP_marketstall_city_02","Assets/Fantastic City Pack/Prefabs/Props/Market/P_PROP_marketstall_city_02.prefab"
True,0,0,1,False,False,1068,2,543,2,991,2,941,False,"P_PROP_marketstall_city_03","Assets/Fantastic City Pack/Prefabs/Props/Market/P_PROP_marketstall_city_03.prefab"
True,0,0,1,False,False,436,2,543,2,928,2,637,False,"P_PROP_marketstall_city_04","Assets/Fantastic City Pack/Prefabs/Props/Market/P_PROP_marketstall_city_04.prefab"
True,0,0,1,False,False,94,0,225,0,138,0,219,False,"P_PROP_mortar_city","Assets/Fantastic City Pack/Prefabs/Props/Crafting/P_PROP_mortar_city.prefab"
True,0,0,1,False,False,24,0,060,0,070,0,242,False,"P_PROP_mortar_pestle_city","Assets/Fantastic City Pack/Prefabs/Props/Crafting/P_PROP_mortar_pestle_city.prefab"
True,0,0,1,False,False,56,0,142,0,029,0,297,False,"P_PROP_napking_city_01","Assets/Fantastic City Pack/Prefabs/Props/Deco/P_PROP_napking_city_01.prefab"
True,0,0,1,False,False,58,0,263,0,031,0,270,False,"P_PROP_napking_city_02","Assets/Fantastic City Pack/Prefabs/Props/Deco/P_PROP_napking_city_02.prefab"
True,0,0,1,False,False,58,0,580,0,059,0,513,False,"P_PROP_newspaper_city","Assets/Fantastic City Pack/Prefabs/Props/Deco/P_PROP_newspaper_city.prefab"
True,0,0,3,False,False,544,1,908,2,725,1,669,False,"P_PROP_outhouse","Assets/Fantastic Village Pack/prefabs/props/P_PROP_outhouse.prefab"
True,0,0,1,False,False,48,0,421,0,298,0,367,False,"P_PROP_package_city","Assets/Fantastic City Pack/Prefabs/Props/Container/P_PROP_package_city.prefab"
True,0,0,1,False,False,60,0,451,0,009,0,327,False,"P_PROP_paint_palette_city","Assets/Fantastic City Pack/Prefabs/Props/Deco/P_PROP_paint_palette_city.prefab"
True,0,0,1,False,False,96,0,725,0,912,0,069,False,"P_PROP_painting_city_01","Assets/Fantastic City Pack/Prefabs/Props/Deco/P_PROP_painting_city_01.prefab"
True,0,0,1,False,False,96,1,407,1,004,0,091,False,"P_PROP_painting_city_02","Assets/Fantastic City Pack/Prefabs/Props/Deco/P_PROP_painting_city_02.prefab"
True,0,0,1,False,False,110,0,255,0,295,0,127,False,"P_PROP_painting_city_04","Assets/Fantastic City Pack/Prefabs/Props/Deco/P_PROP_painting_city_04.prefab"
True,0,0,2,False,False,252,0,438,0,253,0,739,False,"P_PROP_pan","Assets/Fantastic Village Pack/prefabs/props/P_PROP_pan.prefab"
True,0,0,1,False,False,166,0,420,0,075,0,721,False,"P_PROP_pan_city","Assets/Fantastic City Pack/Prefabs/Props/Tools/P_PROP_pan_city.prefab"
True,0,0,1,False,False,8,0,406,0,084,0,514,False,"P_PROP_paper_01","Assets/Fantastic Village Pack/prefabs/props/P_PROP_paper_01.prefab"
True,0,0,1,False,False,8,0,375,0,075,0,496,False,"P_PROP_paper_02","Assets/Fantastic Village Pack/prefabs/props/P_PROP_paper_02.prefab"
True,0,0,1,False,False,44,0,466,0,186,0,545,False,"P_PROP_paper_03","Assets/Fantastic Village Pack/prefabs/props/P_PROP_paper_03.prefab"
True,0,0,1,False,False,44,0,533,0,169,0,201,False,"P_PROP_paper_04","Assets/Fantastic Village Pack/prefabs/props/P_PROP_paper_04.prefab"
True,0,0,1,False,False,8,0,329,0,507,0,031,False,"P_PROP_paper_city_01","Assets/Fantastic City Pack/Prefabs/Props/Deco/P_PROP_paper_city_01.prefab"
True,0,0,1,False,False,8,0,349,0,487,0,054,False,"P_PROP_paper_city_02","Assets/Fantastic City Pack/Prefabs/Props/Deco/P_PROP_paper_city_02.prefab"
True,0,0,1,False,False,8,0,355,0,522,0,026,False,"P_PROP_paper_city_03","Assets/Fantastic City Pack/Prefabs/Props/Deco/P_PROP_paper_city_03.prefab"
True,0,0,1,False,False,56,1,248,0,918,0,066,False,"P_PROP_paper_city_04","Assets/Fantastic City Pack/Prefabs/Props/Deco/P_PROP_paper_city_04.prefab"
True,0,0,1,False,False,24,0,015,0,016,0,252,False,"P_PROP_pencil_city","Assets/Fantastic City Pack/Prefabs/Props/Tools/P_PROP_pencil_city.prefab"
True,0,0,1,False,False,200,0,891,0,196,1,240,False,"P_PROP_pickaxe_city","Assets/Fantastic City Pack/Prefabs/Props/Tools/P_PROP_pickaxe_city.prefab"
True,0,0,2,False,False,142,0,374,0,174,1,736,False,"P_PROP_pitchfork","Assets/Fantastic Village Pack/prefabs/props/P_PROP_pitchfork.prefab"
True,0,0,1,False,False,28,1,878,0,086,0,402,False,"P_PROP_plank_city_01","Assets/Fantastic City Pack/Prefabs/Props/Crafting/P_PROP_plank_city_01.prefab"
True,0,0,1,False,False,28,0,837,0,209,0,212,False,"P_PROP_plank_city_02","Assets/Fantastic City Pack/Prefabs/Props/Crafting/P_PROP_plank_city_02.prefab"
True,0,0,1,False,False,40,1,920,0,371,1,038,False,"P_PROP_planks_01","Assets/Fantastic Village Pack/prefabs/props/P_PROP_planks_01.prefab"
True,0,0,1,False,False,60,1,903,0,264,1,899,False,"P_PROP_planks_02","Assets/Fantastic Village Pack/prefabs/props/P_PROP_planks_02.prefab"
True,0,0,1,False,False,20,1,793,0,121,1,085,False,"P_PROP_planks_03","Assets/Fantastic Village Pack/prefabs/props/P_PROP_planks_03.prefab"
True,0,0,2,False,False,182,0,949,0,789,0,917,False,"P_PROP_plant_city_01","Assets/Fantastic City Pack/Prefabs/Props/Environment/P_PROP_plant_city_01.prefab"
True,0,0,2,False,False,360,0,525,0,858,0,606,False,"P_PROP_plant_pot_city_02","Assets/Fantastic City Pack/Prefabs/Props/Environment/P_PROP_plant_pot_city_02.prefab"
True,0,0,2,False,False,424,0,567,0,792,0,566,False,"P_PROP_plant_pot_city_03","Assets/Fantastic City Pack/Prefabs/Props/Environment/P_PROP_plant_pot_city_03.prefab"
True,0,0,2,False,False,148,1,049,0,719,0,637,False,"P_PROP_plant_pot_city_04","Assets/Fantastic City Pack/Prefabs/Props/Environment/P_PROP_plant_pot_city_04.prefab"
True,0,0,2,False,False,436,0,989,2,461,1,021,False,"P_PROP_plant_pot_city_05","Assets/Fantastic City Pack/Prefabs/Props/Environment/P_PROP_plant_pot_city_05.prefab"
True,0,0,2,False,False,330,1,264,2,037,1,175,False,"P_PROP_plant_pot_city_06","Assets/Fantastic City Pack/Prefabs/Props/Environment/P_PROP_plant_pot_city_06.prefab"
True,0,0,2,False,False,448,1,217,1,298,1,228,False,"P_PROP_plant_pot_city_07","Assets/Fantastic City Pack/Prefabs/Props/Environment/P_PROP_plant_pot_city_07.prefab"
True,0,0,2,False,False,308,1,282,0,981,0,883,False,"P_PROP_plant_pot_city_08","Assets/Fantastic City Pack/Prefabs/Props/Environment/P_PROP_plant_pot_city_08.prefab"
True,0,0,2,False,False,376,1,691,1,327,1,066,False,"P_PROP_plant_pot_city_09","Assets/Fantastic City Pack/Prefabs/Props/Environment/P_PROP_plant_pot_city_09.prefab"
True,0,0,2,False,False,280,1,768,1,118,1,088,False,"P_PROP_plant_pot_city_10","Assets/Fantastic City Pack/Prefabs/Props/Environment/P_PROP_plant_pot_city_10.prefab"
True,0,0,1,False,False,192,0,582,0,505,0,597,False,"P_PROP_plant_pot_city_11","Assets/Fantastic City Pack/Prefabs/Props/Environment/P_PROP_plant_pot_city_11.prefab"
True,0,0,1,False,False,192,0,582,0,700,0,597,False,"P_PROP_plant_pot_city_12","Assets/Fantastic City Pack/Prefabs/Props/Environment/P_PROP_plant_pot_city_12.prefab"
True,0,0,1,False,False,108,0,275,1,397,0,272,False,"P_PROP_plant_pot_holder_city","Assets/Fantastic City Pack/Prefabs/Props/Environment/P_PROP_plant_pot_holder_city.prefab"
True,0,0,2,False,False,180,1,064,0,404,0,599,True,"P_PROP_PLANT_pot_v1_01","Assets/Fantastic Village Pack/prefabs/props/P_PROP_PLANT_pot_v1_01.prefab"
True,0,0,2,False,False,180,1,055,0,400,0,599,False,"P_PROP_PLANT_pot_v1_02","Assets/Fantastic Village Pack/prefabs/props/P_PROP_PLANT_pot_v1_02.prefab"
True,0,0,2,False,False,180,1,087,0,429,0,599,False,"P_PROP_PLANT_pot_v1_03","Assets/Fantastic Village Pack/prefabs/props/P_PROP_PLANT_pot_v1_03.prefab"
True,0,0,2,False,False,180,1,121,0,401,0,599,False,"P_PROP_PLANT_pot_v1_04","Assets/Fantastic Village Pack/prefabs/props/P_PROP_PLANT_pot_v1_04.prefab"
True,0,0,2,False,False,128,0,835,0,751,0,756,False,"P_PROP_PLANT_pot_v2_01","Assets/Fantastic Village Pack/prefabs/props/P_PROP_PLANT_pot_v2_01.prefab"
True,0,0,2,False,False,128,0,767,0,705,0,788,False,"P_PROP_PLANT_pot_v2_02","Assets/Fantastic Village Pack/prefabs/props/P_PROP_PLANT_pot_v2_02.prefab"
True,0,0,2,False,False,128,0,778,0,663,0,768,False,"P_PROP_PLANT_pot_v2_03","Assets/Fantastic Village Pack/prefabs/props/P_PROP_PLANT_pot_v2_03.prefab"
True,0,0,2,False,False,128,0,772,0,676,0,737,False,"P_PROP_PLANT_pot_v2_04","Assets/Fantastic Village Pack/prefabs/props/P_PROP_PLANT_pot_v2_04.prefab"
True,0,0,2,False,False,215,1,227,1,302,1,163,False,"P_PROP_PLANT_pot_v3_01","Assets/Fantastic Village Pack/prefabs/props/P_PROP_PLANT_pot_v3_01.prefab"
True,0,0,2,False,False,215,1,227,1,302,1,163,False,"P_PROP_PLANT_pot_v3_02","Assets/Fantastic Village Pack/prefabs/props/P_PROP_PLANT_pot_v3_02.prefab"
True,0,0,2,False,False,215,1,227,1,302,1,163,False,"P_PROP_PLANT_pot_v3_03","Assets/Fantastic Village Pack/prefabs/props/P_PROP_PLANT_pot_v3_03.prefab"
True,0,0,2,False,False,215,1,227,1,302,1,163,False,"P_PROP_PLANT_pot_v3_04","Assets/Fantastic Village Pack/prefabs/props/P_PROP_PLANT_pot_v3_04.prefab"
True,0,0,2,False,False,556,1,601,0,773,0,683,False,"P_PROP_PLANT_pot_v4_01","Assets/Fantastic Village Pack/prefabs/props/P_PROP_PLANT_pot_v4_01.prefab"
True,0,0,2,False,False,380,1,258,0,831,0,781,False,"P_PROP_PLANT_pot_v5_01","Assets/Fantastic Village Pack/prefabs/props/P_PROP_PLANT_pot_v5_01.prefab"
True,0,0,2,False,False,232,0,764,0,943,0,764,False,"P_PROP_PLANT_pot_v6_01","Assets/Fantastic Village Pack/prefabs/props/P_PROP_PLANT_pot_v6_01.prefab"
True,0,0,1,False,False,128,2,122,0,631,0,827,False,"P_PROP_planter_base_city_01","Assets/Fantastic City Pack/Prefabs/Props/Environment/P_PROP_planter_base_city_01.prefab"
True,0,0,1,False,False,128,0,840,0,726,0,839,False,"P_PROP_planter_base_city_02","Assets/Fantastic City Pack/Prefabs/Props/Environment/P_PROP_planter_base_city_02.prefab"
True,0,0,7,True,False,1200,2,994,1,555,2,252,False,"P_PROP_planter_city_01","Assets/Fantastic City Pack/Prefabs/Props/Environment/P_PROP_planter_city_01.prefab"
True,0,0,10,True,False,974,2,482,1,457,1,675,False,"P_PROP_planter_city_02","Assets/Fantastic City Pack/Prefabs/Props/Environment/P_PROP_planter_city_02.prefab"
True,0,0,4,True,False,664,1,768,1,519,1,671,False,"P_PROP_planter_city_03","Assets/Fantastic City Pack/Prefabs/Props/Environment/P_PROP_planter_city_03.prefab"
True,0,0,4,True,False,410,1,572,1,662,1,640,False,"P_PROP_planter_city_04","Assets/Fantastic City Pack/Prefabs/Props/Environment/P_PROP_planter_city_04.prefab"
True,0,0,1,False,False,160,0,271,0,092,0,250,False,"P_PROP_plate_city_01","Assets/Fantastic City Pack/Prefabs/Props/Dishes/P_PROP_plate_city_01.prefab"
True,0,0,1,False,False,160,0,296,0,091,0,290,False,"P_PROP_plate_city_02","Assets/Fantastic City Pack/Prefabs/Props/Dishes/P_PROP_plate_city_02.prefab"
True,0,0,1,False,False,160,0,282,0,040,0,293,False,"P_PROP_plate_city_03","Assets/Fantastic City Pack/Prefabs/Props/Dishes/P_PROP_plate_city_03.prefab"
True,0,0,1,False,False,128,0,287,0,024,0,287,False,"P_PROP_plate_city_04","Assets/Fantastic City Pack/Prefabs/Props/Dishes/P_PROP_plate_city_04.prefab"
True,0,0,1,False,False,128,0,186,0,055,0,186,False,"P_PROP_plate_city_05","Assets/Fantastic City Pack/Prefabs/Props/Dishes/P_PROP_plate_city_05.prefab"
True,0,0,1,False,False,64,0,675,0,096,0,626,False,"P_PROP_plate_metal_01","Assets/Fantastic Village Pack/prefabs/props/P_PROP_plate_metal_01.prefab"
True,0,0,1,False,False,64,0,374,0,051,0,353,False,"P_PROP_plate_metal_02","Assets/Fantastic Village Pack/prefabs/props/P_PROP_plate_metal_02.prefab"
True,0,0,1,False,False,64,0,321,0,053,0,314,False,"P_PROP_plate_wood","Assets/Fantastic Village Pack/prefabs/props/P_PROP_plate_wood.prefab"
True,0,0,2,False,False,170,0,115,0,036,0,834,False,"P_PROP_pliers_city","Assets/Fantastic City Pack/Prefabs/Props/Tools/P_PROP_pliers_city.prefab"
True,0,0,1,False,False,232,0,261,0,850,0,261,False,"P_PROP_post_city_01","Assets/Fantastic City Pack/Prefabs/Props/City_deco/P_PROP_post_city_01.prefab"
True,0,0,2,False,False,30,0,372,0,533,0,257,False,"P_PROP_poster_01","Assets/Fantastic Village Pack/prefabs/props/P_PROP_poster_01.prefab"
True,0,0,2,False,False,30,0,401,0,533,0,277,False,"P_PROP_poster_02","Assets/Fantastic Village Pack/prefabs/props/P_PROP_poster_02.prefab"
True,0,0,1,False,False,216,0,582,0,505,0,597,False,"P_PROP_pot_city_01","Assets/Fantastic City Pack/Prefabs/Props/Container/P_PROP_pot_city_01.prefab"
True,0,0,1,False,False,264,0,484,0,714,0,498,False,"P_PROP_pot_city_02","Assets/Fantastic City Pack/Prefabs/Props/Container/P_PROP_pot_city_02.prefab"
True,0,0,1,False,False,220,0,671,0,506,0,668,False,"P_PROP_pot_city_03","Assets/Fantastic City Pack/Prefabs/Props/Container/P_PROP_pot_city_03.prefab"
True,0,0,1,False,False,280,0,484,0,715,0,498,False,"P_PROP_pot_city_04","Assets/Fantastic City Pack/Prefabs/Props/Container/P_PROP_pot_city_04.prefab"
True,0,0,1,False,False,100,0,412,1,035,3,095,False,"P_PROP_railing_v01_01","Assets/Fantastic Village Pack/prefabs/props/P_PROP_railing_v01_01.prefab"
True,0,0,1,False,False,100,0,336,1,157,3,100,False,"P_PROP_railing_v01_02","Assets/Fantastic Village Pack/prefabs/props/P_PROP_railing_v01_02.prefab"
True,0,0,2,False,False,220,0,379,1,039,3,181,False,"P_PROP_railing_v02_01","Assets/Fantastic Village Pack/prefabs/props/P_PROP_railing_v02_01.prefab"
True,0,0,2,False,False,220,0,370,1,036,3,154,False,"P_PROP_railing_v02_02","Assets/Fantastic Village Pack/prefabs/props/P_PROP_railing_v02_02.prefab"
True,0,0,2,False,False,144,0,341,1,034,2,010,False,"P_PROP_railing_v03_01","Assets/Fantastic Village Pack/prefabs/props/P_PROP_railing_v03_01.prefab"
True,0,0,2,False,False,144,0,370,1,015,1,872,False,"P_PROP_railing_v03_02","Assets/Fantastic Village Pack/prefabs/props/P_PROP_railing_v03_02.prefab"
True,0,0,3,False,False,310,0,608,0,815,0,339,False,"P_PROP_reading_stand_city","Assets/Fantastic City Pack/Prefabs/Props/Crafting/P_PROP_reading_stand_city.prefab"
True,0,0,1,False,False,266,0,267,0,027,0,232,False,"P_PROP_rope_city_01","Assets/Fantastic City Pack/Prefabs/Props/Crafting/P_PROP_rope_city_01.prefab"
True,0,0,1,False,False,318,4,908,1,001,0,238,False,"P_PROP_rope_decoration_city_01","Assets/Fantastic City Pack/Prefabs/Props/Deco/P_PROP_rope_decoration_city_01.prefab"
True,0,0,1,False,False,228,4,908,0,654,0,238,False,"P_PROP_rope_decoration_city_02","Assets/Fantastic City Pack/Prefabs/Props/Deco/P_PROP_rope_decoration_city_02.prefab"
True,0,0,1,False,False,1648,4,908,1,198,0,450,False,"P_PROP_rope_decoration_city_03","Assets/Fantastic City Pack/Prefabs/Props/Deco/P_PROP_rope_decoration_city_03.prefab"
True,0,0,1,False,False,874,4,908,2,001,0,240,False,"P_PROP_rope_decoration_city_04","Assets/Fantastic City Pack/Prefabs/Props/Deco/P_PROP_rope_decoration_city_04.prefab"
True,0,0,11,False,False,1440,3,782,2,243,4,060,True,"P_PROP_rowboat","Assets/Fantastic Village Pack/prefabs/props/P_PROP_rowboat.prefab"
True,0,0,2,False,False,122,0,627,0,493,0,701,False,"P_PROP_sack_01","Assets/Fantastic Village Pack/prefabs/props/P_PROP_sack_01.prefab"
True,0,0,2,False,False,122,0,627,0,493,0,701,False,"P_PROP_sack_02","Assets/Fantastic Village Pack/prefabs/props/P_PROP_sack_02.prefab"
True,0,0,2,False,False,122,0,627,0,493,0,701,False,"P_PROP_sack_03","Assets/Fantastic Village Pack/prefabs/props/P_PROP_sack_03.prefab"
True,0,0,2,False,False,122,0,627,0,493,0,701,False,"P_PROP_sack_04","Assets/Fantastic Village Pack/prefabs/props/P_PROP_sack_04.prefab"
True,0,0,1,False,False,132,0,353,0,524,0,542,False,"P_PROP_sack_05","Assets/Fantastic Village Pack/prefabs/props/P_PROP_sack_05.prefab"
True,0,0,1,False,False,112,0,674,0,230,0,555,False,"P_PROP_sack_06","Assets/Fantastic Village Pack/prefabs/props/P_PROP_sack_06.prefab"
True,0,0,2,False,False,122,0,655,0,498,0,678,False,"P_PROP_sack_07","Assets/Fantastic Village Pack/prefabs/props/P_PROP_sack_07.prefab"
True,0,0,2,False,False,122,0,622,0,553,0,684,False,"P_PROP_sack_08","Assets/Fantastic Village Pack/prefabs/props/P_PROP_sack_08.prefab"
True,0,0,2,False,False,122,0,646,0,491,0,708,False,"P_PROP_sack_09","Assets/Fantastic Village Pack/prefabs/props/P_PROP_sack_09.prefab"
True,0,0,2,False,False,122,0,652,0,513,0,745,False,"P_PROP_sack_10","Assets/Fantastic Village Pack/prefabs/props/P_PROP_sack_10.prefab"
True,0,0,1,False,False,448,1,269,0,364,1,290,False,"P_PROP_sack_11","Assets/Fantastic Village Pack/prefabs/props/P_PROP_sack_11.prefab"
True,0,0,1,False,False,128,0,576,0,557,0,376,False,"P_PROP_sack_city_01","Assets/Fantastic City Pack/Prefabs/Props/Deco/P_PROP_sack_city_01.prefab"
True,0,0,1,False,False,152,0,546,0,181,0,811,False,"P_PROP_sack_city_02","Assets/Fantastic City Pack/Prefabs/Props/Deco/P_PROP_sack_city_02.prefab"
True,0,0,1,False,False,206,1,792,0,066,0,534,False,"P_PROP_saw_city_01","Assets/Fantastic City Pack/Prefabs/Props/Tools/P_PROP_saw_city_01.prefab"
True,0,0,1,False,False,184,0,736,0,047,0,257,False,"P_PROP_saw_city_02","Assets/Fantastic City Pack/Prefabs/Props/Tools/P_PROP_saw_city_02.prefab"
True,0,0,2,False,False,148,0,369,0,012,0,260,False,"P_PROP_scissors_city","Assets/Fantastic City Pack/Prefabs/Props/Tools/P_PROP_scissors_city.prefab"
True,0,0,1,False,False,44,0,398,0,146,0,136,True,"P_PROP_scroll","Assets/Fantastic Village Pack/prefabs/props/P_PROP_scroll.prefab"
True,0,0,1,False,False,138,1,773,0,376,0,395,False,"P_PROP_shelf_city_01","Assets/Fantastic City Pack/Prefabs/Props/Furniture/P_PROP_shelf_city_01.prefab"
True,0,0,1,False,False,108,1,581,2,856,0,572,False,"P_PROP_shelf_city_02","Assets/Fantastic City Pack/Prefabs/Props/Furniture/P_PROP_shelf_city_02.prefab"
True,0,0,1,False,False,112,1,782,2,707,0,543,False,"P_PROP_shelf_city_03","Assets/Fantastic City Pack/Prefabs/Props/Furniture/P_PROP_shelf_city_03.prefab"
True,0,0,1,False,False,136,2,034,1,147,0,796,False,"P_PROP_shelf_city_04","Assets/Fantastic City Pack/Prefabs/Props/Furniture/P_PROP_shelf_city_04.prefab"
True,0,0,1,False,False,164,0,409,0,158,1,686,False,"P_PROP_shovel_city","Assets/Fantastic City Pack/Prefabs/Props/Tools/P_PROP_shovel_city.prefab"
True,0,0,1,False,False,126,0,149,0,064,0,450,False,"P_PROP_shovel_city_01","Assets/Fantastic City Pack/Prefabs/Props/Tools/P_PROP_shovel_city_01.prefab"
True,0,0,6,False,False,502,0,655,3,397,1,828,False,"P_PROP_sign_01","Assets/Fantastic Village Pack/prefabs/props/P_PROP_sign_01.prefab"
True,0,0,6,False,False,502,0,655,3,397,1,828,False,"P_PROP_sign_02","Assets/Fantastic Village Pack/prefabs/props/P_PROP_sign_02.prefab"
True,0,0,6,False,False,502,0,655,3,397,1,828,False,"P_PROP_sign_03","Assets/Fantastic Village Pack/prefabs/props/P_PROP_sign_03.prefab"
True,0,0,6,False,False,502,0,655,3,397,1,828,False,"P_PROP_sign_04","Assets/Fantastic Village Pack/prefabs/props/P_PROP_sign_04.prefab"
True,0,0,6,False,False,502,0,655,3,397,1,828,False,"P_PROP_sign_05","Assets/Fantastic Village Pack/prefabs/props/P_PROP_sign_05.prefab"
True,0,0,6,False,False,502,0,655,3,397,1,828,False,"P_PROP_sign_06","Assets/Fantastic Village Pack/prefabs/props/P_PROP_sign_06.prefab"
True,0,0,1,False,False,794,0,087,1,530,1,801,False,"P_PROP_sign_city_01","Assets/Fantastic City Pack/Prefabs/Props/Deco/P_PROP_sign_city_01.prefab"
True,0,0,1,False,False,794,0,087,1,530,1,801,False,"P_PROP_sign_city_02","Assets/Fantastic City Pack/Prefabs/Props/Deco/P_PROP_sign_city_02.prefab"
True,0,0,1,False,False,794,0,087,1,530,1,801,False,"P_PROP_sign_city_03","Assets/Fantastic City Pack/Prefabs/Props/Deco/P_PROP_sign_city_03.prefab"
True,0,0,1,False,False,794,0,087,1,530,1,801,False,"P_PROP_sign_city_04","Assets/Fantastic City Pack/Prefabs/Props/Deco/P_PROP_sign_city_04.prefab"
True,0,0,1,False,False,794,0,087,1,530,1,801,False,"P_PROP_sign_city_05","Assets/Fantastic City Pack/Prefabs/Props/Deco/P_PROP_sign_city_05.prefab"
True,0,0,1,False,False,36,0,979,0,620,0,054,False,"P_PROP_sign_city_06","Assets/Fantastic City Pack/Prefabs/Props/Deco/P_PROP_sign_city_06.prefab"
True,0,0,1,False,False,36,0,979,0,620,0,054,False,"P_PROP_sign_city_07","Assets/Fantastic City Pack/Prefabs/Props/Deco/P_PROP_sign_city_07.prefab"
True,0,0,1,False,False,36,0,979,0,620,0,054,False,"P_PROP_sign_city_08","Assets/Fantastic City Pack/Prefabs/Props/Deco/P_PROP_sign_city_08.prefab"
True,0,0,1,False,False,36,0,979,0,620,0,054,False,"P_PROP_sign_city_09","Assets/Fantastic City Pack/Prefabs/Props/Deco/P_PROP_sign_city_09.prefab"
True,0,0,1,False,False,36,0,979,0,620,0,054,False,"P_PROP_sign_city_10","Assets/Fantastic City Pack/Prefabs/Props/Deco/P_PROP_sign_city_10.prefab"
True,0,0,1,False,False,10,3,904,0,607,0,080,False,"P_PROP_sign_city_11","Assets/Fantastic City Pack/Prefabs/Props/Deco/P_PROP_sign_city_11.prefab"
True,0,0,1,False,False,10,3,904,0,607,0,080,False,"P_PROP_sign_city_12","Assets/Fantastic City Pack/Prefabs/Props/Deco/P_PROP_sign_city_12.prefab"
True,0,0,1,False,False,10,3,904,0,607,0,080,False,"P_PROP_sign_city_13","Assets/Fantastic City Pack/Prefabs/Props/Deco/P_PROP_sign_city_13.prefab"
True,0,0,1,False,False,20,1,157,0,740,0,080,False,"P_PROP_sign_city_14","Assets/Fantastic City Pack/Prefabs/Props/Deco/P_PROP_sign_city_14.prefab"
True,0,0,1,False,False,150,2,302,4,118,2,177,True,"P_PROP_signpost_01","Assets/Fantastic Village Pack/prefabs/props/P_PROP_signpost_01.prefab"
True,0,0,3,False,False,66,0,536,3,985,1,408,False,"P_PROP_signpost_02","Assets/Fantastic Village Pack/prefabs/props/P_PROP_signpost_02.prefab"
True,0,0,3,False,False,194,2,385,4,381,2,385,False,"P_PROP_signpost_03","Assets/Fantastic Village Pack/prefabs/props/P_PROP_signpost_03.prefab"
True,0,0,3,False,False,98,0,321,4,118,2,385,False,"P_PROP_signpost_04","Assets/Fantastic Village Pack/prefabs/props/P_PROP_signpost_04.prefab"
True,0,0,1,False,False,54,0,107,0,055,0,165,False,"P_PROP_soap_city","Assets/Fantastic City Pack/Prefabs/Props/Deco/P_PROP_soap_city.prefab"
True,0,0,2,False,False,264,2,028,2,212,2,296,False,"P_PROP_spikes_v01_01","Assets/Fantastic Village Pack/prefabs/props/P_PROP_spikes_v01_01.prefab"
True,0,0,2,False,False,264,2,057,2,045,2,068,False,"P_PROP_spikes_v01_02","Assets/Fantastic Village Pack/prefabs/props/P_PROP_spikes_v01_02.prefab"
True,0,0,2,False,False,264,1,992,2,036,2,043,False,"P_PROP_spikes_v01_03","Assets/Fantastic Village Pack/prefabs/props/P_PROP_spikes_v01_03.prefab"
True,0,0,2,False,False,506,4,034,2,212,2,440,False,"P_PROP_spikes_v02_01","Assets/Fantastic Village Pack/prefabs/props/P_PROP_spikes_v02_01.prefab"
True,0,0,2,False,False,506,3,817,2,045,2,092,False,"P_PROP_spikes_v02_02","Assets/Fantastic Village Pack/prefabs/props/P_PROP_spikes_v02_02.prefab"
True,0,0,2,False,False,484,3,456,2,082,2,140,False,"P_PROP_spikes_v02_03","Assets/Fantastic Village Pack/prefabs/props/P_PROP_spikes_v02_03.prefab"
True,0,0,2,False,False,1536,0,544,1,623,1,195,False,"P_PROP_spinningwheel_base_city","Assets/Fantastic City Pack/Prefabs/Props/Crafting/P_PROP_spinningwheel_base_city.prefab"
True,0,0,1,False,False,126,0,079,0,045,0,261,False,"P_PROP_spoon_01","Assets/Fantastic Village Pack/prefabs/props/P_PROP_spoon_01.prefab"
True,0,0,1,False,False,126,0,078,0,051,0,260,False,"P_PROP_spoon_02","Assets/Fantastic Village Pack/prefabs/props/P_PROP_spoon_02.prefab"
True,0,0,1,False,False,100,0,074,0,033,0,329,False,"P_PROP_spoon_city","Assets/Fantastic City Pack/Prefabs/Props/Tools/P_PROP_spoon_city.prefab"
True,0,0,1,False,False,200,4,116,3,610,2,808,False,"P_PROP_stairs_wood_01","Assets/Fantastic Village Pack/prefabs/props/P_PROP_stairs_wood_01.prefab"
True,0,0,1,False,False,120,2,710,2,063,2,740,False,"P_PROP_stairs_wood_02","Assets/Fantastic Village Pack/prefabs/props/P_PROP_stairs_wood_02.prefab"
True,0,0,1,False,False,100,1,283,1,032,1,862,False,"P_PROP_stairs_wood_03","Assets/Fantastic Village Pack/prefabs/props/P_PROP_stairs_wood_03.prefab"
True,0,0,1,False,False,98,2,301,2,033,2,301,False,"P_PROP_statue_base_city_01","Assets/Fantastic City Pack/Prefabs/Props/City_deco/P_PROP_statue_base_city_01.prefab"
True,0,0,1,False,False,298,4,209,2,000,4,209,False,"P_PROP_statue_base_city_02","Assets/Fantastic City Pack/Prefabs/Props/City_deco/P_PROP_statue_base_city_02.prefab"
True,0,0,1,False,False,968,2,155,4,973,2,121,False,"P_PROP_statue_city_01","Assets/Fantastic City Pack/Prefabs/Props/City_deco/P_PROP_statue_city_01.prefab"
True,0,0,1,False,False,136,0,563,0,759,0,601,False,"P_PROP_stepladder","Assets/Fantastic Village Pack/prefabs/props/P_PROP_stepladder.prefab"
True,0,0,1,False,False,92,1,820,0,269,1,791,False,"P_PROP_stone_01","Assets/Fantastic Village Pack/prefabs/props/P_PROP_stone_01.prefab"
True,0,0,1,False,False,92,1,089,0,180,1,117,False,"P_PROP_stone_02","Assets/Fantastic Village Pack/prefabs/props/P_PROP_stone_02.prefab"
True,0,0,1,False,False,92,0,836,0,148,0,698,False,"P_PROP_stone_03","Assets/Fantastic Village Pack/prefabs/props/P_PROP_stone_03.prefab"
True,0,0,1,False,False,46,1,820,0,213,1,791,False,"P_PROP_stone_04","Assets/Fantastic Village Pack/prefabs/props/P_PROP_stone_04.prefab"
True,0,0,1,False,False,92,0,356,0,326,0,576,False,"P_PROP_stool_01","Assets/Fantastic Village Pack/prefabs/props/P_PROP_stool_01.prefab"
True,0,0,1,False,False,92,0,434,0,513,0,584,False,"P_PROP_stool_02","Assets/Fantastic Village Pack/prefabs/props/P_PROP_stool_02.prefab"
True,0,0,6,False,False,362,0,863,3,739,1,999,False,"P_PROP_streetlamp_v01_01","Assets/Fantastic Village Pack/prefabs/props/P_PROP_streetlamp_v01_01.prefab"
True,0,0,6,False,False,698,0,863,3,757,3,168,False,"P_PROP_streetlamp_v01_02","Assets/Fantastic Village Pack/prefabs/props/P_PROP_streetlamp_v01_02.prefab"
True,0,0,6,False,False,546,0,878,3,739,1,998,False,"P_PROP_streetlamp_v01_03","Assets/Fantastic Village Pack/prefabs/props/P_PROP_streetlamp_v01_03.prefab"
True,0,0,6,False,False,1056,0,878,3,739,3,223,False,"P_PROP_streetlamp_v01_04","Assets/Fantastic Village Pack/prefabs/props/P_PROP_streetlamp_v01_04.prefab"
True,0,0,6,False,False,496,0,823,3,783,1,691,False,"P_PROP_streetlamp_v02_01","Assets/Fantastic Village Pack/prefabs/props/P_PROP_streetlamp_v02_01.prefab"
True,0,0,6,False,False,944,0,823,4,022,2,628,False,"P_PROP_streetlamp_v02_02","Assets/Fantastic Village Pack/prefabs/props/P_PROP_streetlamp_v02_02.prefab"
True,0,0,6,False,False,388,0,823,3,773,1,691,False,"P_PROP_streetlamp_v02_03","Assets/Fantastic Village Pack/prefabs/props/P_PROP_streetlamp_v02_03.prefab"
True,0,0,6,False,False,728,0,823,4,029,2,628,False,"P_PROP_streetlamp_v02_04","Assets/Fantastic Village Pack/prefabs/props/P_PROP_streetlamp_v02_04.prefab"
True,0,0,1,False,False,650,1,361,4,252,0,648,False,"P_PROP_streetsign_city_01","Assets/Fantastic City Pack/Prefabs/Props/City_deco/P_PROP_streetsign_city_01.prefab"
True,0,0,1,False,False,972,1,361,4,252,1,366,False,"P_PROP_streetsign_city_02","Assets/Fantastic City Pack/Prefabs/Props/City_deco/P_PROP_streetsign_city_02.prefab"
True,0,0,1,False,False,232,0,260,0,015,0,380,False,"P_PROP_stripes_city","Assets/Fantastic City Pack/Prefabs/Props/Crafting/P_PROP_stripes_city.prefab"
True,0,0,1,False,False,132,1,795,0,825,1,143,False,"P_PROP_table_01","Assets/Fantastic Village Pack/prefabs/props/P_PROP_table_01.prefab"
True,0,0,1,False,False,144,2,414,0,786,1,372,False,"P_PROP_table_02","Assets/Fantastic Village Pack/prefabs/props/P_PROP_table_02.prefab"
True,0,0,1,False,False,84,1,244,0,749,1,125,False,"P_PROP_table_03","Assets/Fantastic Village Pack/prefabs/props/P_PROP_table_03.prefab"
True,0,0,1,False,False,84,0,643,0,440,0,580,False,"P_PROP_table_04","Assets/Fantastic Village Pack/prefabs/props/P_PROP_table_04.prefab"
True,0,0,1,False,False,716,0,834,0,838,0,834,False,"P_PROP_table_city_01 (2)","Assets/Fantastic City Pack/Prefabs/Props/Furniture/P_PROP_table_city_01 (2).prefab"
True,0,0,1,False,False,700,0,995,0,860,0,993,False,"P_PROP_table_city_02","Assets/Fantastic City Pack/Prefabs/Props/Furniture/P_PROP_table_city_02.prefab"
True,0,0,1,False,False,232,2,260,0,742,1,373,False,"P_PROP_table_city_03","Assets/Fantastic City Pack/Prefabs/Props/Furniture/P_PROP_table_city_03.prefab"
True,0,0,1,False,False,360,0,854,0,742,0,853,False,"P_PROP_table_city_04","Assets/Fantastic City Pack/Prefabs/Props/Furniture/P_PROP_table_city_04.prefab"
True,0,0,1,False,False,118,2,046,0,828,1,104,False,"P_PROP_table_city_05","Assets/Fantastic City Pack/Prefabs/Props/Furniture/P_PROP_table_city_05.prefab"
True,0,0,1,False,False,78,0,884,0,317,0,862,False,"P_PROP_tablecloth_city_01","Assets/Fantastic City Pack/Prefabs/Props/Furniture/P_PROP_tablecloth_city_01.prefab"
True,0,0,1,False,False,56,1,220,0,494,1,192,False,"P_PROP_tablecloth_city_02","Assets/Fantastic City Pack/Prefabs/Props/Furniture/P_PROP_tablecloth_city_02.prefab"
True,0,0,1,False,False,52,1,006,0,437,0,520,False,"P_PROP_tablecloth_city_03","Assets/Fantastic City Pack/Prefabs/Props/Furniture/P_PROP_tablecloth_city_03.prefab"
True,0,0,1,False,False,29,2,256,0,400,1,319,False,"P_PROP_tablecloth_city_04","Assets/Fantastic City Pack/Prefabs/Props/Furniture/P_PROP_tablecloth_city_04.prefab"
True,0,0,1,False,False,29,2,256,0,400,1,319,False,"P_PROP_tablecloth_city_05","Assets/Fantastic City Pack/Prefabs/Props/Furniture/P_PROP_tablecloth_city_05.prefab"
True,0,0,1,False,False,58,1,799,0,618,1,391,False,"P_PROP_tablecloth_city_06","Assets/Fantastic City Pack/Prefabs/Props/Furniture/P_PROP_tablecloth_city_06.prefab"
True,0,0,1,False,False,24,0,434,0,011,0,298,False,"P_PROP_tablemat_city","Assets/Fantastic City Pack/Prefabs/Props/Deco/P_PROP_tablemat_city.prefab"
True,0,0,1,False,False,1226,2,016,2,196,1,214,False,"P_PROP_tanningrack_city","Assets/Fantastic City Pack/Prefabs/Props/Crafting/P_PROP_tanningrack_city.prefab"
True,0,0,1,False,False,206,0,285,0,248,0,437,False,"P_PROP_teapot_city","Assets/Fantastic City Pack/Prefabs/Props/Deco/P_PROP_teapot_city.prefab"
True,0,0,1,False,False,72,0,054,0,190,0,059,False,"P_PROP_testtube_city_01","Assets/Fantastic City Pack/Prefabs/Props/Crafting/P_PROP_testtube_city_01.prefab"
True,0,0,1,False,False,84,0,102,0,149,0,117,False,"P_PROP_thread_spool_city","Assets/Fantastic City Pack/Prefabs/Props/Crafting/P_PROP_thread_spool_city.prefab"
True,0,0,1,False,False,136,0,738,0,548,0,482,False,"P_PROP_toolbox_city","Assets/Fantastic City Pack/Prefabs/Props/Crafting/P_PROP_toolbox_city.prefab"
True,0,0,1,False,False,654,0,569,1,098,0,799,False,"P_PROP_trashbin_city","Assets/Fantastic City Pack/Prefabs/Props/City_deco/P_PROP_trashbin_city.prefab"
True,0,0,5,False,False,818,0,817,0,701,0,577,False,"P_PROP_treasurechest","Assets/Fantastic Village Pack/prefabs/props/P_PROP_treasurechest.prefab"
True,0,0,2,False,False,180,4,837,1,600,2,573,False,"P_PROP_treetrunk_01","Assets/Fantastic Village Pack/prefabs/props/P_PROP_treetrunk_01.prefab"
True,0,0,2,False,False,36,4,593,0,788,0,910,False,"P_PROP_treetrunk_02","Assets/Fantastic Village Pack/prefabs/props/P_PROP_treetrunk_02.prefab"
True,0,0,2,False,False,180,4,837,1,616,2,547,False,"P_PROP_treetrunk_03","Assets/Fantastic Village Pack/prefabs/props/P_PROP_treetrunk_03.prefab"
True,0,0,2,False,False,36,4,593,0,910,0,788,False,"P_PROP_treetrunk_04","Assets/Fantastic Village Pack/prefabs/props/P_PROP_treetrunk_04.prefab"
True,0,0,2,False,False,284,1,035,0,924,2,610,False,"P_PROP_trough_01","Assets/Fantastic Village Pack/prefabs/props/P_PROP_trough_01.prefab"
True,0,0,2,False,False,90,1,106,0,819,2,549,False,"P_PROP_trough_02","Assets/Fantastic Village Pack/prefabs/props/P_PROP_trough_02.prefab"
True,0,0,1,False,False,200,2,912,0,649,5,794,False,"P_PROP_walkway_wood","Assets/Fantastic Village Pack/prefabs/props/P_PROP_walkway_wood.prefab"
True,0,0,1,False,False,270,0,143,0,368,0,789,False,"P_PROP_wall_holder_city_01","Assets/Fantastic City Pack/Prefabs/Props/Deco/P_PROP_wall_holder_city_01.prefab"
True,0,0,1,False,False,126,0,086,0,362,1,210,False,"P_PROP_wall_holder_city_02","Assets/Fantastic City Pack/Prefabs/Props/Deco/P_PROP_wall_holder_city_02.prefab"
True,0,0,1,False,False,16,0,426,1,066,2,979,True,"P_PROP_wall_stone_small_01","Assets/Fantastic Village Pack/prefabs/props/P_PROP_wall_stone_small_01.prefab"
True,0,0,1,False,False,16,0,549,1,181,2,971,False,"P_PROP_wall_stone_small_02","Assets/Fantastic Village Pack/prefabs/props/P_PROP_wall_stone_small_02.prefab"
True,0,0,1,False,False,54,0,468,1,285,2,971,False,"P_PROP_wall_stone_small_03","Assets/Fantastic Village Pack/prefabs/props/P_PROP_wall_stone_small_03.prefab"
True,0,0,1,False,False,78,0,925,1,268,2,971,False,"P_PROP_wall_stone_small_04","Assets/Fantastic Village Pack/prefabs/props/P_PROP_wall_stone_small_04.prefab"
True,0,0,3,False,False,596,3,604,5,314,6,262,False,"P_PROP_wall_wood","Assets/Fantastic Village Pack/prefabs/props/P_PROP_wall_wood.prefab"
True,0,0,3,False,False,654,5,404,5,214,5,327,False,"P_PROP_wall_wood_corner_01","Assets/Fantastic Village Pack/prefabs/props/P_PROP_wall_wood_corner_01.prefab"
True,0,0,3,False,False,578,4,577,5,266,5,631,False,"P_PROP_wall_wood_corner_02","Assets/Fantastic Village Pack/prefabs/props/P_PROP_wall_wood_corner_02.prefab"
True,0,0,7,False,False,544,1,528,7,469,6,485,False,"P_PROP_wall_wood_gate_frame_01","Assets/Fantastic Village Pack/prefabs/props/P_PROP_wall_wood_gate_frame_01.prefab"
True,0,0,7,False,False,328,1,212,5,920,6,058,False,"P_PROP_wall_wood_gate_frame_02","Assets/Fantastic Village Pack/prefabs/props/P_PROP_wall_wood_gate_frame_02.prefab"
True,0,0,3,False,False,56,1,146,5,817,1,026,False,"P_PROP_wall_wood_post_01","Assets/Fantastic Village Pack/prefabs/props/P_PROP_wall_wood_post_01.prefab"
True,0,0,2,False,False,16,0,902,5,817,0,960,False,"P_PROP_wall_wood_post_02","Assets/Fantastic Village Pack/prefabs/props/P_PROP_wall_wood_post_02.prefab"
True,0,0,2,False,False,18,0,678,4,838,0,555,False,"P_PROP_wall_wood_post_03","Assets/Fantastic Village Pack/prefabs/props/P_PROP_wall_wood_post_03.prefab"
True,0,0,2,False,False,198,0,892,4,906,5,861,False,"P_PROP_wall_wood_post_04","Assets/Fantastic Village Pack/prefabs/props/P_PROP_wall_wood_post_04.prefab"
True,0,0,3,False,False,986,6,173,5,409,6,273,False,"P_PROP_wall_wood_stairs_01","Assets/Fantastic Village Pack/prefabs/props/P_PROP_wall_wood_stairs_01.prefab"
True,0,0,3,False,False,986,6,173,5,409,6,273,False,"P_PROP_wall_wood_stairs_02","Assets/Fantastic Village Pack/prefabs/props/P_PROP_wall_wood_stairs_02.prefab"
True,0,0,1,False,False,116,0,170,0,582,0,166,False,"P_PROP_vase_city_01","Assets/Fantastic City Pack/Prefabs/Props/Deco/P_PROP_vase_city_01.prefab"
True,0,0,2,False,False,1412,5,013,11,214,4,484,False,"P_PROP_watchtower_wood_01","Assets/Fantastic Village Pack/prefabs/props/P_PROP_watchtower_wood_01.prefab"
True,0,0,3,False,False,1604,7,338,13,096,6,075,False,"P_PROP_watchtower_wood_02","Assets/Fantastic Village Pack/prefabs/props/P_PROP_watchtower_wood_02.prefab"
True,0,0,3,False,False,1676,5,013,11,298,4,484,False,"P_PROP_watchtower_wood_02_small","Assets/Fantastic Village Pack/prefabs/props/P_PROP_watchtower_wood_02_small.prefab"
True,0,0,1,False,False,291,0,353,0,626,0,924,False,"P_PROP_wateringcan_city","Assets/Fantastic City Pack/Prefabs/Props/Deco/P_PROP_wateringcan_city.prefab"
True,0,0,1,False,False,2552,8,558,11,212,8,510,False,"P_PROP_waypoint_city_01","Assets/Fantastic City Pack/Prefabs/Props/City_deco/P_PROP_waypoint_city_01.prefab"
True,0,0,1,False,False,472,2,130,1,514,2,460,False,"P_PROP_waypoint_city_02","Assets/Fantastic City Pack/Prefabs/Props/City_deco/P_PROP_waypoint_city_02.prefab"
True,0,0,1,False,False,142,8,122,0,333,8,122,False,"P_PROP_waypoint_city_03","Assets/Fantastic City Pack/Prefabs/Props/City_deco/P_PROP_waypoint_city_03.prefab"
True,0,0,1,False,False,123,2,086,3,944,2,231,False,"P_PROP_weathervane","Assets/Fantastic Village Pack/prefabs/props/P_PROP_weathervane.prefab"
True,0,0,7,False,False,808,2,501,4,241,4,762,False,"P_PROP_well","Assets/Fantastic Village Pack/prefabs/props/P_PROP_well.prefab"
True,0,0,1,False,False,128,0,662,0,550,0,679,False,"P_PROP_woodblock_city","Assets/Fantastic City Pack/Prefabs/Props/Crafting/P_PROP_woodblock_city.prefab"
True,0,0,1,False,False,584,2,427,1,482,1,509,False,"P_PROP_woodworking_station_city_01","Assets/Fantastic City Pack/Prefabs/Props/Furniture/P_PROP_woodworking_station_city_01.prefab"
True,0,0,2,False,False,0,0,000,0,000,0,000,False,"P_Smoke","Assets/Polyart/PolyartStudio/SharedResources/Effects/P_Smoke.prefab"
True,0,0,1,False,False,0,0,000,0,000,0,000,False,"P_Smoke_Long","Assets/Polyart/PolyartStudio/SharedResources/Effects/P_Smoke_Long.prefab"
True,0,0,1,False,False,0,0,000,0,000,0,000,False,"P_StylizedFog_Blue","Assets/Polyart/PolyartStudio/SharedResources/Effects/P_StylizedFog_Blue.prefab"
True,0,0,2,False,False,0,0,000,0,000,0,000,False,"P_Sunshaft","Assets/Polyart/PolyartStudio/SharedResources/Effects/P_Sunshaft.prefab"
True,0,0,1,False,False,0,0,000,0,000,0,000,False,"P_WaterMist","Assets/Polyart/PolyartStudio/SharedResources/Effects/P_WaterMist.prefab"
True,0,0,2,False,False,0,0,000,0,000,0,000,False,"P_WaterSplash","Assets/Polyart/PolyartStudio/SharedResources/Effects/P_WaterSplash.prefab"
True,0,0,2,False,False,0,0,000,0,000,0,000,False,"P_WaterSplash_02","Assets/Polyart/PolyartStudio/SharedResources/Effects/P_WaterSplash_02.prefab"
True,0,0,2,False,False,0,0,000,0,000,0,000,False,"Particle System","Assets/Polyart/PolyartStudio/DreamscapeMeadows/Textures/Effects/Particle System.prefab"
True,0,0,1,False,False,0,0,000,0,000,0,000,False,"Path Tool","Assets/Polyart/PolyartStudio/SharedResources/Prefabs/Tools/Path Tool.prefab"
True,0,0,5,False,False,0,0,000,0,000,0,000,False,"PF_FireBig","Assets/Polyart/PolyartStudio/SharedResources/Effects/PF_FireBig.prefab"
True,0,0,5,False,False,0,0,000,0,000,0,000,False,"PF_FireMedium","Assets/Polyart/PolyartStudio/SharedResources/Effects/PF_FireMedium.prefab"
True,0,0,4,False,False,0,0,000,0,000,0,000,False,"PF_FireSmall","Assets/Polyart/PolyartStudio/SharedResources/Effects/PF_FireSmall.prefab"
True,0,0,1,False,False,3184,1,355,1,408,1,353,False,"Prefab_Barrel_01","Assets/Polyart/PolyartStudio/DreamscapeMeadows/Prefabs/Props/Prefab_Barrel_01.prefab"
True,0,0,1,False,False,2476,0,929,0,648,2,004,False,"Prefab_Bench_01","Assets/Polyart/PolyartStudio/DreamscapeMeadows/Prefabs/Props/Prefab_Bench_01.prefab"
True,0,0,10,True,False,4675,6,559,13,928,7,712,False,"Prefab_Birch_01","Assets/Polyart/PolyartStudio/DreamscapeMeadows/Prefabs/Trees/Prefab_Birch_01.prefab"
True,0,0,8,True,False,7400,6,428,14,552,7,054,False,"Prefab_Birch_02","Assets/Polyart/PolyartStudio/DreamscapeMeadows/Prefabs/Trees/Prefab_Birch_02.prefab"
True,0,0,8,True,False,9378,9,456,12,958,10,128,False,"Prefab_Birch_03","Assets/Polyart/PolyartStudio/DreamscapeMeadows/Prefabs/Trees/Prefab_Birch_03.prefab"
True,0,0,8,True,False,9378,9,456,12,958,10,128,False,"Prefab_Birch_03_Red","Assets/Polyart/PolyartStudio/DreamscapeMeadows/Prefabs/Trees/Prefab_Birch_03_Red.prefab"
True,0,0,8,True,False,5431,6,405,13,307,6,653,False,"Prefab_Birch_04","Assets/Polyart/PolyartStudio/DreamscapeMeadows/Prefabs/Trees/Prefab_Birch_04.prefab"
True,0,0,6,True,False,4180,5,219,12,207,4,987,False,"Prefab_Birch_05","Assets/Polyart/PolyartStudio/DreamscapeMeadows/Prefabs/Trees/Prefab_Birch_05.prefab"
True,0,0,1,True,False,990,4,061,2,201,3,424,False,"Prefab_Bush_01","Assets/Polyart/PolyartStudio/DreamscapeMeadows/Prefabs/Foliage/Prefab_Bush_01.prefab"
True,0,0,1,True,False,420,5,234,2,609,4,845,False,"Prefab_Bush_02","Assets/Polyart/PolyartStudio/DreamscapeMeadows/Prefabs/Foliage/Prefab_Bush_02.prefab"
True,0,0,1,True,False,756,5,383,5,723,5,400,False,"Prefab_Bush_03","Assets/Polyart/PolyartStudio/DreamscapeMeadows/Prefabs/Foliage/Prefab_Bush_03.prefab"
True,0,0,4,True,False,1396,4,511,4,589,4,794,False,"Prefab_Bush_04","Assets/Polyart/PolyartStudio/DreamscapeMeadows/Prefabs/Foliage/Prefab_Bush_04.prefab"
True,0,0,6,True,False,1692,4,511,4,589,4,794,False,"Prefab_Bush_04_Flowers","Assets/Polyart/PolyartStudio/DreamscapeMeadows/Prefabs/Foliage/Prefab_Bush_04_Flowers.prefab"
True,0,0,6,True,False,3532,5,009,4,350,5,160,False,"Prefab_Bush_05","Assets/Polyart/PolyartStudio/DreamscapeMeadows/Prefabs/Foliage/Prefab_Bush_05.prefab"
True,0,0,3,True,False,1061,5,127,4,078,4,725,False,"Prefab_Bush_06","Assets/Polyart/PolyartStudio/DreamscapeMeadows/Prefabs/Foliage/Prefab_Bush_06.prefab"
True,0,0,2,True,False,476,5,307,4,394,5,345,False,"Prefab_Bush_07","Assets/Polyart/PolyartStudio/DreamscapeMeadows/Prefabs/Foliage/Prefab_Bush_07.prefab"
True,0,0,6,True,False,2993,5,635,4,884,5,372,False,"Prefab_Bush_08","Assets/Polyart/PolyartStudio/DreamscapeMeadows/Prefabs/Foliage/Prefab_Bush_08.prefab"
True,0,0,6,True,False,2606,4,763,4,726,4,061,False,"Prefab_Bush_09","Assets/Polyart/PolyartStudio/DreamscapeMeadows/Prefabs/Foliage/Prefab_Bush_09.prefab"
True,0,0,7,False,False,964,1,409,0,453,1,552,False,"Prefab_Campfire_Lit","Assets/Polyart/PolyartStudio/DreamscapeMeadows/Prefabs/Props/Prefab_Campfire_Lit.prefab"
True,0,0,3,False,False,964,1,409,0,453,1,552,False,"Prefab_Campfire_Unlit","Assets/Polyart/PolyartStudio/DreamscapeMeadows/Prefabs/Props/Prefab_Campfire_Unlit.prefab"
True,0,0,1,False,False,1676,2,094,1,689,2,055,False,"Prefab_Crate_01","Assets/Polyart/PolyartStudio/DreamscapeMeadows/Prefabs/Props/Prefab_Crate_01.prefab"
True,0,0,1,False,False,13200,3,699,2,799,4,022,False,"Prefab_Docks","Assets/Polyart/PolyartStudio/DreamscapeMeadows/Prefabs/Props/Prefab_Docks.prefab"
True,0,0,1,False,False,816,3,242,1,697,0,358,False,"Prefab_Fence_01","Assets/Polyart/PolyartStudio/DreamscapeMeadows/Prefabs/Props/Prefab_Fence_01.prefab"
True,0,0,1,False,False,1360,3,325,1,711,0,392,False,"Prefab_Fence_02","Assets/Polyart/PolyartStudio/DreamscapeMeadows/Prefabs/Props/Prefab_Fence_02.prefab"
True,0,0,1,False,False,1444,3,250,1,706,0,328,False,"Prefab_Fence_03","Assets/Polyart/PolyartStudio/DreamscapeMeadows/Prefabs/Props/Prefab_Fence_03.prefab"
True,0,0,1,True,False,74,0,375,0,677,0,328,False,"Prefab_Flower_01","Assets/Polyart/PolyartStudio/DreamscapeMeadows/Prefabs/Foliage/Prefab_Flower_01.prefab"
True,0,0,1,False,False,74,0,375,0,677,0,328,False,"Prefab_Flower_02","Assets/Polyart/PolyartStudio/DreamscapeMeadows/Prefabs/Foliage/Prefab_Flower_02.prefab"
True,0,0,1,False,False,74,0,375,0,677,0,328,False,"Prefab_Flower_03","Assets/Polyart/PolyartStudio/DreamscapeMeadows/Prefabs/Foliage/Prefab_Flower_03.prefab"
True,0,0,1,False,False,74,0,375,0,677,0,328,False,"Prefab_Flower_04","Assets/Polyart/PolyartStudio/DreamscapeMeadows/Prefabs/Foliage/Prefab_Flower_04.prefab"
True,0,0,1,False,False,72,1,946,0,303,1,769,False,"Prefab_FlowerField_01","Assets/Polyart/PolyartStudio/DreamscapeMeadows/Prefabs/Foliage/Prefab_FlowerField_01.prefab"
True,0,0,1,False,False,72,3,241,0,303,3,273,False,"Prefab_FlowerField_02","Assets/Polyart/PolyartStudio/DreamscapeMeadows/Prefabs/Foliage/Prefab_FlowerField_02.prefab"
True,0,0,1,False,False,128,9,203,0,000,18,751,False,"Prefab_Foam","Assets/Polyart/PolyartStudio/DreamscapeMeadows/Prefabs/Water/Prefab_Foam.prefab"
True,0,0,1,False,False,140,7,550,4,773,18,820,False,"Prefab_FoamTop","Assets/Polyart/PolyartStudio/DreamscapeMeadows/Prefabs/Water/Prefab_FoamTop.prefab"
True,0,0,1,False,False,2048,9,203,0,000,18,751,False,"Prefab_FoamVolumetric","Assets/Polyart/PolyartStudio/DreamscapeMeadows/Prefabs/Water/Prefab_FoamVolumetric.prefab"
True,0,0,4,True,False,324,0,769,0,602,0,900,False,"Prefab_Grass_01","Assets/Polyart/PolyartStudio/DreamscapeMeadows/Prefabs/Grass/Prefab_Grass_01.prefab"
True,0,0,1,False,False,31,0,707,0,596,0,828,False,"Prefab_Grass_01_Detail","Assets/Polyart/PolyartStudio/DreamscapeMeadows/Prefabs/Grass/Prefab_Grass_01_Detail.prefab"
True,0,1,4,True,False,279,0,765,0,416,0,825,False,"Prefab_Grass_02","Assets/Polyart/PolyartStudio/DreamscapeMeadows/Prefabs/Grass/Prefab_Grass_02.prefab"
True,0,0,1,False,False,28,0,726,0,416,0,789,False,"Prefab_Grass_02_Detail","Assets/Polyart/PolyartStudio/DreamscapeMeadows/Prefabs/Grass/Prefab_Grass_02_Detail.prefab"
True,0,0,4,True,False,210,0,624,0,339,0,721,False,"Prefab_Grass_03","Assets/Polyart/PolyartStudio/DreamscapeMeadows/Prefabs/Grass/Prefab_Grass_03.prefab"
True,0,0,1,False,False,28,0,613,0,323,0,684,False,"Prefab_Grass_03_Detail","Assets/Polyart/PolyartStudio/DreamscapeMeadows/Prefabs/Grass/Prefab_Grass_03_Detail.prefab"
True,0,0,4,True,False,324,0,769,0,602,0,900,False,"Prefab_Grass_Basic_01","Assets/Polyart/PolyartStudio/DreamscapeMeadows/Prefabs/Grass/Prefab_Grass_Basic_01.prefab"
True,0,0,4,True,False,2160,1,989,0,621,2,056,False,"Prefab_Grass_Group_01","Assets/Polyart/PolyartStudio/DreamscapeMeadows/Prefabs/Grass/Prefab_Grass_Group_01.prefab"
True,0,0,1,False,False,233,1,978,0,621,2,048,False,"Prefab_Grass_Group_01_Detail","Assets/Polyart/PolyartStudio/DreamscapeMeadows/Prefabs/Grass/Prefab_Grass_Group_01_Detail.prefab"
True,0,0,4,True,False,1260,1,658,0,339,1,536,False,"Prefab_Grass_Group_02","Assets/Polyart/PolyartStudio/DreamscapeMeadows/Prefabs/Grass/Prefab_Grass_Group_02.prefab"
True,0,0,1,False,False,168,1,658,0,323,1,502,False,"Prefab_Grass_Group_02_Detail","Assets/Polyart/PolyartStudio/DreamscapeMeadows/Prefabs/Grass/Prefab_Grass_Group_02_Detail.prefab"
True,0,0,1,False,False,256,0,335,0,284,0,335,False,"Prefab_Mushroom_01","Assets/Polyart/PolyartStudio/DreamscapeMeadows/Prefabs/Foliage/Prefab_Mushroom_01.prefab"
True,0,0,1,False,False,336,0,428,0,454,0,428,False,"Prefab_Mushroom_02","Assets/Polyart/PolyartStudio/DreamscapeMeadows/Prefabs/Foliage/Prefab_Mushroom_02.prefab"
True,0,0,1,False,False,304,0,284,0,255,0,272,False,"Prefab_Mushroom_03","Assets/Polyart/PolyartStudio/DreamscapeMeadows/Prefabs/Foliage/Prefab_Mushroom_03.prefab"
True,0,0,1,False,False,336,0,335,0,705,0,335,False,"Prefab_Mushroom_04","Assets/Polyart/PolyartStudio/DreamscapeMeadows/Prefabs/Foliage/Prefab_Mushroom_04.prefab"
True,0,0,1,False,False,400,0,302,0,454,0,302,False,"Prefab_Mushroom_05","Assets/Polyart/PolyartStudio/DreamscapeMeadows/Prefabs/Foliage/Prefab_Mushroom_05.prefab"
True,0,0,1,False,False,384,0,339,0,584,0,335,False,"Prefab_Mushroom_06","Assets/Polyart/PolyartStudio/DreamscapeMeadows/Prefabs/Foliage/Prefab_Mushroom_06.prefab"
True,0,0,1,False,False,646,0,740,0,203,1,387,False,"Prefab_Pan_01","Assets/Polyart/PolyartStudio/DreamscapeMeadows/Prefabs/Props/Prefab_Pan_01.prefab"
True,0,0,1,False,False,2312,1,252,0,949,1,097,False,"Prefab_Pot_01","Assets/Polyart/PolyartStudio/DreamscapeMeadows/Prefabs/Props/Prefab_Pot_01.prefab"
True,0,0,1,False,False,760,0,913,0,240,0,910,False,"Prefab_Pot_Cover","Assets/Polyart/PolyartStudio/DreamscapeMeadows/Prefabs/Props/Prefab_Pot_Cover.prefab"
True,0,0,1,False,False,182,0,130,0,282,0,061,False,"Prefab_Pot_Hook","Assets/Polyart/PolyartStudio/DreamscapeMeadows/Prefabs/Props/Prefab_Pot_Hook.prefab"
True,0,0,2,False,False,862,0,121,0,595,0,121,False,"Prefab_Potion","Assets/Polyart/PolyartStudio/DreamscapeMeadows/Prefabs/Props/Prefab_Potion.prefab"
True,0,0,3,True,False,2192,4,433,4,723,5,159,False,"Prefab_RockFormation_01","Assets/Polyart/PolyartStudio/DreamscapeMeadows/Prefabs/Rocks/Prefab_RockFormation_01.prefab"
True,0,0,3,True,False,3906,4,212,5,459,4,147,False,"Prefab_RockFormation_02","Assets/Polyart/PolyartStudio/DreamscapeMeadows/Prefabs/Rocks/Prefab_RockFormation_02.prefab"
True,0,0,3,True,False,2604,4,817,3,186,5,031,False,"Prefab_RockFormation_03","Assets/Polyart/PolyartStudio/DreamscapeMeadows/Prefabs/Rocks/Prefab_RockFormation_03.prefab"
True,0,0,3,True,False,4560,5,608,3,777,4,410,False,"Prefab_RockFormation_04","Assets/Polyart/PolyartStudio/DreamscapeMeadows/Prefabs/Rocks/Prefab_RockFormation_04.prefab"
True,0,0,1,False,False,192,4,044,3,697,8,912,False,"Prefab_RocksRound_01","Assets/Polyart/PolyartStudio/DreamscapeMeadows/Prefabs/Rocks/Prefab_RocksRound_01.prefab"
True,0,0,1,False,False,180,3,101,2,384,6,713,False,"Prefab_RocksRound_02","Assets/Polyart/PolyartStudio/DreamscapeMeadows/Prefabs/Rocks/Prefab_RocksRound_02.prefab"
True,0,0,1,False,False,174,2,519,2,027,2,221,False,"Prefab_RocksRound_03","Assets/Polyart/PolyartStudio/DreamscapeMeadows/Prefabs/Rocks/Prefab_RocksRound_03.prefab"
True,0,0,1,False,False,188,2,187,2,506,1,721,True,"Prefab_RuneRock_01","Assets/Polyart/PolyartStudio/DreamscapeMeadows/Prefabs/Rocks/Prefab_RuneRock_01.prefab"
True,0,0,1,False,False,188,2,187,2,506,1,721,False,"Prefab_RuneRock_02","Assets/Polyart/PolyartStudio/DreamscapeMeadows/Prefabs/Rocks/Prefab_RuneRock_02.prefab"
True,0,0,1,False,False,1222,0,350,0,393,0,283,False,"Prefab_Sack_01","Assets/Polyart/PolyartStudio/DreamscapeMeadows/Prefabs/Props/Prefab_Sack_01.prefab"
True,0,0,1,False,False,3012,0,826,0,492,0,434,False,"Prefab_SleepingBag_01","Assets/Polyart/PolyartStudio/DreamscapeMeadows/Prefabs/Props/Prefab_SleepingBag_01.prefab"
True,0,0,1,False,False,2080,0,991,0,397,1,909,False,"Prefab_SleepingBag_02","Assets/Polyart/PolyartStudio/DreamscapeMeadows/Prefabs/Props/Prefab_SleepingBag_02.prefab"
True,0,0,1,True,False,15,0,459,0,231,0,512,False,"Prefab_SmallRock_01","Assets/Polyart/PolyartStudio/DreamscapeMeadows/Prefabs/Rocks/Prefab_SmallRock_01.prefab"
True,0,0,1,True,False,15,0,459,0,231,0,512,False,"Prefab_SmallRock_01_Sand","Assets/Polyart/PolyartStudio/DreamscapeMeadows/Prefabs/Rocks/Prefab_SmallRock_01_Sand.prefab"
True,0,0,1,True,False,20,0,931,0,327,0,753,False,"Prefab_SmallRock_02","Assets/Polyart/PolyartStudio/DreamscapeMeadows/Prefabs/Rocks/Prefab_SmallRock_02.prefab"
True,0,0,1,True,False,15,0,468,0,230,0,467,False,"Prefab_SmallRock_03","Assets/Polyart/PolyartStudio/DreamscapeMeadows/Prefabs/Rocks/Prefab_SmallRock_03.prefab"
True,0,0,1,False,False,210,0,371,1,581,0,167,False,"Prefab_Stick_01","Assets/Polyart/PolyartStudio/DreamscapeMeadows/Prefabs/Props/Prefab_Stick_01.prefab"
True,0,0,1,False,False,354,0,367,1,595,0,206,False,"Prefab_Stick_02","Assets/Polyart/PolyartStudio/DreamscapeMeadows/Prefabs/Props/Prefab_Stick_02.prefab"
True,0,0,1,False,False,272,0,125,0,206,2,143,False,"Prefab_Stick_03","Assets/Polyart/PolyartStudio/DreamscapeMeadows/Prefabs/Props/Prefab_Stick_03.prefab"
True,0,0,3,True,False,1614,1,738,1,336,1,802,False,"Prefab_StoneSmall_01","Assets/Polyart/PolyartStudio/DreamscapeMeadows/Prefabs/Rocks/Prefab_StoneSmall_01.prefab"
True,0,0,3,True,False,1585,1,633,0,925,1,587,False,"Prefab_StoneSmall_02","Assets/Polyart/PolyartStudio/DreamscapeMeadows/Prefabs/Rocks/Prefab_StoneSmall_02.prefab"
True,0,0,1,True,False,48,1,438,0,598,1,546,False,"Prefab_StoneSmall_03","Assets/Polyart/PolyartStudio/DreamscapeMeadows/Prefabs/Rocks/Prefab_StoneSmall_03.prefab"
True,0,0,3,True,False,1290,1,712,1,109,1,760,False,"Prefab_StoneSmall_04","Assets/Polyart/PolyartStudio/DreamscapeMeadows/Prefabs/Rocks/Prefab_StoneSmall_04.prefab"
True,0,0,3,True,False,1203,2,462,2,440,2,228,False,"Prefab_StoneSmall_05","Assets/Polyart/PolyartStudio/DreamscapeMeadows/Prefabs/Rocks/Prefab_StoneSmall_05.prefab"
True,0,0,1,False,False,1952,2,266,1,685,1,604,False,"Prefab_Tent","Assets/Polyart/PolyartStudio/DreamscapeMeadows/Prefabs/Props/Prefab_Tent.prefab"
True,0,0,1,False,False,14289,96,045,32,995,96,045,False,"Prefab_Terrain_01","Assets/Polyart/PolyartStudio/DreamscapeMeadows/Prefabs/Terrain/Prefab_Terrain_01.prefab"
True,0,0,1,False,False,15374,98,507,19,605,98,507,False,"Prefab_Terrain_02","Assets/Polyart/PolyartStudio/DreamscapeMeadows/Prefabs/Terrain/Prefab_Terrain_02.prefab"
True,0,0,1,False,False,3142,2,928,1,061,1,060,False,"Prefab_TreeFallen","Assets/Polyart/PolyartStudio/DreamscapeMeadows/Prefabs/Props/Prefab_TreeFallen.prefab"
True,0,0,1,False,False,3142,2,928,1,061,1,060,False,"Prefab_TreeFallen_Coverage","Assets/Polyart/PolyartStudio/DreamscapeMeadows/Prefabs/Props/Prefab_TreeFallen_Coverage.prefab"
True,0,0,8,True,False,10356,22,337,24,530,22,410,False,"Prefab_TreeLarge_01","Assets/Polyart/PolyartStudio/DreamscapeMeadows/Prefabs/Trees/Prefab_TreeLarge_01.prefab"
True,0,0,8,True,False,14812,23,821,26,189,23,792,False,"Prefab_TreeLarge_02","Assets/Polyart/PolyartStudio/DreamscapeMeadows/Prefabs/Trees/Prefab_TreeLarge_02.prefab"
True,0,0,8,True,False,13946,20,187,21,269,21,453,False,"Prefab_TreeLarge_03","Assets/Polyart/PolyartStudio/DreamscapeMeadows/Prefabs/Trees/Prefab_TreeLarge_03.prefab"
True,0,0,8,True,False,15714,26,767,26,133,23,681,False,"Prefab_TreeLarge_04","Assets/Polyart/PolyartStudio/DreamscapeMeadows/Prefabs/Trees/Prefab_TreeLarge_04.prefab"
True,0,0,1,False,False,3228,3,093,1,464,2,857,False,"Prefab_TreeStump_01","Assets/Polyart/PolyartStudio/DreamscapeMeadows/Prefabs/Props/Prefab_TreeStump_01.prefab"
True,0,0,1,False,False,3228,3,093,1,464,2,857,False,"Prefab_TreeStump_01_Coverage","Assets/Polyart/PolyartStudio/DreamscapeMeadows/Prefabs/Props/Prefab_TreeStump_01_Coverage.prefab"
True,0,0,1,False,False,616,4,180,15,505,18,727,False,"Prefab_WaterfallMain","Assets/Polyart/PolyartStudio/DreamscapeMeadows/Prefabs/Water/Prefab_WaterfallMain.prefab"
True,0,0,1,False,False,8192,20,000,0,000,20,000,False,"Prefab_WaterLake","Assets/Polyart/PolyartStudio/DreamscapeMeadows/Prefabs/Water/Prefab_WaterLake.prefab"
True,0,0,1,False,False,3283,3,721,4,491,2,282,False,"Prefab_WoodSign_01","Assets/Polyart/PolyartStudio/DreamscapeMeadows/Prefabs/Props/Prefab_WoodSign_01.prefab"
True,0,0,1,False,False,0,0,000,0,000,0,000,False,"PS_ChimneySmoke","Assets/Polyart/PolyartStudio/SharedResources/Effects/PS_ChimneySmoke.prefab"
True,0,0,0,False,False,0,0,000,0,000,0,000,False,"Rimlight","Assets/Polyart/PolyartStudio/SharedResources/Rimlight.prefab"
True,0,1,1,False,False,0,0,000,0,000,0,000,False,"RiverGenerator","Assets/Polyart/PolyartStudio/SharedResources/Prefabs/Tools/RiverGenerator.prefab"
True,0,0,6,False,False,1950,1,071,3,096,3,948,False,"ShibaInu","Assets/Quaternius/FBX/ShibaInu.fbx"
True,0,0,1,False,False,3184,1,355,1,408,1,353,False,"SM_Barrel_01","Assets/Polyart/PolyartStudio/DreamscapeMeadows/Meshes/Props/SM_Barrel_01.fbx"
True,0,0,1,False,False,2476,0,929,0,648,2,004,False,"SM_Bench_01","Assets/Polyart/PolyartStudio/DreamscapeMeadows/Meshes/Props/SM_Bench_01.fbx"
True,0,0,1,False,False,2476,0,929,0,648,2,004,False,"SM_Bench_01_Unity","Assets/Polyart/PolyartStudio/DreamscapeCampsite/Meshes/Props/SM_Bench_01_Unity.fbx"
True,0,0,9,True,False,4675,6,559,13,928,7,712,False,"SM_Birch_01_Unity","Assets/Polyart/PolyartStudio/DreamscapeMeadows/Meshes/Trees/SM_Birch_01_Unity.fbx"
True,0,0,8,True,False,7400,6,428,14,552,7,054,False,"SM_Birch_02_Unity","Assets/Polyart/PolyartStudio/DreamscapeMeadows/Meshes/Trees/SM_Birch_02_Unity.fbx"
True,0,0,8,True,False,9378,9,456,12,958,10,128,False,"SM_Birch_03_Unity","Assets/Polyart/PolyartStudio/DreamscapeMeadows/Meshes/Trees/SM_Birch_03_Unity.fbx"
True,0,0,8,True,False,5431,6,405,13,307,6,653,False,"SM_Birch_04_Unity","Assets/Polyart/PolyartStudio/DreamscapeMeadows/Meshes/Trees/SM_Birch_04_Unity.fbx"
True,0,0,6,True,False,4180,5,219,12,207,4,987,False,"SM_Birch_05_Unity","Assets/Polyart/PolyartStudio/DreamscapeMeadows/Meshes/Trees/SM_Birch_05_Unity.fbx"
True,0,0,6,False,False,553,3,162,6,561,5,207,False,"SM_BLD_balcony_v01_01","Assets/Fantastic Village Pack/3d/buildings/SM_BLD_balcony_v01_01.fbx"
True,0,0,1,False,False,158,3,230,6,620,5,294,False,"SM_BLD_balcony_v01_01_Collision","Assets/Fantastic Village Pack/3d/collision/SM_BLD_balcony_v01_01_Collision.fbx"
True,0,0,6,False,False,619,5,349,7,985,4,823,False,"SM_BLD_balcony_v02_01","Assets/Fantastic Village Pack/3d/buildings/SM_BLD_balcony_v02_01.fbx"
True,0,0,1,False,False,166,5,469,8,041,4,847,False,"SM_BLD_balcony_v02_01_Collision","Assets/Fantastic Village Pack/3d/collision/SM_BLD_balcony_v02_01_Collision.fbx"
True,0,0,1,False,False,416,6,469,1,095,6,429,False,"SM_BLD_base_v01_01","Assets/Fantastic Village Pack/3d/buildings/SM_BLD_base_v01_01.fbx"
True,0,0,1,False,False,12,6,352,1,000,6,305,False,"SM_BLD_base_v01_01_Collision","Assets/Fantastic Village Pack/3d/collision/SM_BLD_base_v01_01_Collision.fbx"
True,0,0,1,False,False,294,6,201,0,634,6,221,False,"SM_BLD_base_v02_01","Assets/Fantastic Village Pack/3d/buildings/SM_BLD_base_v02_01.fbx"
True,0,0,1,False,False,12,6,114,0,437,6,128,False,"SM_BLD_base_v02_01_Collision","Assets/Fantastic Village Pack/3d/collision/SM_BLD_base_v02_01_Collision.fbx"
True,0,0,1,False,False,60,6,000,0,412,6,097,False,"SM_BLD_base_v03_01","Assets/Fantastic Village Pack/3d/buildings/SM_BLD_base_v03_01.fbx"
True,0,0,1,False,False,30,6,000,0,365,6,097,False,"SM_BLD_base_v03_01_Collision","Assets/Fantastic Village Pack/3d/collision/SM_BLD_base_v03_01_Collision.fbx"
True,0,0,2,False,False,848,6,527,2,346,6,657,False,"SM_BLD_base_v04_01","Assets/Fantastic Village Pack/3d/buildings/SM_BLD_base_v04_01.fbx"
True,0,0,1,False,False,28,6,049,2,200,6,131,False,"SM_BLD_base_v04_01_Collision","Assets/Fantastic Village Pack/3d/collision/SM_BLD_base_v04_01_Collision.fbx"
True,0,0,2,False,False,584,6,207,2,346,6,201,False,"SM_BLD_base_v04_02","Assets/Fantastic Village Pack/3d/buildings/SM_BLD_base_v04_02.fbx"
True,0,0,1,False,False,28,6,026,2,200,6,041,False,"SM_BLD_base_v04_02_Collision","Assets/Fantastic Village Pack/3d/collision/SM_BLD_base_v04_02_Collision.fbx"
True,0,0,2,False,False,584,6,221,2,346,6,201,False,"SM_BLD_base_v05_01","Assets/Fantastic Village Pack/3d/buildings/SM_BLD_base_v05_01.fbx"
True,0,0,1,False,False,28,6,026,2,200,6,041,False,"SM_BLD_base_v05_01_Collision","Assets/Fantastic Village Pack/3d/collision/SM_BLD_base_v05_01_Collision.fbx"
True,0,0,2,False,False,168,1,638,1,966,8,643,False,"SM_BLD_beam_big_v01_01","Assets/Fantastic Village Pack/3d/buildings/SM_BLD_beam_big_v01_01.fbx"
True,0,0,1,False,False,36,1,289,1,962,8,719,False,"SM_BLD_beam_big_v01_Collision","Assets/Fantastic Village Pack/3d/collision/SM_BLD_beam_big_v01_Collision.fbx"
True,0,0,2,False,False,224,1,789,1,978,8,643,False,"SM_BLD_beam_big_v01_v2","Assets/Fantastic Village Pack/3d/buildings/SM_BLD_beam_big_v01_v2.fbx"
True,0,0,3,False,False,216,1,456,1,872,8,643,False,"SM_BLD_beam_big_v02_01","Assets/Fantastic Village Pack/3d/buildings/SM_BLD_beam_big_v02_01.fbx"
True,0,0,3,False,False,246,1,565,1,923,8,643,False,"SM_BLD_beam_big_v02_02","Assets/Fantastic Village Pack/3d/buildings/SM_BLD_beam_big_v02_02.fbx"
True,0,0,1,False,False,36,1,049,1,858,8,695,False,"SM_BLD_beam_big_v02_Collision","Assets/Fantastic Village Pack/3d/collision/SM_BLD_beam_big_v02_Collision.fbx"
True,0,0,3,False,False,116,1,634,1,700,8,246,False,"SM_BLD_beam_big_v03_01","Assets/Fantastic Village Pack/3d/buildings/SM_BLD_beam_big_v03_01.fbx"
True,0,0,3,False,False,148,1,634,1,699,8,244,False,"SM_BLD_beam_big_v03_02","Assets/Fantastic Village Pack/3d/buildings/SM_BLD_beam_big_v03_02.fbx"
True,0,0,3,False,False,180,1,634,1,699,8,244,False,"SM_BLD_beam_big_v03_03","Assets/Fantastic Village Pack/3d/buildings/SM_BLD_beam_big_v03_03.fbx"
True,0,0,1,False,False,36,1,346,1,773,8,394,False,"SM_BLD_beam_big_v03_Collision","Assets/Fantastic Village Pack/3d/collision/SM_BLD_beam_big_v03_Collision.fbx"
True,0,0,2,False,False,126,0,582,1,045,2,873,False,"SM_BLD_beam_small_v01_01","Assets/Fantastic Village Pack/3d/buildings/SM_BLD_beam_small_v01_01.fbx"
True,0,0,2,False,False,166,0,582,1,045,2,873,False,"SM_BLD_beam_small_v01_02","Assets/Fantastic Village Pack/3d/buildings/SM_BLD_beam_small_v01_02.fbx"
True,0,0,1,False,False,72,0,592,1,050,2,886,False,"SM_BLD_beam_small_v01_Collision","Assets/Fantastic Village Pack/3d/collision/SM_BLD_beam_small_v01_Collision.fbx"
True,0,0,2,False,False,66,0,662,0,699,3,156,False,"SM_BLD_beam_small_v02_01","Assets/Fantastic Village Pack/3d/buildings/SM_BLD_beam_small_v02_01.fbx"
True,0,0,3,False,False,66,0,662,0,699,3,156,False,"SM_BLD_beam_small_v02_02","Assets/Fantastic Village Pack/3d/buildings/SM_BLD_beam_small_v02_02.fbx"
True,0,0,1,False,False,32,0,667,0,736,3,197,False,"SM_BLD_beam_small_v02_Collision","Assets/Fantastic Village Pack/3d/collision/SM_BLD_beam_small_v02_Collision.fbx"
True,0,0,2,False,False,66,0,661,0,684,3,017,False,"SM_BLD_beam_small_v03_01","Assets/Fantastic Village Pack/3d/buildings/SM_BLD_beam_small_v03_01.fbx"
True,0,0,3,False,False,66,0,661,0,684,3,017,False,"SM_BLD_beam_small_v03_02","Assets/Fantastic Village Pack/3d/buildings/SM_BLD_beam_small_v03_02.fbx"
True,0,0,1,False,False,32,0,667,0,701,3,061,False,"SM_BLD_beam_small_v03_Collision","Assets/Fantastic Village Pack/3d/collision/SM_BLD_beam_small_v03_Collision.fbx"
True,0,0,2,False,False,106,0,916,0,937,3,009,False,"SM_BLD_beam_small_v04_01","Assets/Fantastic Village Pack/3d/buildings/SM_BLD_beam_small_v04_01.fbx"
True,0,0,3,False,False,106,0,916,0,937,3,009,False,"SM_BLD_beam_small_v04_02","Assets/Fantastic Village Pack/3d/buildings/SM_BLD_beam_small_v04_02.fbx"
True,0,0,1,False,False,40,0,957,0,878,3,038,False,"SM_BLD_beam_small_v04_Collision","Assets/Fantastic Village Pack/3d/collision/SM_BLD_beam_small_v04_Collision.fbx"
True,0,0,2,False,False,66,0,751,0,910,3,009,False,"SM_BLD_beam_small_v05_01","Assets/Fantastic Village Pack/3d/buildings/SM_BLD_beam_small_v05_01.fbx"
True,0,0,3,False,False,66,0,751,0,910,3,009,False,"SM_BLD_beam_small_v05_02","Assets/Fantastic Village Pack/3d/buildings/SM_BLD_beam_small_v05_02.fbx"
True,0,0,1,False,False,40,0,756,0,916,3,030,False,"SM_BLD_beam_small_v05_Collision","Assets/Fantastic Village Pack/3d/collision/SM_BLD_beam_small_v05_Collision.fbx"
True,0,0,2,False,False,50,0,890,0,957,3,397,False,"SM_BLD_beam_small_v06_01","Assets/Fantastic Village Pack/3d/buildings/SM_BLD_beam_small_v06_01.fbx"
True,0,0,3,False,False,50,0,890,0,957,3,397,False,"SM_BLD_beam_small_v06_02","Assets/Fantastic Village Pack/3d/buildings/SM_BLD_beam_small_v06_02.fbx"
True,0,0,3,False,False,66,0,858,0,956,3,395,False,"SM_BLD_beam_small_v06_03","Assets/Fantastic Village Pack/3d/buildings/SM_BLD_beam_small_v06_03.fbx"
True,0,0,1,False,False,40,0,897,0,970,3,427,False,"SM_BLD_beam_small_v06_Collision","Assets/Fantastic Village Pack/3d/collision/SM_BLD_beam_small_v06_Collision.fbx"
True,0,0,1,False,False,42,0,495,0,655,3,025,False,"SM_BLD_beam_small_v07_01","Assets/Fantastic Village Pack/3d/buildings/SM_BLD_beam_small_v07_01.fbx"
True,0,0,1,False,False,18,0,499,0,659,3,047,False,"SM_BLD_beam_small_v07_01_Collision","Assets/Fantastic Village Pack/3d/collision/SM_BLD_beam_small_v07_01_Collision.fbx"
True,0,0,3,False,False,222,3,796,4,674,1,725,False,"SM_BLD_body_add_v01_01","Assets/Fantastic Village Pack/3d/buildings/SM_BLD_body_add_v01_01.fbx"
True,0,0,1,False,False,60,3,810,4,635,1,753,False,"SM_BLD_body_add_v01_01_Collision","Assets/Fantastic Village Pack/3d/collision/SM_BLD_body_add_v01_01_Collision.fbx"
True,0,0,3,False,False,253,5,349,8,978,4,599,False,"SM_BLD_body_add_v02_01","Assets/Fantastic Village Pack/3d/buildings/SM_BLD_body_add_v02_01.fbx"
True,0,0,1,False,False,80,5,437,8,958,4,593,False,"SM_BLD_body_add_v02_01_Collision","Assets/Fantastic Village Pack/3d/collision/SM_BLD_body_add_v02_01_Collision.fbx"
True,0,0,4,False,False,410,7,342,10,784,6,470,False,"SM_BLD_body_add_v03_01","Assets/Fantastic Village Pack/3d/buildings/SM_BLD_body_add_v03_01.fbx"
True,0,0,1,False,False,136,7,330,10,799,6,564,False,"SM_BLD_body_add_v03_01_Collision","Assets/Fantastic Village Pack/3d/collision/SM_BLD_body_add_v03_01_Collision.fbx"
True,0,0,1,False,False,492,4,653,4,210,4,088,False,"SM_BLD_body_add_v04_01","Assets/Fantastic Village Pack/3d/buildings/SM_BLD_body_add_v04_01.fbx"
True,0,0,1,False,False,80,4,635,4,243,4,016,False,"SM_BLD_body_add_v04_01_Collision","Assets/Fantastic Village Pack/3d/collision/SM_BLD_body_add_v04_01_Collision.fbx"
True,0,0,4,False,False,1708,8,212,14,285,7,111,False,"SM_BLD_body_v01_01","Assets/Fantastic Village Pack/3d/buildings/SM_BLD_body_v01_01.fbx"
True,0,0,3,False,False,1708,8,212,14,285,7,111,False,"SM_BLD_body_v01_02","Assets/Fantastic Village Pack/3d/buildings/SM_BLD_body_v01_02.fbx"
True,0,0,1,False,False,136,8,222,14,305,7,084,False,"SM_BLD_body_v01_Collision","Assets/Fantastic Village Pack/3d/collision/SM_BLD_body_v01_Collision.fbx"
True,0,0,6,False,False,1128,7,908,8,470,7,883,False,"SM_BLD_body_v02_01","Assets/Fantastic Village Pack/3d/buildings/SM_BLD_body_v02_01.fbx"
True,0,0,6,False,False,1128,7,908,8,470,7,883,False,"SM_BLD_body_v02_02","Assets/Fantastic Village Pack/3d/buildings/SM_BLD_body_v02_02.fbx"
True,0,0,1,False,False,210,7,908,8,449,7,883,False,"SM_BLD_body_v02_Collision","Assets/Fantastic Village Pack/3d/collision/SM_BLD_body_v02_Collision.fbx"
True,0,0,4,False,False,912,7,225,8,364,6,897,False,"SM_BLD_body_v03_01","Assets/Fantastic Village Pack/3d/buildings/SM_BLD_body_v03_01.fbx"
True,0,0,4,False,False,912,7,225,8,364,6,897,False,"SM_BLD_body_v03_02","Assets/Fantastic Village Pack/3d/buildings/SM_BLD_body_v03_02.fbx"
True,0,0,1,False,False,102,7,073,8,378,6,531,False,"SM_BLD_body_v03_Collision","Assets/Fantastic Village Pack/3d/collision/SM_BLD_body_v03_Collision.fbx"
True,0,0,4,False,False,1644,7,586,10,784,12,875,False,"SM_BLD_body_v04_01","Assets/Fantastic Village Pack/3d/buildings/SM_BLD_body_v04_01.fbx"
True,0,0,3,False,False,1644,7,586,10,784,12,875,False,"SM_BLD_body_v04_02","Assets/Fantastic Village Pack/3d/buildings/SM_BLD_body_v04_02.fbx"
True,0,0,1,False,False,96,7,403,10,770,12,826,False,"SM_BLD_body_v04_Collision","Assets/Fantastic Village Pack/3d/collision/SM_BLD_body_v04_Collision.fbx"
True,0,0,4,False,False,2242,10,237,10,784,12,875,False,"SM_BLD_body_v05_01","Assets/Fantastic Village Pack/3d/buildings/SM_BLD_body_v05_01.fbx"
True,0,0,3,False,False,2242,10,237,10,784,12,875,False,"SM_BLD_body_v05_02","Assets/Fantastic Village Pack/3d/buildings/SM_BLD_body_v05_02.fbx"
True,0,0,1,False,False,144,10,197,10,770,12,826,False,"SM_BLD_body_v05_Collision","Assets/Fantastic Village Pack/3d/collision/SM_BLD_body_v05_Collision.fbx"
True,0,0,4,False,False,1780,10,237,10,784,10,214,False,"SM_BLD_body_v06_01","Assets/Fantastic Village Pack/3d/buildings/SM_BLD_body_v06_01.fbx"
True,0,0,3,False,False,1780,10,237,10,784,10,214,False,"SM_BLD_body_v06_02","Assets/Fantastic Village Pack/3d/buildings/SM_BLD_body_v06_02.fbx"
True,0,0,1,False,False,126,10,346,10,770,10,271,False,"SM_BLD_body_v06_Collision","Assets/Fantastic Village Pack/3d/collision/SM_BLD_body_v06_Collision.fbx"
True,0,0,4,False,False,2548,12,875,10,784,12,875,False,"SM_BLD_body_v07_01","Assets/Fantastic Village Pack/3d/buildings/SM_BLD_body_v07_01.fbx"
True,0,0,3,False,False,2548,12,875,10,784,12,875,False,"SM_BLD_body_v07_02","Assets/Fantastic Village Pack/3d/buildings/SM_BLD_body_v07_02.fbx"
True,0,0,1,False,False,192,12,826,10,770,12,826,False,"SM_BLD_body_v07_Collision","Assets/Fantastic Village Pack/3d/collision/SM_BLD_body_v07_Collision.fbx"
True,0,0,1,False,False,58,1,424,5,699,1,424,False,"SM_BLD_chimney_v01_01","Assets/Fantastic Village Pack/3d/buildings/SM_BLD_chimney_v01_01.fbx"
True,0,0,1,False,False,114,1,424,5,699,1,424,False,"SM_BLD_chimney_v01_02","Assets/Fantastic Village Pack/3d/buildings/SM_BLD_chimney_v01_02.fbx"
True,0,0,2,False,False,152,1,444,7,385,1,481,False,"SM_BLD_chimney_v01_03","Assets/Fantastic Village Pack/3d/buildings/SM_BLD_chimney_v01_03.fbx"
True,0,0,1,False,False,82,1,521,7,404,1,536,False,"SM_BLD_chimney_v01_03_Collision","Assets/Fantastic Village Pack/3d/collision/SM_BLD_chimney_v01_03_Collision.fbx"
True,0,0,1,False,False,52,1,458,5,712,1,458,False,"SM_BLD_chimney_v01_Collision","Assets/Fantastic Village Pack/3d/collision/SM_BLD_chimney_v01_Collision.fbx"
True,0,0,1,False,False,58,1,358,10,313,1,381,False,"SM_BLD_chimney_v02_01","Assets/Fantastic Village Pack/3d/buildings/SM_BLD_chimney_v02_01.fbx"
True,0,0,1,False,False,118,1,358,10,313,1,381,False,"SM_BLD_chimney_v02_02","Assets/Fantastic Village Pack/3d/buildings/SM_BLD_chimney_v02_02.fbx"
True,0,0,2,False,False,156,1,444,12,046,1,444,False,"SM_BLD_chimney_v02_03","Assets/Fantastic Village Pack/3d/buildings/SM_BLD_chimney_v02_03.fbx"
True,0,0,1,False,False,90,1,521,12,065,1,548,False,"SM_BLD_chimney_v02_03_Collision","Assets/Fantastic Village Pack/3d/collision/SM_BLD_chimney_v02_03_Collision.fbx"
True,0,0,1,False,False,60,1,458,10,331,1,458,False,"SM_BLD_chimney_v02_Collision","Assets/Fantastic Village Pack/3d/collision/SM_BLD_chimney_v02_Collision.fbx"
True,0,0,5,False,False,255,3,206,3,191,2,010,False,"SM_BLD_door_v01_01","Assets/Fantastic Village Pack/3d/buildings/SM_BLD_door_v01_01.fbx"
True,0,0,1,False,False,108,3,187,3,196,2,037,False,"SM_BLD_door_v01_01_Collision","Assets/Fantastic Village Pack/3d/collision/SM_BLD_door_v01_01_Collision.fbx"
True,0,0,5,False,False,310,2,450,3,286,1,939,False,"SM_BLD_door_v02_01","Assets/Fantastic Village Pack/3d/buildings/SM_BLD_door_v02_01.fbx"
True,0,0,1,False,False,64,2,456,3,296,1,981,False,"SM_BLD_door_v02_01_Collision","Assets/Fantastic Village Pack/3d/collision/SM_BLD_door_v02_01_Collision.fbx"
True,0,0,4,False,False,218,1,954,2,904,1,772,False,"SM_BLD_door_v03_01","Assets/Fantastic Village Pack/3d/buildings/SM_BLD_door_v03_01.fbx"
True,0,0,1,False,False,26,2,000,2,934,1,849,False,"SM_BLD_door_v03_01_Collision","Assets/Fantastic Village Pack/3d/collision/SM_BLD_door_v03_01_Collision.fbx"
True,0,0,3,False,False,176,2,210,2,845,0,708,False,"SM_BLD_door_v04_01","Assets/Fantastic Village Pack/3d/buildings/SM_BLD_door_v04_01.fbx"
True,0,0,1,False,False,68,2,250,2,934,0,721,False,"SM_BLD_door_v04_01_Collision","Assets/Fantastic Village Pack/3d/collision/SM_BLD_door_v04_01_Collision.fbx"
True,0,0,2,False,False,246,2,405,2,061,3,398,False,"SM_BLD_stairs_v01_01","Assets/Fantastic Village Pack/3d/buildings/SM_BLD_stairs_v01_01.fbx"
True,0,0,1,False,False,56,2,357,2,047,3,393,False,"SM_BLD_stairs_v01_01_Collision","Assets/Fantastic Village Pack/3d/collision/SM_BLD_stairs_v01_01_Collision.fbx"
True,0,0,3,False,False,402,3,147,5,866,5,080,False,"SM_BLD_stairs_v02_01","Assets/Fantastic Village Pack/3d/buildings/SM_BLD_stairs_v02_01.fbx"
True,0,0,1,False,False,106,3,139,5,866,5,056,False,"SM_BLD_stairs_v02_01_Collision","Assets/Fantastic Village Pack/3d/collision/SM_BLD_stairs_v02_01_Collision.fbx"
True,0,0,3,False,False,402,3,147,5,866,5,080,False,"SM_BLD_stairs_v02_02","Assets/Fantastic Village Pack/3d/buildings/SM_BLD_stairs_v02_02.fbx"
True,0,0,1,False,False,106,3,139,5,866,5,056,False,"SM_BLD_stairs_v02_02_Collision","Assets/Fantastic Village Pack/3d/collision/SM_BLD_stairs_v02_02_Collision.fbx"
True,0,0,1,False,False,302,3,077,3,225,5,080,False,"SM_BLD_stairs_v03_v1","Assets/Fantastic Village Pack/3d/buildings/SM_BLD_stairs_v03_v1.fbx"
True,0,0,1,False,False,88,3,081,3,224,5,056,False,"SM_BLD_stairs_v03_v1_Collision","Assets/Fantastic Village Pack/3d/collision/SM_BLD_stairs_v03_v1_Collision.fbx"
True,0,0,1,False,False,302,3,077,3,225,5,080,False,"SM_BLD_stairs_v03_v2","Assets/Fantastic Village Pack/3d/buildings/SM_BLD_stairs_v03_v2.fbx"
True,0,0,1,False,False,88,3,081,3,224,5,056,False,"SM_BLD_stairs_v03_v2_Collision","Assets/Fantastic Village Pack/3d/collision/SM_BLD_stairs_v03_v2_Collision.fbx"
True,0,0,1,False,False,300,3,123,3,256,5,080,False,"SM_BLD_stairs_v04_v1","Assets/Fantastic Village Pack/3d/buildings/SM_BLD_stairs_v04_v1.fbx"
True,0,0,1,False,False,84,3,081,3,224,5,056,False,"SM_BLD_stairs_v04_v1_Collision","Assets/Fantastic Village Pack/3d/collision/SM_BLD_stairs_v04_v1_Collision.fbx"
True,0,0,1,False,False,300,3,123,3,256,5,080,False,"SM_BLD_stairs_v04_v2","Assets/Fantastic Village Pack/3d/buildings/SM_BLD_stairs_v04_v2.fbx"
True,0,0,1,False,False,84,3,081,3,224,5,056,False,"SM_BLD_stairs_v04_v2_Collision","Assets/Fantastic Village Pack/3d/collision/SM_BLD_stairs_v04_v2_Collision.fbx"
True,0,0,1,False,False,60,6,277,6,277,2,397,False,"SM_BLD_waterwheel_Collision","Assets/Fantastic Village Pack/3d/collision/SM_BLD_waterwheel_Collision.fbx"
True,0,0,6,False,False,1514,6,237,7,357,5,773,False,"SM_BLD_waterwheel_construct","Assets/Fantastic Village Pack/3d/buildings/SM_BLD_waterwheel_construct.fbx"
True,0,0,1,False,False,96,4,479,7,397,5,863,False,"SM_BLD_waterwheel_construct_Collision","Assets/Fantastic Village Pack/3d/collision/SM_BLD_waterwheel_construct_Collision.fbx"
True,0,0,5,False,False,788,17,067,17,067,3,480,False,"SM_BLD_windmill_sail","Assets/Fantastic Village Pack/3d/buildings/SM_BLD_windmill_sail.fbx"
True,0,0,1,False,False,76,17,133,17,010,3,489,False,"SM_BLD_windmill_sail_Collision","Assets/Fantastic Village Pack/3d/collision/SM_BLD_windmill_sail_Collision.fbx"
True,0,0,5,False,False,304,2,391,3,324,2,021,False,"SM_BLD_window_v01_01","Assets/Fantastic Village Pack/3d/buildings/SM_BLD_window_v01_01.fbx"
True,0,0,1,False,False,76,2,417,3,285,2,071,False,"SM_BLD_window_v01_01_Collision","Assets/Fantastic Village Pack/3d/collision/SM_BLD_window_v01_01_Collision.fbx"
True,0,0,5,False,False,253,2,147,2,832,2,215,False,"SM_BLD_window_v02_01","Assets/Fantastic Village Pack/3d/buildings/SM_BLD_window_v02_01.fbx"
True,0,0,1,False,False,88,2,118,2,852,2,221,False,"SM_BLD_window_v02_01_Collision","Assets/Fantastic Village Pack/3d/collision/SM_BLD_window_v02_01_Collision.fbx"
True,0,0,5,False,False,311,3,115,3,736,3,535,False,"SM_BLD_window_v03_01","Assets/Fantastic Village Pack/3d/buildings/SM_BLD_window_v03_01.fbx"
True,0,0,1,False,False,100,3,118,3,747,3,540,False,"SM_BLD_window_v03_01_Collision","Assets/Fantastic Village Pack/3d/collision/SM_BLD_window_v03_01_Collision.fbx"
True,0,0,5,False,False,513,4,284,3,823,3,833,False,"SM_BLD_window_v04_01","Assets/Fantastic Village Pack/3d/buildings/SM_BLD_window_v04_01.fbx"
True,0,0,1,False,False,110,4,463,3,878,3,753,False,"SM_BLD_window_v04_01_Collision","Assets/Fantastic Village Pack/3d/collision/SM_BLD_window_v04_01_Collision.fbx"
True,0,0,5,False,False,277,4,551,3,779,3,692,False,"SM_BLD_window_v05_01","Assets/Fantastic Village Pack/3d/buildings/SM_BLD_window_v05_01.fbx"
True,0,0,1,False,False,40,4,573,3,770,3,685,False,"SM_BLD_window_v05_01_Collision","Assets/Fantastic Village Pack/3d/collision/SM_BLD_window_v05_01_Collision.fbx"
True,0,0,3,False,False,52,1,214,1,300,0,518,False,"SM_BLD_window_v06_01","Assets/Fantastic Village Pack/3d/buildings/SM_BLD_window_v06_01.fbx"
True,0,0,2,False,False,52,1,214,1,300,0,518,False,"SM_BLD_window_v06_02","Assets/Fantastic Village Pack/3d/buildings/SM_BLD_window_v06_02.fbx"
True,0,0,1,False,False,20,1,214,1,300,0,518,False,"SM_BLD_window_v06_Collision","Assets/Fantastic Village Pack/3d/collision/SM_BLD_window_v06_Collision.fbx"
True,0,0,3,False,False,66,1,224,1,187,0,412,False,"SM_BLD_window_v07_01","Assets/Fantastic Village Pack/3d/buildings/SM_BLD_window_v07_01.fbx"
True,0,0,2,False,False,66,1,224,1,187,0,412,False,"SM_BLD_window_v07_02","Assets/Fantastic Village Pack/3d/buildings/SM_BLD_window_v07_02.fbx"
True,0,0,1,False,False,28,1,224,1,187,0,412,False,"SM_BLD_window_v07_Collision","Assets/Fantastic Village Pack/3d/collision/SM_BLD_window_v07_Collision.fbx"
True,0,0,2,False,False,94,1,128,0,866,0,522,False,"SM_BLD_window_v08_01","Assets/Fantastic Village Pack/3d/buildings/SM_BLD_window_v08_01.fbx"
True,0,0,3,False,False,94,1,128,0,866,0,522,False,"SM_BLD_window_v08_02","Assets/Fantastic Village Pack/3d/buildings/SM_BLD_window_v08_02.fbx"
True,0,0,2,False,False,70,0,788,0,866,0,404,False,"SM_BLD_window_v08_03","Assets/Fantastic Village Pack/3d/buildings/SM_BLD_window_v08_03.fbx"
True,0,0,1,False,False,12,0,798,0,869,0,403,False,"SM_BLD_window_v08_03_Collision","Assets/Fantastic Village Pack/3d/collision/SM_BLD_window_v08_03_Collision.fbx"
True,0,0,3,False,False,70,0,788,0,866,0,404,False,"SM_BLD_window_v08_04","Assets/Fantastic Village Pack/3d/buildings/SM_BLD_window_v08_04.fbx"
True,0,0,1,False,False,32,1,128,0,866,0,519,False,"SM_BLD_window_v08_Collision","Assets/Fantastic Village Pack/3d/collision/SM_BLD_window_v08_Collision.fbx"
True,0,0,3,False,False,79,1,250,0,970,0,624,False,"SM_BLD_window_v09_01","Assets/Fantastic Village Pack/3d/buildings/SM_BLD_window_v09_01.fbx"
True,0,0,1,False,False,32,1,250,0,969,0,624,False,"SM_BLD_window_v09_01_Collision","Assets/Fantastic Village Pack/3d/collision/SM_BLD_window_v09_01_Collision.fbx"
True,0,0,3,False,False,89,1,539,1,219,0,741,False,"SM_BLD_window_v09_02","Assets/Fantastic Village Pack/3d/buildings/SM_BLD_window_v09_02.fbx"
True,0,0,1,False,False,48,1,554,1,219,0,743,False,"SM_BLD_window_v09_02_Collision","Assets/Fantastic Village Pack/3d/collision/SM_BLD_window_v09_02_Collision.fbx"
True,0,0,3,False,False,79,1,250,0,970,0,301,False,"SM_BLD_window_v09_03","Assets/Fantastic Village Pack/3d/buildings/SM_BLD_window_v09_03.fbx"
True,0,0,1,False,False,32,1,250,0,969,0,301,False,"SM_BLD_window_v09_03_Collision","Assets/Fantastic Village Pack/3d/collision/SM_BLD_window_v09_03_Collision.fbx"
True,0,0,3,False,False,89,1,539,1,219,0,426,False,"SM_BLD_window_v09_04","Assets/Fantastic Village Pack/3d/buildings/SM_BLD_window_v09_04.fbx"
True,0,0,1,False,False,48,1,554,1,219,0,419,False,"SM_BLD_window_v09_04_Collision","Assets/Fantastic Village Pack/3d/collision/SM_BLD_window_v09_04_Collision.fbx"
True,0,0,1,False,False,990,4,061,2,201,3,424,False,"SM_Bush_01","Assets/Polyart/PolyartStudio/DreamscapeMeadows/Meshes/Foliage/SM_Bush_01.fbx"
True,0,0,1,False,False,420,5,234,2,609,4,845,False,"SM_Bush_02","Assets/Polyart/PolyartStudio/DreamscapeMeadows/Meshes/Foliage/SM_Bush_02.fbx"
True,0,0,1,False,False,756,5,383,5,723,5,400,False,"SM_Bush_03","Assets/Polyart/PolyartStudio/DreamscapeMeadows/Meshes/Foliage/SM_Bush_03.fbx"
True,0,0,4,True,False,1396,4,511,4,589,4,794,False,"SM_Bush_04","Assets/Polyart/PolyartStudio/DreamscapeMeadows/Meshes/Foliage/SM_Bush_04.fbx"
True,0,0,6,True,False,3532,5,009,4,350,5,160,False,"SM_Bush_05","Assets/Polyart/PolyartStudio/DreamscapeMeadows/Meshes/Foliage/SM_Bush_05.fbx"
True,0,0,3,True,False,1061,5,127,4,078,4,725,False,"SM_Bush_06","Assets/Polyart/PolyartStudio/DreamscapeMeadows/Meshes/Foliage/SM_Bush_06.fbx"
True,0,0,2,True,False,476,5,307,4,394,5,345,False,"SM_Bush_07","Assets/Polyart/PolyartStudio/DreamscapeMeadows/Meshes/Foliage/SM_Bush_07.fbx"
True,0,0,6,True,False,2993,5,635,4,884,5,372,False,"SM_Bush_08","Assets/Polyart/PolyartStudio/DreamscapeMeadows/Meshes/Foliage/SM_Bush_08.fbx"
True,0,0,6,True,False,2606,4,763,4,726,4,061,False,"SM_Bush_09","Assets/Polyart/PolyartStudio/DreamscapeMeadows/Meshes/Foliage/SM_Bush_09.fbx"
True,0,0,6,True,False,1692,4,511,4,589,4,794,False,"SM_Bush_Flowers_04","Assets/Polyart/PolyartStudio/DreamscapeMeadows/Meshes/Foliage/SM_Bush_Flowers_04.fbx"
True,0,0,1,False,False,32,0,956,0,195,0,956,False,"SM_Campsite_Ash","Assets/Polyart/PolyartStudio/DreamscapeMeadows/Meshes/Props/SM_Campsite_Ash.fbx"
True,0,0,1,False,False,32,0,956,0,195,0,956,False,"SM_Campsite_Ash_Unity","Assets/Polyart/PolyartStudio/DreamscapeCampsite/Meshes/Cooking/SM_Campsite_Ash_Unity.fbx"
True,0,0,1,False,False,384,1,148,0,448,1,552,False,"SM_Campsite_Firewood_Used","Assets/Polyart/PolyartStudio/DreamscapeMeadows/Meshes/Props/SM_Campsite_Firewood_Used.fbx"
True,0,0,1,False,False,384,1,148,0,448,1,552,False,"SM_Campsite_Firewood_Used_Unity","Assets/Polyart/PolyartStudio/DreamscapeCampsite/Meshes/Cooking/SM_Campsite_Firewood_Used_Unity.fbx"
True,0,0,1,False,False,548,1,409,0,320,1,388,False,"SM_Campsite_Rocks","Assets/Polyart/PolyartStudio/DreamscapeMeadows/Meshes/Props/SM_Campsite_Rocks.fbx"
True,0,0,1,False,False,548,1,409,0,320,1,388,False,"SM_Campsite_Rocks_Unity","Assets/Polyart/PolyartStudio/DreamscapeCampsite/Meshes/Cooking/SM_Campsite_Rocks_Unity.fbx"
True,0,0,1,False,False,276,0,067,0,058,0,068,False,"SM_Cap_01","Assets/Polyart/PolyartStudio/DreamscapeMeadows/Meshes/Props/SM_Cap_01.fbx"
True,0,0,1,False,False,276,0,045,0,039,0,045,False,"SM_Cap_01_Unity","Assets/Polyart/PolyartStudio/DreamscapeCampsite/Meshes/Containers/SM_Cap_01_Unity.fbx"
True,0,0,1,False,False,32768,2,000,0,241,2,000,False,"SM_CloudPlane","Assets/Polyart/PolyartStudio/SharedResources/Meshes/SM_CloudPlane.fbx"
True,0,0,1,False,False,1676,2,094,1,689,2,055,False,"SM_Crate_01","Assets/Polyart/PolyartStudio/DreamscapeMeadows/Meshes/Props/SM_Crate_01.fbx"
True,0,0,1,False,False,13200,3,699,2,799,4,022,False,"SM_Docks","Assets/Polyart/PolyartStudio/DreamscapeMeadows/Meshes/Props/SM_Docks.fbx"
True,0,0,3,True,False,282,1,850,1,568,1,930,False,"SM_ENV_bush_city_01","Assets/Fantastic City Pack/3d/Props/SM_ENV_bush_city_01.fbx"
True,0,0,3,True,False,536,3,604,2,699,3,407,False,"SM_ENV_bush_city_02","Assets/Fantastic City Pack/3d/Props/SM_ENV_bush_city_02.fbx"
True,0,0,3,True,False,226,0,345,0,449,0,436,False,"SM_ENV_flower_city_01","Assets/Fantastic City Pack/3d/Props/SM_ENV_flower_city_01.fbx"
True,0,0,3,True,False,220,0,501,0,570,0,449,False,"SM_ENV_flower_city_02","Assets/Fantastic City Pack/3d/Props/SM_ENV_flower_city_02.fbx"
True,0,0,3,True,False,389,1,094,0,867,1,048,False,"SM_ENV_flower_city_03","Assets/Fantastic City Pack/3d/Props/SM_ENV_flower_city_03.fbx"
True,0,0,1,False,False,10,0,514,0,496,0,512,False,"SM_ENV_grass_city_01","Assets/Fantastic City Pack/3d/Props/SM_ENV_grass_city_01.fbx"
True,0,0,1,False,False,40,1,617,3,668,0,461,False,"SM_ENV_ivy_city_01","Assets/Fantastic City Pack/3d/Props/SM_ENV_ivy_city_01.fbx"
True,0,0,1,False,False,40,3,055,2,490,0,577,False,"SM_ENV_ivy_city_02","Assets/Fantastic City Pack/3d/Props/SM_ENV_ivy_city_02.fbx"
True,0,0,1,False,False,158,59,898,50,546,137,149,False,"SM_ENV_mountain_city_01","Assets/Fantastic City Pack/3d/Props/SM_ENV_mountain_city_01.fbx"
True,0,0,1,False,False,6,0,576,0,507,0,495,False,"SM_ENV_PLANT_grass_village","Assets/Fantastic Village Pack/3d/environment/SM_ENV_PLANT_grass_village.fbx"
True,0,0,1,False,False,96,2,041,0,790,2,122,False,"SM_ENV_PLANT_leaf_village","Assets/Fantastic Village Pack/3d/environment/SM_ENV_PLANT_leaf_village.fbx"
True,0,0,6,True,False,3604,5,873,9,721,5,220,False,"SM_ENV_tree_city_01","Assets/Fantastic City Pack/3d/Props/SM_ENV_tree_city_01.fbx"
True,0,0,1,False,False,156,3,198,7,491,2,868,False,"SM_ENV_tree_city_01_Collision","Assets/Fantastic City Pack/3d/Props/Collision/SM_ENV_tree_city_01_Collision.fbx"
True,0,0,3,True,False,592,1,769,2,767,1,704,False,"SM_ENV_tree_city_03","Assets/Fantastic City Pack/3d/Props/SM_ENV_tree_city_03.fbx"
True,0,0,6,True,False,523,4,715,5,962,4,715,False,"SM_ENV_TREE_village","Assets/Fantastic Village Pack/3d/environment/SM_ENV_TREE_village.fbx"
True,0,0,1,False,False,14,4,092,5,961,4,092,False,"SM_ENV_TREE_village_Collision","Assets/Fantastic Village Pack/3d/collision/SM_ENV_TREE_village_Collision.fbx"
True,0,0,1,False,False,816,3,242,1,697,0,358,False,"SM_Fence_01","Assets/Polyart/PolyartStudio/DreamscapeMeadows/Meshes/Props/SM_Fence_01.fbx"
True,0,0,1,False,False,1360,3,325,1,711,0,392,False,"SM_Fence_02","Assets/Polyart/PolyartStudio/DreamscapeMeadows/Meshes/Props/SM_Fence_02.fbx"
True,0,0,1,False,False,1444,3,250,1,706,0,328,False,"SM_Fence_03","Assets/Polyart/PolyartStudio/DreamscapeMeadows/Meshes/Props/SM_Fence_03.fbx"
True,0,0,1,False,False,74,0,375,0,677,0,328,False,"SM_Flower_01_Unity","Assets/Polyart/PolyartStudio/DreamscapeMeadows/Meshes/Foliage/SM_Flower_01_Unity.fbx"
True,0,0,1,False,False,74,0,375,0,677,0,328,False,"SM_Flower_02_Unity","Assets/Polyart/PolyartStudio/DreamscapeMeadows/Meshes/Foliage/SM_Flower_02_Unity.fbx"
True,0,0,1,False,False,72,1,946,0,303,1,769,False,"SM_Flower_Field_01","Assets/Polyart/PolyartStudio/DreamscapeMeadows/Meshes/Foliage/SM_Flower_Field_01.fbx"
True,0,0,1,False,False,72,3,241,0,303,3,273,False,"SM_Flower_Field_02","Assets/Polyart/PolyartStudio/DreamscapeMeadows/Meshes/Foliage/SM_Flower_Field_02.fbx"
True,0,0,1,False,False,2048,9,203,0,000,18,751,False,"SM_Foam_Bottom_High","Assets/Polyart/PolyartStudio/DreamscapeMeadows/Meshes/Water/SM_Foam_Bottom_High.fbx"
True,0,0,1,False,False,128,9,203,0,000,18,751,False,"SM_Foam_Bottom_Low","Assets/Polyart/PolyartStudio/DreamscapeMeadows/Meshes/Water/SM_Foam_Bottom_Low.fbx"
True,0,0,1,False,False,140,7,550,4,773,18,820,False,"Sm_Foam_Top","Assets/Polyart/PolyartStudio/DreamscapeMeadows/Meshes/Water/Sm_Foam_Top.fbx"
True,0,0,1,False,False,2,0,000,5,000,10,000,False,"SM_FogCard_Plane","Assets/Polyart/PolyartStudio/SharedResources/Meshes/SM_FogCard_Plane.fbx"
True,0,0,1,False,False,96,1,539,1,184,1,800,False,"SM_Grass_01_Basic","Assets/Polyart/PolyartStudio/DreamscapeMeadows/Meshes/Grass/SM_Grass_01_Basic.fbx"
True,0,0,4,True,False,324,0,769,0,602,0,900,False,"SM_Grass_01_Unity","Assets/Polyart/PolyartStudio/DreamscapeMeadows/Meshes/Grass/SM_Grass_01_Unity.fbx"
True,0,0,4,True,False,279,0,765,0,416,0,825,False,"SM_Grass_02_Unity","Assets/Polyart/PolyartStudio/DreamscapeMeadows/Meshes/Grass/SM_Grass_02_Unity.fbx"
True,0,0,4,True,False,210,0,624,0,339,0,721,False,"SM_Grass_03_Unity","Assets/Polyart/PolyartStudio/DreamscapeMeadows/Meshes/Grass/SM_Grass_03_Unity.fbx"
True,0,0,4,True,False,2160,1,989,0,621,2,056,False,"SM_Grass_Group_01","Assets/Polyart/PolyartStudio/DreamscapeMeadows/Meshes/Grass/SM_Grass_Group_01.fbx"
True,0,0,1,False,False,610,3,978,1,221,4,109,False,"SM_Grass_Group_01_Basic","Assets/Polyart/PolyartStudio/DreamscapeMeadows/Meshes/Grass/SM_Grass_Group_01_Basic.fbx"
True,0,0,4,True,False,1260,1,658,0,339,1,536,False,"SM_Grass_Group_02","Assets/Polyart/PolyartStudio/DreamscapeMeadows/Meshes/Grass/SM_Grass_Group_02.fbx"
True,0,0,1,False,False,256,0,335,0,284,0,335,False,"SM_Mushroom_01","Assets/Polyart/PolyartStudio/DreamscapeMeadows/Meshes/Foliage/SM_Mushroom_01.fbx"
True,0,0,1,False,False,336,0,428,0,454,0,428,False,"SM_Mushroom_02","Assets/Polyart/PolyartStudio/DreamscapeMeadows/Meshes/Foliage/SM_Mushroom_02.fbx"
True,0,0,1,False,False,304,0,284,0,255,0,272,False,"SM_Mushroom_03","Assets/Polyart/PolyartStudio/DreamscapeMeadows/Meshes/Foliage/SM_Mushroom_03.fbx"
True,0,0,1,False,False,336,0,335,0,705,0,335,False,"SM_Mushroom_04","Assets/Polyart/PolyartStudio/DreamscapeMeadows/Meshes/Foliage/SM_Mushroom_04.fbx"
True,0,0,1,False,False,400,0,302,0,454,0,302,False,"SM_Mushroom_05","Assets/Polyart/PolyartStudio/DreamscapeMeadows/Meshes/Foliage/SM_Mushroom_05.fbx"
True,0,0,1,False,False,384,0,339,0,584,0,335,False,"SM_Mushroom_06","Assets/Polyart/PolyartStudio/DreamscapeMeadows/Meshes/Foliage/SM_Mushroom_06.fbx"
True,0,0,1,False,False,646,0,740,0,203,1,387,False,"SM_Pan_01","Assets/Polyart/PolyartStudio/DreamscapeMeadows/Meshes/Props/SM_Pan_01.fbx"
True,0,0,1,False,False,646,0,740,0,203,1,387,False,"SM_Pan_01_Unity","Assets/Polyart/PolyartStudio/DreamscapeCampsite/Meshes/Cooking/SM_Pan_01_Unity.fbx"
True,0,0,1,False,False,128,2,978,0,000,2,978,False,"SM_Plane","Assets/Polyart/PolyartStudio/SharedResources/Meshes/SM_Plane.fbx"
True,0,0,1,False,False,2312,1,252,0,949,1,097,False,"SM_Pot_01","Assets/Polyart/PolyartStudio/DreamscapeMeadows/Meshes/Props/SM_Pot_01.fbx"
True,0,0,1,False,False,416,1,308,0,826,0,030,False,"SM_Pot_01_Handle","Assets/Polyart/PolyartStudio/DreamscapeMeadows/Meshes/Props/SM_Pot_01_Handle.fbx"
True,0,0,1,False,False,2312,1,252,0,949,1,097,False,"SM_Pot_03_Unity","Assets/Polyart/PolyartStudio/DreamscapeCampsite/Meshes/Cooking/SM_Pot_03_Unity.fbx"
True,0,0,1,False,False,760,0,913,0,240,0,910,False,"SM_Pot_Cover","Assets/Polyart/PolyartStudio/DreamscapeMeadows/Meshes/Props/SM_Pot_Cover.fbx"
True,0,0,1,False,False,760,0,913,0,240,0,910,False,"SM_Pot_Cover_Unity","Assets/Polyart/PolyartStudio/DreamscapeCampsite/Meshes/Cooking/SM_Pot_Cover_Unity.fbx"
True,0,0,1,False,False,182,0,130,0,282,0,061,False,"SM_Pot_Hook","Assets/Polyart/PolyartStudio/DreamscapeMeadows/Meshes/Props/SM_Pot_Hook.fbx"
True,0,0,1,False,False,182,0,130,0,282,0,061,False,"SM_Pot_Hook_Unity","Assets/Polyart/PolyartStudio/DreamscapeCampsite/Meshes/Cooking/SM_Pot_Hook_Unity.fbx"
True,0,0,1,False,False,586,0,241,0,585,0,241,False,"SM_Potion_01","Assets/Polyart/PolyartStudio/DreamscapeMeadows/Meshes/Props/SM_Potion_01.fbx"
True,0,0,1,False,False,586,0,121,0,292,0,121,False,"SM_Potion_01_Unity","Assets/Polyart/PolyartStudio/DreamscapeCampsite/Meshes/Containers/SM_Potion_01_Unity.fbx"
True,0,0,1,False,False,113,0,384,0,074,0,384,False,"SM_PROP_alchemy_coal_city","Assets/Fantastic City Pack/3d/Props/SM_PROP_alchemy_coal_city.fbx"
True,0,0,2,False,False,357,1,914,0,767,1,199,False,"SM_PROP_alchemy_desk_city","Assets/Fantastic City Pack/3d/Props/SM_PROP_alchemy_desk_city.fbx"
True,0,0,1,False,False,400,0,216,0,093,0,216,False,"SM_PROP_alchemy_holder_city_01","Assets/Fantastic City Pack/3d/Props/SM_PROP_alchemy_holder_city_01.fbx"
True,0,0,1,False,False,172,0,248,0,195,0,087,False,"SM_PROP_alchemy_holder_city_02","Assets/Fantastic City Pack/3d/Props/SM_PROP_alchemy_holder_city_02.fbx"
True,0,0,1,False,False,40,0,322,0,054,0,312,False,"SM_PROP_alchemy_powder_city_01","Assets/Fantastic City Pack/3d/Props/SM_PROP_alchemy_powder_city_01.fbx"
True,0,0,1,False,False,22,0,189,0,057,0,183,False,"SM_PROP_alchemy_powder_city_02","Assets/Fantastic City Pack/3d/Props/SM_PROP_alchemy_powder_city_02.fbx"
True,0,0,1,False,False,226,0,716,0,918,0,818,False,"SM_PROP_anvil_city","Assets/Fantastic City Pack/3d/Props/SM_PROP_anvil_city.fbx"
True,0,0,1,False,False,72,0,076,0,081,0,413,False,"SM_PROP_awl_city","Assets/Fantastic City Pack/3d/Props/SM_PROP_awl_city.fbx"
True,0,0,1,False,False,170,0,430,0,120,1,101,False,"SM_PROP_axe_city","Assets/Fantastic City Pack/3d/Props/SM_PROP_axe_city.fbx"
True,0,0,2,False,False,210,0,772,0,893,0,750,False,"SM_PROP_barrel_01","Assets/Fantastic Village Pack/3d/props/SM_PROP_barrel_01.fbx"
True,0,0,2,False,False,224,0,771,0,844,0,749,False,"SM_PROP_barrel_02","Assets/Fantastic Village Pack/3d/props/SM_PROP_barrel_02.fbx"
True,0,0,3,False,False,210,0,771,0,844,0,749,False,"SM_PROP_barrel_03","Assets/Fantastic Village Pack/3d/props/SM_PROP_barrel_03.fbx"
True,0,0,3,False,False,210,0,771,0,844,0,749,False,"SM_PROP_barrel_04","Assets/Fantastic Village Pack/3d/props/SM_PROP_barrel_04.fbx"
True,0,0,3,False,False,210,0,771,0,844,0,749,False,"SM_PROP_barrel_05","Assets/Fantastic Village Pack/3d/props/SM_PROP_barrel_05.fbx"
True,0,0,2,False,False,630,0,929,1,240,1,399,False,"SM_PROP_barrel_06","Assets/Fantastic Village Pack/3d/props/SM_PROP_barrel_06.fbx"
True,0,0,3,False,False,1504,1,004,2,104,2,491,False,"SM_PROP_barrel_07","Assets/Fantastic Village Pack/3d/props/SM_PROP_barrel_07.fbx"
True,0,0,3,False,False,344,1,044,1,048,0,965,False,"SM_PROP_barrel_08","Assets/Fantastic Village Pack/3d/props/SM_PROP_barrel_08.fbx"
True,0,0,1,False,False,294,0,777,0,900,0,779,False,"SM_PROP_barrel_city_01","Assets/Fantastic City Pack/3d/Props/SM_PROP_barrel_city_01.fbx"
True,0,0,1,False,False,308,0,777,0,900,0,779,False,"SM_PROP_barrel_city_02","Assets/Fantastic City Pack/3d/Props/SM_PROP_barrel_city_02.fbx"
True,0,0,1,False,False,20,0,708,0,840,0,783,False,"SM_PROP_barrel_Collision","Assets/Fantastic Village Pack/3d/collision/SM_PROP_barrel_Collision.fbx"
True,0,0,1,False,False,256,1,950,1,510,1,234,False,"SM_PROP_barrel_holder_city","Assets/Fantastic City Pack/3d/Props/SM_PROP_barrel_holder_city.fbx"
True,0,0,1,False,False,80,0,555,0,240,0,542,False,"SM_PROP_basket_01","Assets/Fantastic Village Pack/3d/props/SM_PROP_basket_01.fbx"
True,0,0,1,False,False,80,0,508,0,453,0,474,False,"SM_PROP_basket_02","Assets/Fantastic Village Pack/3d/props/SM_PROP_basket_02.fbx"
True,0,0,1,False,False,80,0,417,0,230,0,598,False,"SM_PROP_basket_03","Assets/Fantastic Village Pack/3d/props/SM_PROP_basket_03.fbx"
True,0,0,1,False,False,168,0,531,0,589,0,539,False,"SM_PROP_basket_city_01","Assets/Fantastic City Pack/3d/Props/SM_PROP_basket_city_01.fbx"
True,0,0,1,False,False,168,0,526,0,391,0,524,False,"SM_PROP_basket_city_02","Assets/Fantastic City Pack/3d/Props/SM_PROP_basket_city_02.fbx"
True,0,0,1,False,False,216,0,430,0,209,0,410,False,"SM_PROP_basket_city_03","Assets/Fantastic City Pack/3d/Props/SM_PROP_basket_city_03.fbx"
True,0,0,1,False,False,168,0,259,0,094,0,208,False,"SM_PROP_basket_city_04","Assets/Fantastic City Pack/3d/Props/SM_PROP_basket_city_04.fbx"
True,0,0,2,False,False,332,0,269,0,696,0,273,False,"SM_PROP_bell_city","Assets/Fantastic City Pack/3d/Props/SM_PROP_bell_city.fbx"
True,0,0,1,False,False,124,1,809,0,442,0,641,False,"SM_PROP_bench_01","Assets/Fantastic Village Pack/3d/props/SM_PROP_bench_01.fbx"
True,0,0,1,False,False,156,1,895,1,097,0,896,False,"SM_PROP_bench_02","Assets/Fantastic Village Pack/3d/props/SM_PROP_bench_02.fbx"
True,0,0,1,False,False,974,2,161,1,299,1,211,False,"SM_PROP_bench_city_01","Assets/Fantastic City Pack/3d/Props/SM_PROP_bench_city_01.fbx"
True,0,0,1,False,False,80,2,113,1,304,1,200,False,"SM_PROP_bench_city_01_Collision","Assets/Fantastic City Pack/3d/Props/Collision/SM_PROP_bench_city_01_Collision.fbx"
True,0,0,2,False,False,316,0,662,1,178,0,662,False,"SM_PROP_birdbath_city","Assets/Fantastic City Pack/3d/Props/SM_PROP_birdbath_city.fbx"
True,0,0,2,False,False,326,1,423,0,541,0,782,False,"SM_PROP_blacksmith_tank_city","Assets/Fantastic City Pack/3d/Props/SM_PROP_blacksmith_tank_city.fbx"
True,0,0,1,False,False,88,0,351,0,075,0,337,False,"SM_PROP_blossoms_city_01","Assets/Fantastic City Pack/3d/Props/SM_PROP_blossoms_city_01.fbx"
True,0,0,1,False,False,88,0,324,0,075,0,358,False,"SM_PROP_blossoms_city_02","Assets/Fantastic City Pack/3d/Props/SM_PROP_blossoms_city_02.fbx"
True,0,0,3,False,False,192,2,146,1,545,0,386,False,"SM_PROP_board_01","Assets/Fantastic Village Pack/3d/props/SM_PROP_board_01.fbx"
True,0,0,1,False,False,100,2,146,1,545,0,249,False,"SM_PROP_board_02","Assets/Fantastic Village Pack/3d/props/SM_PROP_board_02.fbx"
True,0,0,1,False,False,56,0,441,0,055,0,299,False,"SM_PROP_book_city_01","Assets/Fantastic City Pack/3d/Props/SM_PROP_book_city_01.fbx"
True,0,0,1,False,False,20,0,135,0,358,0,246,False,"SM_PROP_book_city_02","Assets/Fantastic City Pack/3d/Props/SM_PROP_book_city_02.fbx"
True,0,0,1,False,False,20,0,081,0,394,0,246,False,"SM_PROP_book_city_03","Assets/Fantastic City Pack/3d/Props/SM_PROP_book_city_03.fbx"
True,0,0,1,False,False,80,0,436,0,294,0,355,False,"SM_PROP_book_city_04","Assets/Fantastic City Pack/3d/Props/SM_PROP_book_city_04.fbx"
True,0,0,1,False,False,592,9,115,0,997,9,135,False,"SM_PROP_border_pond_city_01","Assets/Fantastic City Pack/3d/Props/SM_PROP_border_pond_city_01.fbx"
True,0,0,1,False,False,192,9,164,0,471,9,164,False,"SM_PROP_border_pond_city_01_Collision","Assets/Fantastic City Pack/3d/Props/Collision/SM_PROP_border_pond_city_01_Collision.fbx"
True,0,0,1,False,False,72,0,113,0,279,0,125,False,"SM_PROP_bottle_01","Assets/Fantastic Village Pack/3d/props/SM_PROP_bottle_01.fbx"
True,0,0,1,False,False,96,0,169,0,289,0,187,False,"SM_PROP_bottle_02","Assets/Fantastic Village Pack/3d/props/SM_PROP_bottle_02.fbx"
True,0,0,1,False,False,96,0,200,0,284,0,222,False,"SM_PROP_bottle_03","Assets/Fantastic Village Pack/3d/props/SM_PROP_bottle_03.fbx"
True,0,0,1,False,False,72,0,113,0,279,0,125,False,"SM_PROP_bottle_04","Assets/Fantastic Village Pack/3d/props/SM_PROP_bottle_04.fbx"
True,0,0,1,False,False,96,0,169,0,289,0,187,False,"SM_PROP_bottle_05","Assets/Fantastic Village Pack/3d/props/SM_PROP_bottle_05.fbx"
True,0,0,1,False,False,96,0,200,0,284,0,222,False,"SM_PROP_bottle_06","Assets/Fantastic Village Pack/3d/props/SM_PROP_bottle_06.fbx"
True,0,0,1,False,False,72,0,113,0,279,0,125,False,"SM_PROP_bottle_07","Assets/Fantastic Village Pack/3d/props/SM_PROP_bottle_07.fbx"
True,0,0,1,False,False,96,0,169,0,289,0,187,False,"SM_PROP_bottle_08","Assets/Fantastic Village Pack/3d/props/SM_PROP_bottle_08.fbx"
True,0,0,1,False,False,96,0,200,0,284,0,222,False,"SM_PROP_bottle_09","Assets/Fantastic Village Pack/3d/props/SM_PROP_bottle_09.fbx"
True,0,0,1,False,False,108,0,171,0,353,0,189,False,"SM_PROP_bottle_city_01","Assets/Fantastic City Pack/3d/Props/SM_PROP_bottle_city_01.fbx"
True,0,0,1,False,False,108,0,170,0,381,0,106,False,"SM_PROP_bottle_city_02","Assets/Fantastic City Pack/3d/Props/SM_PROP_bottle_city_02.fbx"
True,0,0,1,False,False,120,0,154,0,331,0,171,False,"SM_PROP_bottle_city_03","Assets/Fantastic City Pack/3d/Props/SM_PROP_bottle_city_03.fbx"
True,0,0,1,False,False,216,0,173,0,290,0,169,False,"SM_PROP_bottle_city_04","Assets/Fantastic City Pack/3d/Props/SM_PROP_bottle_city_04.fbx"
True,0,0,1,False,False,84,0,143,0,542,0,145,False,"SM_PROP_bottle_city_05","Assets/Fantastic City Pack/3d/Props/SM_PROP_bottle_city_05.fbx"
True,0,0,1,False,False,120,0,192,0,571,0,201,False,"SM_PROP_bottle_city_06","Assets/Fantastic City Pack/3d/Props/SM_PROP_bottle_city_06.fbx"
True,0,0,1,False,False,106,0,232,0,395,0,247,False,"SM_PROP_bottle_city_07","Assets/Fantastic City Pack/3d/Props/SM_PROP_bottle_city_07.fbx"
True,0,0,1,False,False,108,0,140,0,237,0,155,False,"SM_PROP_bottle_city_08","Assets/Fantastic City Pack/3d/Props/SM_PROP_bottle_city_08.fbx"
True,0,0,1,False,False,96,0,348,0,128,0,339,False,"SM_PROP_bowl_metal","Assets/Fantastic Village Pack/3d/props/SM_PROP_bowl_metal.fbx"
True,0,0,1,False,False,80,0,277,0,102,0,270,False,"SM_PROP_bowl_wood_01","Assets/Fantastic Village Pack/3d/props/SM_PROP_bowl_wood_01.fbx"
True,0,0,2,False,False,96,0,277,0,102,0,270,False,"SM_PROP_bowl_wood_02","Assets/Fantastic Village Pack/3d/props/SM_PROP_bowl_wood_02.fbx"
True,0,0,2,False,False,96,0,277,0,102,0,270,False,"SM_PROP_bowl_wood_03","Assets/Fantastic Village Pack/3d/props/SM_PROP_bowl_wood_03.fbx"
True,0,0,2,False,False,96,0,277,0,102,0,270,False,"SM_PROP_bowl_wood_04","Assets/Fantastic Village Pack/3d/props/SM_PROP_bowl_wood_04.fbx"
True,0,0,2,False,False,96,0,277,0,102,0,270,False,"SM_PROP_bowl_wood_05","Assets/Fantastic Village Pack/3d/props/SM_PROP_bowl_wood_05.fbx"
True,0,0,2,False,False,160,0,981,0,966,1,059,False,"SM_PROP_box_01","Assets/Fantastic Village Pack/3d/props/SM_PROP_box_01.fbx"
True,0,0,5,False,False,238,1,567,0,858,0,943,False,"SM_PROP_box_02","Assets/Fantastic Village Pack/3d/props/SM_PROP_box_02.fbx"
True,0,0,5,False,False,238,1,572,0,858,0,989,False,"SM_PROP_box_03","Assets/Fantastic Village Pack/3d/props/SM_PROP_box_03.fbx"
True,0,0,4,False,False,238,1,557,0,858,0,982,False,"SM_PROP_box_04","Assets/Fantastic Village Pack/3d/props/SM_PROP_box_04.fbx"
True,0,0,2,False,False,144,0,634,0,495,0,932,False,"SM_PROP_box_05","Assets/Fantastic Village Pack/3d/props/SM_PROP_box_05.fbx"
True,0,0,3,False,False,366,1,189,0,744,1,227,False,"SM_PROP_brazier_01","Assets/Fantastic Village Pack/3d/props/SM_PROP_brazier_01.fbx"
True,0,0,1,False,False,246,1,189,0,479,1,227,False,"SM_PROP_brazier_02","Assets/Fantastic Village Pack/3d/props/SM_PROP_brazier_02.fbx"
True,0,0,1,False,False,64,1,195,0,417,1,210,False,"SM_PROP_brazier_02_Collision","Assets/Fantastic Village Pack/3d/collision/SM_PROP_brazier_02_Collision.fbx"
True,0,0,1,False,False,292,0,433,0,732,0,306,False,"SM_PROP_brazier_03","Assets/Fantastic Village Pack/3d/props/SM_PROP_brazier_03.fbx"
True,0,0,3,False,False,640,0,904,1,221,0,874,False,"SM_PROP_brazier_04","Assets/Fantastic Village Pack/3d/props/SM_PROP_brazier_04.fbx"
True,0,0,1,False,False,100,0,821,1,227,0,790,False,"SM_PROP_brazier_04_Collision","Assets/Fantastic Village Pack/3d/collision/SM_PROP_brazier_04_Collision.fbx"
True,0,0,2,False,False,272,0,409,2,184,0,416,False,"SM_PROP_brazier_05","Assets/Fantastic Village Pack/3d/props/SM_PROP_brazier_05.fbx"
True,0,0,1,False,False,432,3,571,3,217,9,334,False,"SM_PROP_bridge_stone_01","Assets/Fantastic Village Pack/3d/props/SM_PROP_bridge_stone_01.fbx"
True,0,0,1,False,False,236,3,362,3,192,9,419,False,"SM_PROP_bridge_stone_01_Collision","Assets/Fantastic Village Pack/3d/collision/SM_PROP_bridge_stone_01_Collision.fbx"
True,0,0,2,False,False,360,1,992,1,430,4,416,False,"SM_PROP_bridge_wood_01","Assets/Fantastic Village Pack/3d/props/SM_PROP_bridge_wood_01.fbx"
True,0,0,1,False,False,408,2,035,1,430,4,416,False,"SM_PROP_bridge_wood_02","Assets/Fantastic Village Pack/3d/props/SM_PROP_bridge_wood_02.fbx"
True,0,0,2,False,False,392,1,998,1,768,4,286,False,"SM_PROP_bridge_wood_03","Assets/Fantastic Village Pack/3d/props/SM_PROP_bridge_wood_03.fbx"
True,0,0,1,False,False,440,2,018,1,768,4,286,False,"SM_PROP_bridge_wood_04","Assets/Fantastic Village Pack/3d/props/SM_PROP_bridge_wood_04.fbx"
True,0,0,1,False,False,68,2,000,1,773,4,398,False,"SM_PROP_bridge_wood_Collision","Assets/Fantastic Village Pack/3d/collision/SM_PROP_bridge_wood_Collision.fbx"
True,0,0,1,False,False,136,0,327,0,072,1,551,False,"SM_PROP_broom_city","Assets/Fantastic City Pack/3d/Props/SM_PROP_broom_city.fbx"
True,0,0,1,False,False,50,0,031,0,030,0,488,False,"SM_PROP_brush_city","Assets/Fantastic City Pack/3d/Props/SM_PROP_brush_city.fbx"
True,0,0,2,False,False,128,0,543,0,358,0,602,False,"SM_PROP_bucket_01","Assets/Fantastic Village Pack/3d/props/SM_PROP_bucket_01.fbx"
True,0,0,2,False,False,128,0,691,0,374,0,602,False,"SM_PROP_bucket_02","Assets/Fantastic Village Pack/3d/props/SM_PROP_bucket_02.fbx"
True,0,0,3,False,False,158,0,705,0,374,0,602,False,"SM_PROP_bucket_03","Assets/Fantastic Village Pack/3d/props/SM_PROP_bucket_03.fbx"
True,0,0,3,False,False,640,0,661,0,882,0,629,False,"SM_PROP_bucket_04","Assets/Fantastic Village Pack/3d/props/SM_PROP_bucket_04.fbx"
True,0,0,1,False,False,338,0,462,0,411,0,475,False,"SM_PROP_bucket_champagne_city","Assets/Fantastic City Pack/3d/Props/SM_PROP_bucket_champagne_city.fbx"
True,0,0,2,False,False,348,0,373,0,496,0,313,False,"SM_PROP_bucket_city_01","Assets/Fantastic City Pack/3d/Props/SM_PROP_bucket_city_01.fbx"
True,0,0,2,False,False,300,0,513,0,574,0,407,False,"SM_PROP_bucket_city_02","Assets/Fantastic City Pack/3d/Props/SM_PROP_bucket_city_02.fbx"
True,0,0,1,False,False,144,0,371,0,337,0,354,False,"SM_PROP_bucket_city_03","Assets/Fantastic City Pack/3d/Props/SM_PROP_bucket_city_03.fbx"
True,0,0,1,False,False,312,2,229,2,313,0,864,False,"SM_PROP_bulletinboard_city_01","Assets/Fantastic City Pack/3d/Props/SM_PROP_bulletinboard_city_01.fbx"
True,0,0,2,False,False,668,1,016,0,328,1,055,False,"SM_PROP_campfire","Assets/Fantastic Village Pack/3d/props/SM_PROP_campfire.fbx"
True,0,0,1,False,False,622,1,145,0,295,1,156,False,"SM_PROP_campfire_city","Assets/Fantastic City Pack/3d/Props/SM_PROP_campfire_city.fbx"
True,0,0,1,False,False,220,1,682,1,125,0,379,False,"SM_PROP_campfire_poles","Assets/Fantastic Village Pack/3d/props/SM_PROP_campfire_poles.fbx"
True,0,0,2,False,False,552,1,995,0,962,0,098,False,"SM_PROP_campfire_poles_city","Assets/Fantastic City Pack/3d/Props/SM_PROP_campfire_poles_city.fbx"
True,0,0,1,False,False,830,0,376,0,405,0,294,False,"SM_PROP_candle_city_01","Assets/Fantastic City Pack/3d/Props/SM_PROP_candle_city_01.fbx"
True,0,0,1,False,False,494,0,108,0,399,0,339,False,"SM_PROP_candle_city_02","Assets/Fantastic City Pack/3d/Props/SM_PROP_candle_city_02.fbx"
True,0,0,1,False,False,238,0,122,0,585,0,119,False,"SM_PROP_candle_city_03","Assets/Fantastic City Pack/3d/Props/SM_PROP_candle_city_03.fbx"
True,0,0,1,False,False,238,0,121,0,404,0,119,False,"SM_PROP_candle_city_04","Assets/Fantastic City Pack/3d/Props/SM_PROP_candle_city_04.fbx"
True,0,0,1,False,False,68,0,123,0,228,0,128,False,"SM_PROP_candle_city_05","Assets/Fantastic City Pack/3d/Props/SM_PROP_candle_city_05.fbx"
True,0,0,1,False,False,68,0,096,0,300,0,101,False,"SM_PROP_candle_city_06","Assets/Fantastic City Pack/3d/Props/SM_PROP_candle_city_06.fbx"
True,0,0,1,False,False,48,0,774,0,514,0,031,False,"SM_PROP_canvas_city","Assets/Fantastic City Pack/3d/Props/SM_PROP_canvas_city.fbx"
True,0,0,1,False,False,28,0,102,0,053,0,160,False,"SM_PROP_cards_city_01","Assets/Fantastic City Pack/3d/Props/SM_PROP_cards_city_01.fbx"
True,0,0,1,False,False,112,0,351,0,017,0,215,False,"SM_PROP_cards_city_02","Assets/Fantastic City Pack/3d/Props/SM_PROP_cards_city_02.fbx"
True,0,0,1,False,False,28,0,102,0,006,0,160,False,"SM_PROP_cards_city_03","Assets/Fantastic City Pack/3d/Props/SM_PROP_cards_city_03.fbx"
True,0,0,1,False,False,12,1,991,0,000,2,988,False,"SM_PROP_carpet_city_01","Assets/Fantastic City Pack/3d/Props/SM_PROP_carpet_city_01.fbx"
True,0,0,1,False,False,12,2,109,0,000,1,980,False,"SM_PROP_carpet_city_02","Assets/Fantastic City Pack/3d/Props/SM_PROP_carpet_city_02.fbx"
True,0,0,7,False,False,1432,2,336,1,678,4,381,False,"SM_PROP_cart_01","Assets/Fantastic Village Pack/3d/props/SM_PROP_cart_01.fbx"
True,0,0,1,False,False,88,2,171,1,251,4,317,False,"SM_PROP_cart_01_Collision","Assets/Fantastic Village Pack/3d/collision/SM_PROP_cart_01_Collision.fbx"
True,0,0,7,False,False,1432,2,747,1,939,4,381,False,"SM_PROP_cart_02","Assets/Fantastic Village Pack/3d/props/SM_PROP_cart_02.fbx"
True,0,0,1,False,False,88,2,192,1,369,4,332,False,"SM_PROP_cart_02_Collision","Assets/Fantastic Village Pack/3d/collision/SM_PROP_cart_02_Collision.fbx"
True,0,0,8,False,False,1672,2,747,2,306,4,381,False,"SM_PROP_cart_03","Assets/Fantastic Village Pack/3d/props/SM_PROP_cart_03.fbx"
True,0,0,4,False,False,800,2,072,1,157,4,471,False,"SM_PROP_cart_city_01","Assets/Fantastic City Pack/3d/Props/SM_PROP_cart_city_01.fbx"
True,0,0,3,False,False,1278,1,264,1,034,2,508,False,"SM_PROP_cart_city_02","Assets/Fantastic City Pack/3d/Props/SM_PROP_cart_city_02.fbx"
True,0,0,1,False,False,48,0,961,1,042,2,528,False,"SM_PROP_cart_city_02_Collision","Assets/Fantastic City Pack/3d/Props/Collision/SM_PROP_cart_city_02_Collision.fbx"
True,0,0,3,False,False,1288,1,264,0,921,2,942,False,"SM_PROP_cart_city_03","Assets/Fantastic City Pack/3d/Props/SM_PROP_cart_city_03.fbx"
True,0,0,1,False,False,70,0,961,0,917,2,965,False,"SM_PROP_cart_city_03_Collision","Assets/Fantastic City Pack/3d/Props/Collision/SM_PROP_cart_city_03_Collision.fbx"
True,0,0,1,False,False,1140,1,197,1,582,1,762,False,"SM_PROP_cart_roof_city_01","Assets/Fantastic City Pack/3d/Props/SM_PROP_cart_roof_city_01.fbx"
True,0,0,1,False,False,124,1,297,1,589,1,719,False,"SM_PROP_cart_roof_city_01_Collision","Assets/Fantastic City Pack/3d/Props/Collision/SM_PROP_cart_roof_city_01_Collision.fbx"
True,0,0,1,False,False,918,0,892,1,388,1,782,False,"SM_PROP_cart_roof_city_02","Assets/Fantastic City Pack/3d/Props/SM_PROP_cart_roof_city_02.fbx"
True,0,0,1,False,False,28,0,974,1,422,1,785,False,"SM_PROP_cart_roof_city_02_Collision","Assets/Fantastic City Pack/3d/Props/Collision/SM_PROP_cart_roof_city_02_Collision.fbx"
True,0,0,2,False,False,432,0,350,1,411,1,411,False,"SM_PROP_cart_wheel_big","Assets/Fantastic Village Pack/3d/props/SM_PROP_cart_wheel_big.fbx"
True,0,0,1,False,False,44,0,433,1,764,1,764,False,"SM_PROP_cart_wheel_big_Collision","Assets/Fantastic Village Pack/3d/collision/SM_PROP_cart_wheel_big_Collision.fbx"
True,0,0,1,False,False,336,0,118,0,846,0,846,False,"SM_PROP_cart_wheel_city","Assets/Fantastic City Pack/3d/Props/SM_PROP_cart_wheel_city.fbx"
True,0,0,2,False,False,432,0,097,0,656,0,656,False,"SM_PROP_cart_wheel_small","Assets/Fantastic Village Pack/3d/props/SM_PROP_cart_wheel_small.fbx"
True,0,0,1,False,False,44,0,205,0,834,0,834,False,"SM_PROP_cart_wheel_small_Collision","Assets/Fantastic Village Pack/3d/collision/SM_PROP_cart_wheel_small_Collision.fbx"
True,0,0,1,False,False,574,0,565,0,400,0,452,False,"SM_PROP_cauldron_city","Assets/Fantastic City Pack/3d/Props/SM_PROP_cauldron_city.fbx"
True,0,0,1,False,False,16,0,376,0,034,0,368,False,"SM_PROP_cauldron_plane_city","Assets/Fantastic City Pack/3d/Props/SM_PROP_cauldron_plane_city.fbx"
True,0,0,1,False,False,24,3,962,0,334,0,107,False,"SM_PROP_chains_city_01","Assets/Fantastic City Pack/3d/Props/SM_PROP_chains_city_01.fbx"
True,0,0,1,False,False,98,0,496,1,167,0,661,False,"SM_PROP_chair_02","Assets/Fantastic Village Pack/3d/props/SM_PROP_chair_02.fbx"
True,0,0,1,False,False,128,0,540,0,968,0,614,False,"SM_PROP_chair_03","Assets/Fantastic Village Pack/3d/props/SM_PROP_chair_03.fbx"
True,0,0,1,False,False,1076,0,519,1,135,0,646,False,"SM_PROP_chair_city_01","Assets/Fantastic City Pack/3d/Props/SM_PROP_chair_city_01.fbx"
True,0,0,1,False,False,344,0,558,1,120,0,584,False,"SM_PROP_chair_city_02","Assets/Fantastic City Pack/3d/Props/SM_PROP_chair_city_02.fbx"
True,0,0,1,False,False,302,0,567,1,120,0,627,False,"SM_PROP_chair_city_03","Assets/Fantastic City Pack/3d/Props/SM_PROP_chair_city_03.fbx"
True,0,0,1,False,False,262,0,556,1,274,0,732,False,"SM_PROP_chair_city_04","Assets/Fantastic City Pack/3d/Props/SM_PROP_chair_city_04.fbx"
True,0,0,1,False,False,272,0,451,0,521,0,452,False,"SM_PROP_chair_city_05","Assets/Fantastic City Pack/3d/Props/SM_PROP_chair_city_05.fbx"
True,0,0,1,False,False,48,0,669,0,023,0,669,False,"SM_PROP_checkers_board_city","Assets/Fantastic City Pack/3d/Props/SM_PROP_checkers_board_city.fbx"
True,0,0,1,False,False,28,0,063,0,012,0,063,False,"SM_PROP_checkers_piece_city_01","Assets/Fantastic City Pack/3d/Props/SM_PROP_checkers_piece_city_01.fbx"
True,0,0,1,False,False,28,0,063,0,012,0,063,False,"SM_PROP_checkers_piece_city_02","Assets/Fantastic City Pack/3d/Props/SM_PROP_checkers_piece_city_02.fbx"
True,0,0,2,False,False,346,0,811,0,343,0,464,False,"SM_PROP_chest_city_01","Assets/Fantastic City Pack/3d/Props/SM_PROP_chest_city_01.fbx"
True,0,0,2,False,False,664,0,764,0,726,0,518,False,"SM_PROP_chest_city_02","Assets/Fantastic City Pack/3d/Props/SM_PROP_chest_city_02.fbx"
True,0,0,1,False,False,112,0,082,0,080,0,559,False,"SM_PROP_chisel_city","Assets/Fantastic City Pack/3d/Props/SM_PROP_chisel_city.fbx"
True,0,0,1,False,False,80,0,309,0,082,0,295,False,"SM_PROP_cloth_city_01","Assets/Fantastic City Pack/3d/Props/SM_PROP_cloth_city_01.fbx"
True,0,0,1,False,False,42,0,171,0,133,1,042,False,"SM_PROP_cloth_city_02","Assets/Fantastic City Pack/3d/Props/SM_PROP_cloth_city_02.fbx"
True,0,0,3,False,False,220,0,280,1,288,2,896,False,"SM_PROP_clothesline_01","Assets/Fantastic Village Pack/3d/props/SM_PROP_clothesline_01.fbx"
True,0,0,3,False,False,240,0,202,0,988,2,896,False,"SM_PROP_clothesline_02","Assets/Fantastic Village Pack/3d/props/SM_PROP_clothesline_02.fbx"
True,0,0,2,False,False,180,0,187,0,448,2,896,False,"SM_PROP_clothesline_03","Assets/Fantastic Village Pack/3d/props/SM_PROP_clothesline_03.fbx"
True,0,0,2,False,False,154,1,538,0,788,2,718,False,"SM_PROP_coffin","Assets/Fantastic Village Pack/3d/props/SM_PROP_coffin.fbx"
True,0,0,1,False,False,60,1,539,0,645,2,678,False,"SM_PROP_coffin_Collision","Assets/Fantastic Village Pack/3d/collision/SM_PROP_coffin_Collision.fbx"
True,0,0,1,False,False,20,1,519,0,184,2,705,False,"SM_PROP_coffin_lid_Collision","Assets/Fantastic Village Pack/3d/collision/SM_PROP_coffin_lid_Collision.fbx"
True,0,0,1,False,False,40,0,057,0,010,0,057,False,"SM_PROP_coin_city_01","Assets/Fantastic City Pack/3d/Props/SM_PROP_coin_city_01.fbx"
True,0,0,1,False,False,280,0,139,0,021,0,153,False,"SM_PROP_coin_city_02","Assets/Fantastic City Pack/3d/Props/SM_PROP_coin_city_02.fbx"
True,0,0,1,False,False,448,0,416,0,130,0,225,False,"SM_PROP_coinpouch_city_01","Assets/Fantastic City Pack/3d/Props/SM_PROP_coinpouch_city_01.fbx"
True,0,0,1,False,False,186,0,210,0,230,0,263,False,"SM_PROP_coinpouch_city_02","Assets/Fantastic City Pack/3d/Props/SM_PROP_coinpouch_city_02.fbx"
True,0,0,2,False,False,628,1,614,0,822,1,250,False,"SM_PROP_cookingpot_big","Assets/Fantastic Village Pack/3d/props/SM_PROP_cookingpot_big.fbx"
True,0,0,1,False,False,28,1,362,0,840,1,362,False,"SM_PROP_cookingpot_big_Collision","Assets/Fantastic Village Pack/3d/collision/SM_PROP_cookingpot_big_Collision.fbx"
True,0,0,1,False,False,190,0,320,0,241,0,667,False,"SM_PROP_cookingpot_city_01","Assets/Fantastic City Pack/3d/Props/SM_PROP_cookingpot_city_01.fbx"
True,0,0,2,False,False,674,0,393,0,479,0,382,False,"SM_PROP_cookingpot_city_02","Assets/Fantastic City Pack/3d/Props/SM_PROP_cookingpot_city_02.fbx"
True,0,0,1,False,False,144,0,335,0,090,0,335,False,"SM_PROP_cookingpot_lid_city_01","Assets/Fantastic City Pack/3d/Props/SM_PROP_cookingpot_lid_city_01.fbx"
True,0,0,3,False,False,862,0,578,0,598,0,629,False,"SM_PROP_cookingpot_small","Assets/Fantastic Village Pack/3d/props/SM_PROP_cookingpot_small.fbx"
True,0,0,1,False,False,28,0,624,0,371,0,624,False,"SM_PROP_cookingpot_small_Collision","Assets/Fantastic Village Pack/3d/collision/SM_PROP_cookingpot_small_Collision.fbx"
True,0,0,1,False,False,280,0,645,0,462,0,891,False,"SM_PROP_crate_01","Assets/Fantastic Village Pack/3d/props/SM_PROP_crate_01.fbx"
True,0,0,1,False,False,28,0,628,0,436,0,842,False,"SM_PROP_crate_01_Collision","Assets/Fantastic Village Pack/3d/collision/SM_PROP_crate_01_Collision.fbx"
True,0,0,2,False,False,760,0,645,0,510,0,891,False,"SM_PROP_crate_02","Assets/Fantastic Village Pack/3d/props/SM_PROP_crate_02.fbx"
True,0,0,2,False,False,696,0,645,0,554,0,891,False,"SM_PROP_crate_03","Assets/Fantastic Village Pack/3d/props/SM_PROP_crate_03.fbx"
True,0,0,2,False,False,808,0,645,0,462,0,891,False,"SM_PROP_crate_04","Assets/Fantastic Village Pack/3d/props/SM_PROP_crate_04.fbx"
True,0,0,2,False,False,848,0,645,0,467,0,891,False,"SM_PROP_crate_05","Assets/Fantastic Village Pack/3d/props/SM_PROP_crate_05.fbx"
True,0,0,1,False,False,52,0,560,0,258,0,710,False,"SM_PROP_crate_city_01","Assets/Fantastic City Pack/3d/Props/SM_PROP_crate_city_01.fbx"
True,0,0,1,False,False,124,0,604,0,277,0,702,False,"SM_PROP_crate_city_02","Assets/Fantastic City Pack/3d/Props/SM_PROP_crate_city_02.fbx"
True,0,0,1,False,False,224,0,777,0,747,0,823,False,"SM_PROP_crate_city_03","Assets/Fantastic City Pack/3d/Props/SM_PROP_crate_city_03.fbx"
True,0,0,1,False,False,208,0,775,0,682,0,823,False,"SM_PROP_crate_city_04","Assets/Fantastic City Pack/3d/Props/SM_PROP_crate_city_04.fbx"
True,0,0,1,False,False,200,0,781,0,487,0,799,False,"SM_PROP_crate_city_05","Assets/Fantastic City Pack/3d/Props/SM_PROP_crate_city_05.fbx"
True,0,0,1,False,False,134,0,904,0,552,0,950,False,"SM_PROP_crate_cover_city","Assets/Fantastic City Pack/3d/Props/SM_PROP_crate_cover_city.fbx"
True,0,0,1,False,False,124,0,161,0,122,0,118,False,"SM_PROP_cup","Assets/Fantastic Village Pack/3d/props/SM_PROP_cup.fbx"
True,0,0,1,False,False,134,0,160,0,074,0,130,False,"SM_PROP_cup_city_01","Assets/Fantastic City Pack/3d/Props/SM_PROP_cup_city_01.fbx"
True,0,0,1,False,False,134,0,192,0,180,0,152,False,"SM_PROP_cup_city_02","Assets/Fantastic City Pack/3d/Props/SM_PROP_cup_city_02.fbx"
True,0,0,1,False,False,393,0,471,0,622,0,471,False,"SM_PROP_cupcake_holder_city","Assets/Fantastic City Pack/3d/Props/SM_PROP_cupcake_holder_city.fbx"
True,0,0,1,False,False,1138,1,920,2,102,0,284,False,"SM_PROP_curtain_city_01","Assets/Fantastic City Pack/3d/Props/SM_PROP_curtain_city_01.fbx"
True,0,0,1,False,False,52,1,797,2,165,0,185,False,"SM_PROP_curtain_city_01_Collision","Assets/Fantastic City Pack/3d/Props/Collision/SM_PROP_curtain_city_01_Collision.fbx"
True,0,0,1,False,False,72,0,490,0,016,0,335,False,"SM_PROP_cuttingboard_city","Assets/Fantastic City Pack/3d/Props/SM_PROP_cuttingboard_city.fbx"
True,0,0,1,False,False,32,0,738,0,018,0,508,False,"SM_PROP_doormat_city","Assets/Fantastic City Pack/3d/Props/SM_PROP_doormat_city.fbx"
True,0,0,1,False,False,535,0,443,1,639,0,440,False,"SM_PROP_dressform_city","Assets/Fantastic City Pack/3d/Props/SM_PROP_dressform_city.fbx"
True,0,0,1,False,False,500,2,679,2,042,1,205,False,"SM_PROP_dryingrack_city","Assets/Fantastic City Pack/3d/Props/SM_PROP_dryingrack_city.fbx"
True,0,0,1,False,False,188,0,763,1,821,0,642,False,"SM_PROP_easel_city","Assets/Fantastic City Pack/3d/Props/SM_PROP_easel_city.fbx"
True,0,0,3,False,False,624,1,998,1,366,0,206,False,"SM_PROP_fence_city_01","Assets/Fantastic City Pack/3d/Props/SM_PROP_fence_city_01.fbx"
True,0,0,1,False,False,224,2,000,1,174,0,131,False,"SM_PROP_fence_city_02","Assets/Fantastic City Pack/3d/Props/SM_PROP_fence_city_02.fbx"
True,0,0,4,False,False,196,2,060,1,164,0,332,False,"SM_PROP_fence_door_gate","Assets/Fantastic Village Pack/3d/props/SM_PROP_fence_door_gate.fbx"
True,0,0,3,False,False,212,2,863,2,010,0,464,False,"SM_PROP_fence_v01_01","Assets/Fantastic Village Pack/3d/props/SM_PROP_fence_v01_01.fbx"
True,0,0,3,False,False,212,2,819,2,012,0,543,False,"SM_PROP_fence_v01_02","Assets/Fantastic Village Pack/3d/props/SM_PROP_fence_v01_02.fbx"
True,0,0,3,False,False,212,2,802,2,054,0,543,False,"SM_PROP_fence_v01_03","Assets/Fantastic Village Pack/3d/props/SM_PROP_fence_v01_03.fbx"
True,0,0,3,False,False,172,2,791,2,016,0,543,False,"SM_PROP_fence_v01_04","Assets/Fantastic Village Pack/3d/props/SM_PROP_fence_v01_04.fbx"
True,0,0,3,False,False,140,3,273,2,020,1,253,False,"SM_PROP_fence_v01_05","Assets/Fantastic Village Pack/3d/props/SM_PROP_fence_v01_05.fbx"
True,0,0,3,False,False,104,2,108,1,169,0,419,False,"SM_PROP_fence_v02_01","Assets/Fantastic Village Pack/3d/props/SM_PROP_fence_v02_01.fbx"
True,0,0,3,False,False,104,2,086,1,169,0,389,False,"SM_PROP_fence_v02_02","Assets/Fantastic Village Pack/3d/props/SM_PROP_fence_v02_02.fbx"
True,0,0,3,False,False,104,2,088,1,169,0,411,False,"SM_PROP_fence_v02_03","Assets/Fantastic Village Pack/3d/props/SM_PROP_fence_v02_03.fbx"
True,0,0,3,False,False,144,2,076,1,169,0,430,False,"SM_PROP_fence_v02_04","Assets/Fantastic Village Pack/3d/props/SM_PROP_fence_v02_04.fbx"
True,0,0,3,False,False,84,2,135,1,169,0,419,False,"SM_PROP_fence_v03_01","Assets/Fantastic Village Pack/3d/props/SM_PROP_fence_v03_01.fbx"
True,0,0,3,False,False,84,2,060,1,169,0,372,False,"SM_PROP_fence_v03_02","Assets/Fantastic Village Pack/3d/props/SM_PROP_fence_v03_02.fbx"
True,0,0,3,False,False,84,2,066,1,169,0,388,False,"SM_PROP_fence_v03_03","Assets/Fantastic Village Pack/3d/props/SM_PROP_fence_v03_03.fbx"
True,0,0,3,False,False,104,2,066,1,169,0,417,False,"SM_PROP_fence_v03_04","Assets/Fantastic Village Pack/3d/props/SM_PROP_fence_v03_04.fbx"
True,0,0,4,False,False,192,5,717,4,014,0,927,False,"SM_PROP_fence_v04_01","Assets/Fantastic Village Pack/3d/props/SM_PROP_fence_v04_01.fbx"
True,0,0,4,False,False,192,5,631,4,017,1,084,False,"SM_PROP_fence_v04_02","Assets/Fantastic Village Pack/3d/props/SM_PROP_fence_v04_02.fbx"
True,0,0,4,False,False,192,5,596,4,103,1,084,False,"SM_PROP_fence_v04_03","Assets/Fantastic Village Pack/3d/props/SM_PROP_fence_v04_03.fbx"
True,0,0,1,False,False,126,1,364,0,234,1,359,False,"SM_PROP_firepit","Assets/Fantastic Village Pack/3d/props/SM_PROP_firepit.fbx"
True,0,0,1,False,False,28,1,425,0,234,1,425,False,"SM_PROP_firepit_Collision","Assets/Fantastic Village Pack/3d/collision/SM_PROP_firepit_Collision.fbx"
True,0,0,1,False,False,84,0,732,0,284,0,664,False,"SM_PROP_firepit_woodpile","Assets/Fantastic Village Pack/3d/props/SM_PROP_firepit_woodpile.fbx"
True,0,0,1,False,False,318,2,315,3,757,2,156,False,"SM_PROP_fireplace_city","Assets/Fantastic City Pack/3d/Props/SM_PROP_fireplace_city.fbx"
True,0,0,6,False,False,470,1,227,5,865,3,775,False,"SM_PROP_flag_01","Assets/Fantastic Village Pack/3d/props/SM_PROP_flag_01.fbx"
True,0,0,6,False,False,470,1,227,5,899,3,775,False,"SM_PROP_flag_02","Assets/Fantastic Village Pack/3d/props/SM_PROP_flag_02.fbx"
True,0,0,3,False,False,186,0,406,6,564,0,755,False,"SM_PROP_flag_03","Assets/Fantastic Village Pack/3d/props/SM_PROP_flag_03.fbx"
True,0,0,3,False,False,186,0,406,6,564,0,755,False,"SM_PROP_flag_04","Assets/Fantastic Village Pack/3d/props/SM_PROP_flag_04.fbx"
True,0,0,3,False,False,186,0,406,6,564,2,859,False,"SM_PROP_flag_05","Assets/Fantastic Village Pack/3d/props/SM_PROP_flag_05.fbx"
True,0,0,3,False,False,186,0,406,6,564,2,859,False,"SM_PROP_flag_06","Assets/Fantastic Village Pack/3d/props/SM_PROP_flag_06.fbx"
True,0,0,2,False,False,214,2,063,2,414,0,145,False,"SM_PROP_flag_city_01","Assets/Fantastic City Pack/3d/Props/SM_PROP_flag_city_01.fbx"
True,0,0,2,False,False,224,1,926,2,680,0,145,False,"SM_PROP_flag_city_02","Assets/Fantastic City Pack/3d/Props/SM_PROP_flag_city_02.fbx"
True,0,0,2,False,False,163,1,904,5,551,0,455,False,"SM_PROP_flag_city_03","Assets/Fantastic City Pack/3d/Props/SM_PROP_flag_city_03.fbx"
True,0,0,2,False,False,231,2,664,5,551,0,412,False,"SM_PROP_flag_city_04","Assets/Fantastic City Pack/3d/Props/SM_PROP_flag_city_04.fbx"
True,0,0,2,False,False,222,2,414,4,856,0,145,False,"SM_PROP_flag_city_05","Assets/Fantastic City Pack/3d/Props/SM_PROP_flag_city_05.fbx"
True,0,0,2,False,False,235,3,581,5,551,0,417,False,"SM_PROP_flag_city_06","Assets/Fantastic City Pack/3d/Props/SM_PROP_flag_city_06.fbx"
True,0,0,1,False,False,80,0,182,0,177,0,182,False,"SM_PROP_food_apple","Assets/Fantastic Village Pack/3d/props/SM_PROP_food_apple.fbx"
True,0,0,1,False,False,40,0,072,0,023,0,213,False,"SM_PROP_food_asparagus_city","Assets/Fantastic City Pack/3d/Props/SM_PROP_food_asparagus_city.fbx"
True,0,0,1,False,False,84,0,147,0,088,0,384,False,"SM_PROP_food_banana_01","Assets/Fantastic Village Pack/3d/props/SM_PROP_food_banana_01.fbx"
True,0,0,1,False,False,420,0,257,0,172,0,374,False,"SM_PROP_food_banana_02","Assets/Fantastic Village Pack/3d/props/SM_PROP_food_banana_02.fbx"
True,0,0,1,False,False,104,0,157,0,187,0,155,False,"SM_PROP_food_bellpepper","Assets/Fantastic Village Pack/3d/props/SM_PROP_food_bellpepper.fbx"
True,0,0,1,False,False,30,0,346,0,097,0,173,False,"SM_PROP_food_bread_01","Assets/Fantastic Village Pack/3d/props/SM_PROP_food_bread_01.fbx"
True,0,0,1,False,False,48,0,346,0,097,0,346,False,"SM_PROP_food_bread_02","Assets/Fantastic Village Pack/3d/props/SM_PROP_food_bread_02.fbx"
True,0,0,1,False,False,40,0,130,0,097,0,067,False,"SM_PROP_food_bread_03","Assets/Fantastic Village Pack/3d/props/SM_PROP_food_bread_03.fbx"
True,0,0,1,False,False,64,0,182,0,116,0,182,False,"SM_PROP_food_bread_04","Assets/Fantastic Village Pack/3d/props/SM_PROP_food_bread_04.fbx"
True,0,0,1,False,False,64,0,182,0,123,0,182,False,"SM_PROP_food_bread_05","Assets/Fantastic Village Pack/3d/props/SM_PROP_food_bread_05.fbx"
True,0,0,1,False,False,24,0,240,0,141,0,068,False,"SM_PROP_food_bread_06","Assets/Fantastic Village Pack/3d/props/SM_PROP_food_bread_06.fbx"
True,0,0,1,False,False,36,0,240,0,141,0,317,False,"SM_PROP_food_bread_07","Assets/Fantastic Village Pack/3d/props/SM_PROP_food_bread_07.fbx"
True,0,0,1,False,False,48,0,235,0,138,0,597,False,"SM_PROP_food_bread_08","Assets/Fantastic Village Pack/3d/props/SM_PROP_food_bread_08.fbx"
True,0,0,1,False,False,48,0,189,0,147,1,043,False,"SM_PROP_food_bread_09","Assets/Fantastic Village Pack/3d/props/SM_PROP_food_bread_09.fbx"
True,0,0,1,False,False,36,0,184,0,141,0,622,False,"SM_PROP_food_bread_10","Assets/Fantastic Village Pack/3d/props/SM_PROP_food_bread_10.fbx"
True,0,0,1,False,False,60,0,206,0,136,0,353,False,"SM_PROP_food_bread_11","Assets/Fantastic Village Pack/3d/props/SM_PROP_food_bread_11.fbx"
True,0,0,1,False,False,64,0,159,0,082,0,139,False,"SM_PROP_food_bread_city_01","Assets/Fantastic City Pack/3d/Props/SM_PROP_food_bread_city_01.fbx"
True,0,0,1,False,False,36,0,030,0,080,0,115,False,"SM_PROP_food_bread_city_02","Assets/Fantastic City Pack/3d/Props/SM_PROP_food_bread_city_02.fbx"
True,0,0,1,False,False,64,0,159,0,082,0,170,False,"SM_PROP_food_bread_city_03","Assets/Fantastic City Pack/3d/Props/SM_PROP_food_bread_city_03.fbx"
True,0,0,1,False,False,82,0,502,0,114,0,216,False,"SM_PROP_food_bread_city_04","Assets/Fantastic City Pack/3d/Props/SM_PROP_food_bread_city_04.fbx"
True,0,0,1,False,False,94,0,305,0,310,0,390,False,"SM_PROP_food_broccoli","Assets/Fantastic Village Pack/3d/props/SM_PROP_food_broccoli.fbx"
True,0,0,1,False,False,84,0,242,0,126,0,911,False,"SM_PROP_food_carrot_01","Assets/Fantastic Village Pack/3d/props/SM_PROP_food_carrot_01.fbx"
True,0,0,1,False,False,60,0,098,0,092,0,392,False,"SM_PROP_food_carrot_02","Assets/Fantastic Village Pack/3d/props/SM_PROP_food_carrot_02.fbx"
True,0,0,1,False,False,120,0,375,0,286,0,374,False,"SM_PROP_food_cauliflower","Assets/Fantastic Village Pack/3d/props/SM_PROP_food_cauliflower.fbx"
True,0,0,1,False,False,32,0,431,0,134,0,431,False,"SM_PROP_food_cheese_01","Assets/Fantastic Village Pack/3d/props/SM_PROP_food_cheese_01.fbx"
True,0,0,1,False,False,36,0,482,0,127,0,481,False,"SM_PROP_food_cheese_02","Assets/Fantastic Village Pack/3d/props/SM_PROP_food_cheese_02.fbx"
True,0,0,1,False,False,20,0,416,0,126,0,164,False,"SM_PROP_food_cheese_03","Assets/Fantastic Village Pack/3d/props/SM_PROP_food_cheese_03.fbx"
True,0,0,1,False,False,12,0,157,0,107,0,157,False,"SM_PROP_food_cheese_04","Assets/Fantastic Village Pack/3d/props/SM_PROP_food_cheese_04.fbx"
True,0,0,1,False,False,8,0,136,0,102,0,079,False,"SM_PROP_food_cheese_05","Assets/Fantastic Village Pack/3d/props/SM_PROP_food_cheese_05.fbx"
True,0,0,1,False,False,8,0,057,0,079,0,093,False,"SM_PROP_food_cheese_06","Assets/Fantastic Village Pack/3d/props/SM_PROP_food_cheese_06.fbx"
True,0,0,1,False,False,84,0,082,0,049,0,225,False,"SM_PROP_food_chili_01","Assets/Fantastic Village Pack/3d/props/SM_PROP_food_chili_01.fbx"
True,0,0,1,False,False,84,0,153,0,156,0,243,False,"SM_PROP_food_chili_02","Assets/Fantastic Village Pack/3d/props/SM_PROP_food_chili_02.fbx"
True,0,0,1,False,False,84,0,148,0,163,0,334,False,"SM_PROP_food_chili_03","Assets/Fantastic Village Pack/3d/props/SM_PROP_food_chili_03.fbx"
True,0,0,1,False,False,84,0,167,0,163,0,313,False,"SM_PROP_food_chili_04","Assets/Fantastic Village Pack/3d/props/SM_PROP_food_chili_04.fbx"
True,0,0,1,False,False,64,0,216,0,206,0,207,False,"SM_PROP_food_coconut_01","Assets/Fantastic Village Pack/3d/props/SM_PROP_food_coconut_01.fbx"
True,0,0,1,False,False,80,0,162,0,095,0,164,False,"SM_PROP_food_coconut_02","Assets/Fantastic Village Pack/3d/props/SM_PROP_food_coconut_02.fbx"
True,0,0,1,False,False,56,0,225,0,123,0,335,False,"SM_PROP_food_corn","Assets/Fantastic Village Pack/3d/props/SM_PROP_food_corn.fbx"
True,0,0,1,False,False,60,0,195,0,074,0,087,False,"SM_PROP_food_croissant_city","Assets/Fantastic City Pack/3d/Props/SM_PROP_food_croissant_city.fbx"
True,0,0,1,False,False,60,0,142,0,117,0,544,False,"SM_PROP_food_cucumber_01","Assets/Fantastic Village Pack/3d/props/SM_PROP_food_cucumber_01.fbx"
True,0,0,1,False,False,36,0,133,0,120,0,316,False,"SM_PROP_food_cucumber_02","Assets/Fantastic Village Pack/3d/props/SM_PROP_food_cucumber_02.fbx"
True,0,0,1,False,False,22,0,127,0,047,0,116,False,"SM_PROP_food_cucumber_03","Assets/Fantastic Village Pack/3d/props/SM_PROP_food_cucumber_03.fbx"
True,0,0,1,False,False,78,0,137,0,097,0,143,False,"SM_PROP_food_cupcake_city_01","Assets/Fantastic City Pack/3d/Props/SM_PROP_food_cupcake_city_01.fbx"
True,0,0,1,False,False,110,0,120,0,115,0,120,False,"SM_PROP_food_cupcake_city_02","Assets/Fantastic City Pack/3d/Props/SM_PROP_food_cupcake_city_02.fbx"
True,0,0,1,False,False,110,0,126,0,128,0,120,False,"SM_PROP_food_cupcake_city_03","Assets/Fantastic City Pack/3d/Props/SM_PROP_food_cupcake_city_03.fbx"
True,0,0,1,False,False,46,0,148,0,077,0,158,False,"SM_PROP_food_donut_city","Assets/Fantastic City Pack/3d/Props/SM_PROP_food_donut_city.fbx"
True,0,0,1,False,False,56,0,201,0,058,0,076,False,"SM_PROP_food_eclair_city","Assets/Fantastic City Pack/3d/Props/SM_PROP_food_eclair_city.fbx"
True,0,0,1,False,False,64,0,099,0,124,0,099,False,"SM_PROP_food_egg_01","Assets/Fantastic Village Pack/3d/props/SM_PROP_food_egg_01.fbx"
True,0,0,1,False,False,96,0,113,0,106,0,112,False,"SM_PROP_food_egg_02","Assets/Fantastic Village Pack/3d/props/SM_PROP_food_egg_02.fbx"
True,0,0,1,False,False,64,0,099,0,124,0,099,False,"SM_PROP_food_egg_03","Assets/Fantastic Village Pack/3d/props/SM_PROP_food_egg_03.fbx"
True,0,0,1,False,False,96,0,113,0,106,0,112,False,"SM_PROP_food_egg_04","Assets/Fantastic Village Pack/3d/props/SM_PROP_food_egg_04.fbx"
True,0,0,1,False,False,32,0,187,0,031,0,220,False,"SM_PROP_food_egg_05","Assets/Fantastic Village Pack/3d/props/SM_PROP_food_egg_05.fbx"
True,0,0,1,False,False,48,0,319,0,118,0,385,False,"SM_PROP_food_fish_01","Assets/Fantastic Village Pack/3d/props/SM_PROP_food_fish_01.fbx"
True,0,0,1,False,False,108,0,405,0,361,0,609,False,"SM_PROP_food_fish_02","Assets/Fantastic Village Pack/3d/props/SM_PROP_food_fish_02.fbx"
True,0,0,1,False,False,228,0,602,0,085,0,182,False,"SM_PROP_food_fish_city_01","Assets/Fantastic City Pack/3d/Props/SM_PROP_food_fish_city_01.fbx"
True,0,0,1,False,False,260,0,832,0,153,0,350,False,"SM_PROP_food_fish_city_02","Assets/Fantastic City Pack/3d/Props/SM_PROP_food_fish_city_02.fbx"
True,0,0,1,False,False,244,0,582,0,124,0,269,False,"SM_PROP_food_fish_city_03","Assets/Fantastic City Pack/3d/Props/SM_PROP_food_fish_city_03.fbx"
True,0,0,1,False,False,192,0,503,0,085,0,182,False,"SM_PROP_food_fish_city_04","Assets/Fantastic City Pack/3d/Props/SM_PROP_food_fish_city_04.fbx"
True,0,0,1,False,False,224,0,679,0,153,0,350,False,"SM_PROP_food_fish_city_05","Assets/Fantastic City Pack/3d/Props/SM_PROP_food_fish_city_05.fbx"
True,0,0,1,False,False,208,0,480,0,124,0,269,False,"SM_PROP_food_fish_city_06","Assets/Fantastic City Pack/3d/Props/SM_PROP_food_fish_city_06.fbx"
True,0,0,1,False,False,88,0,189,0,180,0,189,False,"SM_PROP_food_garlic","Assets/Fantastic Village Pack/3d/props/SM_PROP_food_garlic.fbx"
True,0,0,1,False,False,64,0,147,0,109,0,157,False,"SM_PROP_food_garlic_city_01","Assets/Fantastic City Pack/3d/Props/SM_PROP_food_garlic_city_01.fbx"
True,0,0,1,False,False,708,0,260,0,839,0,277,False,"SM_PROP_food_garlic_city_02","Assets/Fantastic City Pack/3d/Props/SM_PROP_food_garlic_city_02.fbx"
True,0,0,1,False,False,414,0,321,0,226,0,197,False,"SM_PROP_food_grapes_01","Assets/Fantastic Village Pack/3d/props/SM_PROP_food_grapes_01.fbx"
True,0,0,1,False,False,414,0,321,0,226,0,197,False,"SM_PROP_food_grapes_02","Assets/Fantastic Village Pack/3d/props/SM_PROP_food_grapes_02.fbx"
True,0,0,1,False,False,62,0,189,0,227,0,590,False,"SM_PROP_food_leek","Assets/Fantastic Village Pack/3d/props/SM_PROP_food_leek.fbx"
True,0,0,1,False,False,96,0,340,0,160,0,259,False,"SM_PROP_food_lemon_01","Assets/Fantastic Village Pack/3d/props/SM_PROP_food_lemon_01.fbx"
True,0,0,1,False,False,80,0,150,0,129,0,137,False,"SM_PROP_food_lemon_02","Assets/Fantastic Village Pack/3d/props/SM_PROP_food_lemon_02.fbx"
True,0,0,1,False,False,48,0,096,0,140,0,141,False,"SM_PROP_food_lemon_03","Assets/Fantastic Village Pack/3d/props/SM_PROP_food_lemon_03.fbx"
True,0,0,1,False,False,48,0,097,0,052,0,097,False,"SM_PROP_food_lemon_city_01","Assets/Fantastic City Pack/3d/Props/SM_PROP_food_lemon_city_01.fbx"
True,0,0,1,False,False,22,0,031,0,042,0,092,False,"SM_PROP_food_lemon_city_02","Assets/Fantastic City Pack/3d/Props/SM_PROP_food_lemon_city_02.fbx"
True,0,0,1,False,False,66,0,182,0,131,0,365,False,"SM_PROP_food_lettuce_city_01","Assets/Fantastic City Pack/3d/Props/SM_PROP_food_lettuce_city_01.fbx"
True,0,0,1,False,False,64,0,214,0,176,0,229,False,"SM_PROP_food_lettuce_city_02","Assets/Fantastic City Pack/3d/Props/SM_PROP_food_lettuce_city_02.fbx"
True,0,0,1,False,False,80,0,200,0,166,0,166,False,"SM_PROP_food_mango_01","Assets/Fantastic Village Pack/3d/props/SM_PROP_food_mango_01.fbx"
True,0,0,1,False,False,64,0,118,0,175,0,166,False,"SM_PROP_food_mango_02","Assets/Fantastic Village Pack/3d/props/SM_PROP_food_mango_02.fbx"
True,0,0,1,False,False,64,0,304,0,097,0,495,False,"SM_PROP_food_meat_01","Assets/Fantastic Village Pack/3d/props/SM_PROP_food_meat_01.fbx"
True,0,0,1,False,False,192,0,519,0,164,0,577,False,"SM_PROP_food_meat_02","Assets/Fantastic Village Pack/3d/props/SM_PROP_food_meat_02.fbx"
True,0,0,1,False,False,192,0,422,0,405,0,584,False,"SM_PROP_food_meat_03","Assets/Fantastic Village Pack/3d/props/SM_PROP_food_meat_03.fbx"
True,0,0,1,False,False,64,0,368,0,098,0,365,False,"SM_PROP_food_meat_04","Assets/Fantastic Village Pack/3d/props/SM_PROP_food_meat_04.fbx"
True,0,0,1,False,False,124,0,408,0,531,0,706,False,"SM_PROP_food_meat_05","Assets/Fantastic Village Pack/3d/props/SM_PROP_food_meat_05.fbx"
True,0,0,1,False,False,124,0,369,0,387,0,448,False,"SM_PROP_food_meat_06","Assets/Fantastic Village Pack/3d/props/SM_PROP_food_meat_06.fbx"
True,0,0,1,False,False,108,0,194,0,184,0,379,False,"SM_PROP_food_meat_07","Assets/Fantastic Village Pack/3d/props/SM_PROP_food_meat_07.fbx"
True,0,0,1,False,False,64,0,245,0,078,0,386,False,"SM_PROP_food_meat_08","Assets/Fantastic Village Pack/3d/props/SM_PROP_food_meat_08.fbx"
True,0,0,1,False,False,44,0,088,0,019,0,320,False,"SM_PROP_food_meat_09","Assets/Fantastic Village Pack/3d/props/SM_PROP_food_meat_09.fbx"
True,0,0,1,False,False,132,0,266,0,038,0,330,False,"SM_PROP_food_meat_10","Assets/Fantastic Village Pack/3d/props/SM_PROP_food_meat_10.fbx"
True,0,0,1,False,False,64,0,140,0,090,0,340,False,"SM_PROP_food_meat_11","Assets/Fantastic Village Pack/3d/props/SM_PROP_food_meat_11.fbx"
True,0,0,1,False,False,112,0,412,0,223,0,399,False,"SM_PROP_food_meat_city_01","Assets/Fantastic City Pack/3d/Props/SM_PROP_food_meat_city_01.fbx"
True,0,0,1,False,False,64,0,610,0,320,0,382,False,"SM_PROP_food_meat_city_02","Assets/Fantastic City Pack/3d/Props/SM_PROP_food_meat_city_02.fbx"
True,0,0,1,False,False,112,0,412,0,223,0,399,False,"SM_PROP_food_meat_city_03","Assets/Fantastic City Pack/3d/Props/SM_PROP_food_meat_city_03.fbx"
True,0,0,1,False,False,64,0,610,0,320,0,382,False,"SM_PROP_food_meat_city_04","Assets/Fantastic City Pack/3d/Props/SM_PROP_food_meat_city_04.fbx"
True,0,0,1,False,False,60,0,315,0,069,0,387,False,"SM_PROP_food_meat_city_05","Assets/Fantastic City Pack/3d/Props/SM_PROP_food_meat_city_05.fbx"
True,0,0,1,False,False,118,0,123,0,098,0,127,False,"SM_PROP_food_mushroom_01","Assets/Fantastic Village Pack/3d/props/SM_PROP_food_mushroom_01.fbx"
True,0,0,1,False,False,118,0,123,0,098,0,127,False,"SM_PROP_food_mushroom_02","Assets/Fantastic Village Pack/3d/props/SM_PROP_food_mushroom_02.fbx"
True,0,0,1,False,False,64,0,167,0,164,0,179,False,"SM_PROP_food_onion","Assets/Fantastic Village Pack/3d/props/SM_PROP_food_onion.fbx"
True,0,0,1,False,False,80,0,187,0,178,0,176,False,"SM_PROP_food_orange_01","Assets/Fantastic Village Pack/3d/props/SM_PROP_food_orange_01.fbx"
True,0,0,1,False,False,48,0,122,0,187,0,189,False,"SM_PROP_food_orange_02","Assets/Fantastic Village Pack/3d/props/SM_PROP_food_orange_02.fbx"
True,0,0,1,False,False,64,0,069,0,016,0,110,False,"SM_PROP_food_oyster_city","Assets/Fantastic City Pack/3d/Props/SM_PROP_food_oyster_city.fbx"
True,0,0,1,False,False,96,0,147,0,166,0,147,False,"SM_PROP_food_pear","Assets/Fantastic Village Pack/3d/props/SM_PROP_food_pear.fbx"
True,0,0,1,False,False,96,0,091,0,154,0,086,False,"SM_PROP_food_peppershaker_city","Assets/Fantastic City Pack/3d/Props/SM_PROP_food_peppershaker_city.fbx"
True,0,0,1,False,False,12,0,385,0,059,0,385,False,"SM_PROP_food_plane_almonds_city_01","Assets/Fantastic City Pack/3d/Props/SM_PROP_food_plane_almonds_city_01.fbx"
True,0,0,1,False,False,24,0,495,0,078,0,694,False,"SM_PROP_food_plane_almonds_city_02","Assets/Fantastic City Pack/3d/Props/SM_PROP_food_plane_almonds_city_02.fbx"
True,0,0,1,False,False,12,0,385,0,059,0,385,False,"SM_PROP_food_plane_coffee_city_01","Assets/Fantastic City Pack/3d/Props/SM_PROP_food_plane_coffee_city_01.fbx"
True,0,0,1,False,False,24,0,495,0,078,0,694,False,"SM_PROP_food_plane_coffee_city_02","Assets/Fantastic City Pack/3d/Props/SM_PROP_food_plane_coffee_city_02.fbx"
True,0,0,1,False,False,16,0,358,0,025,0,384,False,"SM_PROP_food_plane_ice_city_01","Assets/Fantastic City Pack/3d/Props/SM_PROP_food_plane_ice_city_01.fbx"
True,0,0,1,False,False,24,0,495,0,054,0,694,False,"SM_PROP_food_plane_ice_city_02","Assets/Fantastic City Pack/3d/Props/SM_PROP_food_plane_ice_city_02.fbx"
True,0,0,1,False,False,16,0,239,0,020,0,239,False,"SM_PROP_food_plane_risotto_city","Assets/Fantastic City Pack/3d/Props/SM_PROP_food_plane_risotto_city.fbx"
True,0,0,1,False,False,390,0,303,0,072,0,303,False,"SM_PROP_food_plate_city_01","Assets/Fantastic City Pack/3d/Props/SM_PROP_food_plate_city_01.fbx"
True,0,0,1,False,False,230,0,287,0,051,0,287,False,"SM_PROP_food_plate_city_02","Assets/Fantastic City Pack/3d/Props/SM_PROP_food_plate_city_02.fbx"
True,0,0,1,False,False,860,0,221,0,092,0,210,False,"SM_PROP_food_plate_city_03","Assets/Fantastic City Pack/3d/Props/SM_PROP_food_plate_city_03.fbx"
True,0,0,1,False,False,488,0,287,0,066,0,287,False,"SM_PROP_food_plate_city_04","Assets/Fantastic City Pack/3d/Props/SM_PROP_food_plate_city_04.fbx"
True,0,0,1,False,False,294,0,364,0,140,0,364,False,"SM_PROP_food_plate_city_05","Assets/Fantastic City Pack/3d/Props/SM_PROP_food_plate_city_05.fbx"
True,0,0,1,False,False,580,0,365,0,109,0,373,False,"SM_PROP_food_plate_city_06","Assets/Fantastic City Pack/3d/Props/SM_PROP_food_plate_city_06.fbx"
True,0,0,1,False,False,48,0,082,0,088,0,091,False,"SM_PROP_food_plum","Assets/Fantastic Village Pack/3d/props/SM_PROP_food_plum.fbx"
True,0,0,1,False,False,48,0,144,0,120,0,118,False,"SM_PROP_food_potato_01","Assets/Fantastic Village Pack/3d/props/SM_PROP_food_potato_01.fbx"
True,0,0,1,False,False,48,0,123,0,117,0,123,False,"SM_PROP_food_potato_02","Assets/Fantastic Village Pack/3d/props/SM_PROP_food_potato_02.fbx"
True,0,0,1,False,False,48,0,230,0,156,0,174,False,"SM_PROP_food_potato_03","Assets/Fantastic Village Pack/3d/props/SM_PROP_food_potato_03.fbx"
True,0,0,1,False,False,104,0,631,0,484,0,631,False,"SM_PROP_food_pumpkin_01","Assets/Fantastic Village Pack/3d/props/SM_PROP_food_pumpkin_01.fbx"
True,0,0,1,False,False,104,0,385,0,355,0,387,False,"SM_PROP_food_pumpkin_02","Assets/Fantastic Village Pack/3d/props/SM_PROP_food_pumpkin_02.fbx"
True,0,0,1,False,False,104,0,330,0,216,0,329,False,"SM_PROP_food_pumpkin_03","Assets/Fantastic Village Pack/3d/props/SM_PROP_food_pumpkin_03.fbx"
True,0,0,1,False,False,190,0,451,0,405,0,453,False,"SM_PROP_food_pumpkin_04","Assets/Fantastic Village Pack/3d/props/SM_PROP_food_pumpkin_04.fbx"
True,0,0,1,False,False,64,0,315,0,275,0,315,False,"SM_PROP_food_salad","Assets/Fantastic Village Pack/3d/props/SM_PROP_food_salad.fbx"
True,0,0,1,False,False,60,0,068,0,033,0,145,False,"SM_PROP_food_salmon_city","Assets/Fantastic City Pack/3d/Props/SM_PROP_food_salmon_city.fbx"
True,0,0,1,False,False,96,0,091,0,154,0,086,False,"SM_PROP_food_saltshaker_city","Assets/Fantastic City Pack/3d/Props/SM_PROP_food_saltshaker_city.fbx"
True,0,0,1,False,False,192,0,109,0,063,0,106,False,"SM_PROP_food_sauce_city","Assets/Fantastic City Pack/3d/Props/SM_PROP_food_sauce_city.fbx"
True,0,0,1,False,False,60,0,111,0,081,0,296,False,"SM_PROP_food_sausage_01","Assets/Fantastic Village Pack/3d/props/SM_PROP_food_sausage_01.fbx"
True,0,0,1,False,False,60,0,156,0,081,0,504,False,"SM_PROP_food_sausage_02","Assets/Fantastic Village Pack/3d/props/SM_PROP_food_sausage_02.fbx"
True,0,0,1,False,False,60,0,069,0,130,0,363,False,"SM_PROP_food_sausage_03","Assets/Fantastic Village Pack/3d/props/SM_PROP_food_sausage_03.fbx"
True,0,0,1,False,False,60,0,111,0,081,0,296,False,"SM_PROP_food_sausage_04","Assets/Fantastic Village Pack/3d/props/SM_PROP_food_sausage_04.fbx"
True,0,0,1,False,False,60,0,156,0,081,0,504,False,"SM_PROP_food_sausage_05","Assets/Fantastic Village Pack/3d/props/SM_PROP_food_sausage_05.fbx"
True,0,0,1,False,False,60,0,069,0,130,0,363,False,"SM_PROP_food_sausage_06","Assets/Fantastic Village Pack/3d/props/SM_PROP_food_sausage_06.fbx"
True,0,0,1,False,False,144,0,110,0,032,0,327,False,"SM_PROP_food_sausage_city_01","Assets/Fantastic City Pack/3d/Props/SM_PROP_food_sausage_city_01.fbx"
True,0,0,1,False,False,120,0,181,0,061,0,318,False,"SM_PROP_food_sausage_city_02","Assets/Fantastic City Pack/3d/Props/SM_PROP_food_sausage_city_02.fbx"
True,0,0,1,False,False,132,0,211,0,055,0,290,False,"SM_PROP_food_sausage_city_03","Assets/Fantastic City Pack/3d/Props/SM_PROP_food_sausage_city_03.fbx"
True,0,0,1,False,False,144,0,110,0,032,0,327,False,"SM_PROP_food_sausage_city_04","Assets/Fantastic City Pack/3d/Props/SM_PROP_food_sausage_city_04.fbx"
True,0,0,1,False,False,120,0,181,0,061,0,318,False,"SM_PROP_food_sausage_city_05","Assets/Fantastic City Pack/3d/Props/SM_PROP_food_sausage_city_05.fbx"
True,0,0,1,False,False,132,0,211,0,055,0,290,False,"SM_PROP_food_sausage_city_06","Assets/Fantastic City Pack/3d/Props/SM_PROP_food_sausage_city_06.fbx"
True,0,0,1,False,False,62,0,058,0,021,0,080,False,"SM_PROP_food_shrimp_city","Assets/Fantastic City Pack/3d/Props/SM_PROP_food_shrimp_city.fbx"
True,0,0,1,False,False,86,0,113,0,144,0,467,False,"SM_PROP_food_springonion","Assets/Fantastic Village Pack/3d/props/SM_PROP_food_springonion.fbx"
True,0,0,1,False,False,102,0,120,0,053,0,102,False,"SM_PROP_food_tart_city_01","Assets/Fantastic City Pack/3d/Props/SM_PROP_food_tart_city_01.fbx"
True,0,0,1,False,False,76,0,200,0,204,0,200,False,"SM_PROP_food_tomato","Assets/Fantastic Village Pack/3d/props/SM_PROP_food_tomato.fbx"
True,0,0,1,False,False,72,0,192,0,170,0,633,False,"SM_PROP_food_turnip","Assets/Fantastic Village Pack/3d/props/SM_PROP_food_turnip.fbx"
True,0,0,1,False,False,80,0,505,0,456,0,456,False,"SM_PROP_food_watermelon_01","Assets/Fantastic Village Pack/3d/props/SM_PROP_food_watermelon_01.fbx"
True,0,0,1,False,False,48,0,421,0,421,0,248,False,"SM_PROP_food_watermelon_02","Assets/Fantastic Village Pack/3d/props/SM_PROP_food_watermelon_02.fbx"
True,0,0,1,False,False,14,0,456,0,109,0,229,False,"SM_PROP_food_watermelon_03","Assets/Fantastic Village Pack/3d/props/SM_PROP_food_watermelon_03.fbx"
True,0,0,1,False,False,12,0,259,0,036,0,183,False,"SM_PROP_food_watermelon_04","Assets/Fantastic Village Pack/3d/props/SM_PROP_food_watermelon_04.fbx"
True,0,0,1,False,False,370,2,538,3,712,2,312,False,"SM_PROP_forge_city","Assets/Fantastic City Pack/3d/Props/SM_PROP_forge_city.fbx"
True,0,0,1,False,False,124,0,041,0,018,0,348,False,"SM_PROP_fork_city","Assets/Fantastic City Pack/3d/Props/SM_PROP_fork_city.fbx"
True,0,0,1,False,False,300,3,901,1,057,2,663,False,"SM_PROP_foundation_wood_01","Assets/Fantastic Village Pack/3d/props/SM_PROP_foundation_wood_01.fbx"
True,0,0,1,False,False,16,3,809,0,986,2,512,False,"SM_PROP_foundation_wood_01_Collision","Assets/Fantastic Village Pack/3d/collision/SM_PROP_foundation_wood_01_Collision.fbx"
True,0,0,1,False,False,200,2,681,1,047,2,663,False,"SM_PROP_foundation_wood_02","Assets/Fantastic Village Pack/3d/props/SM_PROP_foundation_wood_02.fbx"
True,0,0,1,False,False,340,5,210,1,054,2,663,False,"SM_PROP_foundation_wood_03","Assets/Fantastic Village Pack/3d/props/SM_PROP_foundation_wood_03.fbx"
True,0,0,1,False,False,16,5,116,0,986,2,512,False,"SM_PROP_foundation_wood_03_Collision","Assets/Fantastic Village Pack/3d/collision/SM_PROP_foundation_wood_03_Collision.fbx"
True,0,0,1,False,False,240,4,187,1,054,2,663,False,"SM_PROP_foundation_wood_04","Assets/Fantastic Village Pack/3d/props/SM_PROP_foundation_wood_04.fbx"
True,0,0,1,False,False,470,5,225,1,054,5,185,False,"SM_PROP_foundation_wood_05","Assets/Fantastic Village Pack/3d/props/SM_PROP_foundation_wood_05.fbx"
True,0,0,1,False,False,24,5,116,0,964,5,013,False,"SM_PROP_foundation_wood_05_Collision","Assets/Fantastic Village Pack/3d/collision/SM_PROP_foundation_wood_05_Collision.fbx"
True,0,0,5,False,False,674,3,901,5,446,3,104,False,"SM_PROP_gallows","Assets/Fantastic Village Pack/3d/props/SM_PROP_gallows.fbx"
True,0,0,1,False,False,60,3,809,5,451,3,038,False,"SM_PROP_gallows_Collision","Assets/Fantastic Village Pack/3d/collision/SM_PROP_gallows_Collision.fbx"
True,0,0,1,False,False,180,0,137,0,261,0,137,False,"SM_PROP_glass_city_01","Assets/Fantastic City Pack/3d/Props/SM_PROP_glass_city_01.fbx"
True,0,0,1,False,False,196,0,103,0,332,0,103,False,"SM_PROP_glass_city_02","Assets/Fantastic City Pack/3d/Props/SM_PROP_glass_city_02.fbx"
True,0,0,1,False,False,78,0,101,0,156,0,101,False,"SM_PROP_glass_city_03","Assets/Fantastic City Pack/3d/Props/SM_PROP_glass_city_03.fbx"
True,0,0,1,False,False,78,0,098,0,094,0,098,False,"SM_PROP_glass_city_04","Assets/Fantastic City Pack/3d/Props/SM_PROP_glass_city_04.fbx"
True,0,0,2,False,False,1076,0,875,1,203,1,167,False,"SM_PROP_grinder_city","Assets/Fantastic City Pack/3d/Props/SM_PROP_grinder_city.fbx"
True,0,0,2,False,False,110,0,226,0,880,0,776,False,"SM_PROP_grinder_paddle_city","Assets/Fantastic City Pack/3d/Props/SM_PROP_grinder_paddle_city.fbx"
True,0,0,1,False,False,176,0,876,0,664,0,664,False,"SM_PROP_grinder_stone_city_Collision","Assets/Fantastic City Pack/3d/Props/Collision/SM_PROP_grinder_stone_city_Collision.fbx"
True,0,0,7,False,False,406,2,023,4,241,2,860,False,"SM_PROP_guillotine","Assets/Fantastic Village Pack/3d/props/SM_PROP_guillotine.fbx"
True,0,0,1,False,False,16,0,215,1,955,1,860,False,"SM_PROP_guillotine_blade_Collision","Assets/Fantastic Village Pack/3d/collision/SM_PROP_guillotine_blade_Collision.fbx"
True,0,0,1,False,False,64,2,083,4,265,2,874,False,"SM_PROP_guillotine_Collision","Assets/Fantastic Village Pack/3d/collision/SM_PROP_guillotine_Collision.fbx"
True,0,0,1,False,False,120,0,335,0,100,0,933,False,"SM_PROP_hammer_city_01","Assets/Fantastic City Pack/3d/Props/SM_PROP_hammer_city_01.fbx"
True,0,0,1,False,False,120,0,416,0,099,0,933,False,"SM_PROP_hammer_city_02","Assets/Fantastic City Pack/3d/Props/SM_PROP_hammer_city_02.fbx"
True,0,0,2,False,False,166,0,400,1,804,2,133,False,"SM_PROP_hangingboard","Assets/Fantastic Village Pack/3d/props/SM_PROP_hangingboard.fbx"
True,0,0,1,False,False,320,1,631,1,228,1,286,False,"SM_PROP_hay_01","Assets/Fantastic Village Pack/3d/props/SM_PROP_hay_01.fbx"
True,0,0,1,False,False,28,1,208,1,055,1,055,False,"SM_PROP_hay_01_Collision","Assets/Fantastic Village Pack/3d/collision/SM_PROP_hay_01_Collision.fbx"
True,0,0,1,False,False,320,0,885,0,609,0,766,False,"SM_PROP_hay_02","Assets/Fantastic Village Pack/3d/props/SM_PROP_hay_02.fbx"
True,0,0,1,False,False,28,0,705,0,468,0,490,False,"SM_PROP_hay_02_Collision","Assets/Fantastic Village Pack/3d/collision/SM_PROP_hay_02_Collision.fbx"
True,0,0,1,False,False,152,0,865,0,575,0,635,False,"SM_PROP_hay_03","Assets/Fantastic Village Pack/3d/props/SM_PROP_hay_03.fbx"
True,0,0,1,False,False,456,0,982,0,994,1,253,False,"SM_PROP_hay_04","Assets/Fantastic Village Pack/3d/props/SM_PROP_hay_04.fbx"
True,0,0,1,False,False,198,2,481,1,303,2,407,False,"SM_PROP_hay_05","Assets/Fantastic Village Pack/3d/props/SM_PROP_hay_05.fbx"
True,0,0,1,False,False,30,2,272,1,266,2,272,False,"SM_PROP_hay_05_Collision","Assets/Fantastic Village Pack/3d/collision/SM_PROP_hay_05_Collision.fbx"
True,0,0,1,False,False,141,1,470,0,333,1,515,False,"SM_PROP_hay_06","Assets/Fantastic Village Pack/3d/props/SM_PROP_hay_06.fbx"
True,0,0,1,False,False,30,1,440,0,306,1,440,False,"SM_PROP_hay_06_Collision","Assets/Fantastic Village Pack/3d/collision/SM_PROP_hay_06_Collision.fbx"
True,0,0,1,False,False,124,1,600,0,951,1,209,False,"SM_PROP_hay_city_01","Assets/Fantastic City Pack/3d/Props/SM_PROP_hay_city_01.fbx"
True,0,0,1,False,False,91,2,718,0,712,2,624,False,"SM_PROP_hay_city_02","Assets/Fantastic City Pack/3d/Props/SM_PROP_hay_city_02.fbx"
True,0,0,1,False,False,6,0,256,0,196,0,539,False,"SM_PROP_herbs_city_01","Assets/Fantastic City Pack/3d/Props/SM_PROP_herbs_city_01.fbx"
True,0,0,1,False,False,6,0,138,0,133,0,545,False,"SM_PROP_herbs_city_02","Assets/Fantastic City Pack/3d/Props/SM_PROP_herbs_city_02.fbx"
True,0,0,1,False,False,6,0,209,0,172,0,518,False,"SM_PROP_herbs_city_03","Assets/Fantastic City Pack/3d/Props/SM_PROP_herbs_city_03.fbx"
True,0,0,1,False,False,6,0,280,0,214,0,450,False,"SM_PROP_herbs_city_04","Assets/Fantastic City Pack/3d/Props/SM_PROP_herbs_city_04.fbx"
True,0,0,1,False,False,100,0,114,0,172,0,043,False,"SM_PROP_hook_city","Assets/Fantastic City Pack/3d/Props/SM_PROP_hook_city.fbx"
True,0,0,1,False,False,1008,7,579,5,162,5,016,False,"SM_PROP_horsestable_city","Assets/Fantastic City Pack/3d/Props/SM_PROP_horsestable_city.fbx"
True,0,0,1,False,False,122,7,499,5,250,4,959,False,"SM_PROP_horsestable_city_Collision","Assets/Fantastic City Pack/3d/Props/Collision/SM_PROP_horsestable_city_Collision.fbx"
True,0,0,3,False,False,376,2,050,1,158,0,332,False,"SM_PROP_horsestation","Assets/Fantastic Village Pack/3d/props/SM_PROP_horsestation.fbx"
True,0,0,1,False,False,40,1,894,1,183,0,306,False,"SM_PROP_horsestation_city","Assets/Fantastic City Pack/3d/Props/SM_PROP_horsestation_city.fbx"
True,0,0,1,False,False,200,0,704,0,985,0,534,False,"SM_PROP_infoboard_city_01","Assets/Fantastic City Pack/3d/Props/SM_PROP_infoboard_city_01.fbx"
True,0,0,1,False,False,200,0,704,0,985,0,534,False,"SM_PROP_infoboard_city_02","Assets/Fantastic City Pack/3d/Props/SM_PROP_infoboard_city_02.fbx"
True,0,0,1,False,False,68,0,687,0,826,0,069,False,"SM_PROP_infoboard_city_03","Assets/Fantastic City Pack/3d/Props/SM_PROP_infoboard_city_03.fbx"
True,0,0,1,False,False,16,1,869,0,998,0,068,False,"SM_PROP_infoboard_city_04","Assets/Fantastic City Pack/3d/Props/SM_PROP_infoboard_city_04.fbx"
True,0,0,1,False,False,10,0,608,0,993,0,068,False,"SM_PROP_infoboard_city_05","Assets/Fantastic City Pack/3d/Props/SM_PROP_infoboard_city_05.fbx"
True,0,0,1,False,False,20,0,180,0,108,0,318,False,"SM_PROP_ingot_copper_city","Assets/Fantastic City Pack/3d/Props/SM_PROP_ingot_copper_city.fbx"
True,0,0,1,False,False,20,0,180,0,108,0,318,False,"SM_PROP_ingot_gold_city","Assets/Fantastic City Pack/3d/Props/SM_PROP_ingot_gold_city.fbx"
True,0,0,1,False,False,20,0,180,0,108,0,318,False,"SM_PROP_ingot_iron_city","Assets/Fantastic City Pack/3d/Props/SM_PROP_ingot_iron_city.fbx"
True,0,0,1,False,False,20,0,180,0,108,0,318,False,"SM_PROP_ingot_steel_city","Assets/Fantastic City Pack/3d/Props/SM_PROP_ingot_steel_city.fbx"
True,0,0,1,False,False,112,0,194,0,278,0,192,False,"SM_PROP_jar_city_01","Assets/Fantastic City Pack/3d/Props/SM_PROP_jar_city_01.fbx"
True,0,0,1,False,False,112,0,183,0,225,0,181,False,"SM_PROP_jar_city_02","Assets/Fantastic City Pack/3d/Props/SM_PROP_jar_city_02.fbx"
True,0,0,1,False,False,96,0,205,0,179,0,203,False,"SM_PROP_jar_city_03","Assets/Fantastic City Pack/3d/Props/SM_PROP_jar_city_03.fbx"
True,0,0,1,False,False,290,0,317,0,371,0,261,False,"SM_PROP_jug_city_01","Assets/Fantastic City Pack/3d/Props/SM_PROP_jug_city_01.fbx"
True,0,0,1,False,False,290,0,347,0,322,0,320,False,"SM_PROP_jug_city_02","Assets/Fantastic City Pack/3d/Props/SM_PROP_jug_city_02.fbx"
True,0,0,2,False,False,42,0,703,0,051,0,272,False,"SM_PROP_knife_01","Assets/Fantastic Village Pack/3d/props/SM_PROP_knife_01.fbx"
True,0,0,2,False,False,72,0,740,0,051,0,156,False,"SM_PROP_knife_02","Assets/Fantastic Village Pack/3d/props/SM_PROP_knife_02.fbx"
True,0,0,1,False,False,72,0,061,0,050,0,568,False,"SM_PROP_knife_city_01","Assets/Fantastic City Pack/3d/Props/SM_PROP_knife_city_01.fbx"
True,0,0,1,False,False,90,0,188,0,066,0,589,False,"SM_PROP_knife_city_02","Assets/Fantastic City Pack/3d/Props/SM_PROP_knife_city_02.fbx"
True,0,0,1,False,False,94,0,043,0,010,0,351,False,"SM_PROP_knife_city_03","Assets/Fantastic City Pack/3d/Props/SM_PROP_knife_city_03.fbx"
True,0,0,1,False,False,180,1,092,3,247,0,210,False,"SM_PROP_ladder","Assets/Fantastic Village Pack/3d/props/SM_PROP_ladder.fbx"
True,0,0,1,False,False,204,0,697,2,406,0,156,False,"SM_PROP_ladder_city_01","Assets/Fantastic City Pack/3d/Props/SM_PROP_ladder_city_01.fbx"
True,0,0,2,False,False,204,0,508,0,936,0,586,False,"SM_PROP_lantern_01","Assets/Fantastic Village Pack/3d/props/SM_PROP_lantern_01.fbx"
True,0,0,2,False,False,216,0,508,0,939,0,586,False,"SM_PROP_lantern_02","Assets/Fantastic Village Pack/3d/props/SM_PROP_lantern_02.fbx"
True,0,0,2,False,False,252,0,508,0,938,0,586,False,"SM_PROP_lantern_03","Assets/Fantastic Village Pack/3d/props/SM_PROP_lantern_03.fbx"
True,0,0,2,False,False,324,0,508,0,939,0,586,False,"SM_PROP_lantern_04","Assets/Fantastic Village Pack/3d/props/SM_PROP_lantern_04.fbx"
True,0,0,1,False,False,792,0,497,3,677,0,497,False,"SM_PROP_lantern_city_01","Assets/Fantastic City Pack/3d/Props/SM_PROP_lantern_city_01.fbx"
True,0,0,1,False,False,1260,1,516,3,823,0,497,False,"SM_PROP_lantern_city_02","Assets/Fantastic City Pack/3d/Props/SM_PROP_lantern_city_02.fbx"
True,0,0,1,False,False,940,0,381,1,177,0,938,False,"SM_PROP_lantern_city_03","Assets/Fantastic City Pack/3d/Props/SM_PROP_lantern_city_03.fbx"
True,0,0,1,False,False,680,0,369,1,332,0,907,False,"SM_PROP_lantern_city_04","Assets/Fantastic City Pack/3d/Props/SM_PROP_lantern_city_04.fbx"
True,0,0,1,False,False,834,0,353,1,153,0,369,False,"SM_PROP_lantern_city_05","Assets/Fantastic City Pack/3d/Props/SM_PROP_lantern_city_05.fbx"
True,0,0,2,False,False,1575,1,866,3,886,0,497,False,"SM_PROP_lantern_flag_city","Assets/Fantastic City Pack/3d/Props/SM_PROP_lantern_flag_city.fbx"
True,0,0,1,False,False,274,0,369,0,667,0,413,False,"SM_PROP_lantern_orb_city","Assets/Fantastic City Pack/3d/Props/SM_PROP_lantern_orb_city.fbx"
True,0,0,1,False,False,60,0,397,0,023,0,403,False,"SM_PROP_leather_city","Assets/Fantastic City Pack/3d/Props/SM_PROP_leather_city.fbx"
True,0,0,1,False,False,30,0,297,0,015,0,205,False,"SM_PROP_letter_city","Assets/Fantastic City Pack/3d/Props/SM_PROP_letter_city.fbx"
True,0,0,1,False,False,146,0,879,0,412,0,705,False,"SM_PROP_logpile_city_01","Assets/Fantastic City Pack/3d/Props/SM_PROP_logpile_city_01.fbx"
True,0,0,1,False,False,12,0,197,0,147,0,526,False,"SM_PROP_logpile_city_02","Assets/Fantastic City Pack/3d/Props/SM_PROP_logpile_city_02.fbx"
True,0,0,1,False,False,60,1,065,0,261,1,004,False,"SM_PROP_logpile_city_03","Assets/Fantastic City Pack/3d/Props/SM_PROP_logpile_city_03.fbx"
True,0,0,3,False,False,280,0,671,1,511,0,362,False,"SM_PROP_mailbox","Assets/Fantastic Village Pack/3d/props/SM_PROP_mailbox.fbx"
True,0,0,1,False,False,930,0,985,1,457,0,918,False,"SM_PROP_mailbox_city_01","Assets/Fantastic City Pack/3d/Props/SM_PROP_mailbox_city_01.fbx"
True,0,0,1,False,False,98,0,430,0,583,0,214,False,"SM_PROP_mailbox_city_02","Assets/Fantastic City Pack/3d/Props/SM_PROP_mailbox_city_02.fbx"
True,0,0,1,False,False,160,3,164,0,970,1,189,False,"SM_PROP_market_shelf_01","Assets/Fantastic Village Pack/3d/props/SM_PROP_market_shelf_01.fbx"
True,0,0,1,False,False,120,2,929,0,801,1,117,False,"SM_PROP_market_shelf_02","Assets/Fantastic Village Pack/3d/props/SM_PROP_market_shelf_02.fbx"
True,0,0,1,False,False,62,2,889,0,804,1,159,False,"SM_PROP_market_shelf_02_Collision","Assets/Fantastic Village Pack/3d/collision/SM_PROP_market_shelf_02_Collision.fbx"
True,0,0,1,False,False,232,2,929,1,595,1,117,False,"SM_PROP_market_shelf_03","Assets/Fantastic Village Pack/3d/props/SM_PROP_market_shelf_03.fbx"
True,0,0,1,False,False,84,2,889,1,603,1,159,False,"SM_PROP_market_shelf_03_Collision","Assets/Fantastic Village Pack/3d/collision/SM_PROP_market_shelf_03_Collision.fbx"
True,0,0,4,False,False,772,4,206,3,499,3,619,False,"SM_PROP_market_v01_01","Assets/Fantastic Village Pack/3d/props/SM_PROP_market_v01_01.fbx"
True,0,0,3,False,False,642,3,914,3,474,3,619,False,"SM_PROP_market_v01_02","Assets/Fantastic Village Pack/3d/props/SM_PROP_market_v01_02.fbx"
True,0,0,4,False,False,624,4,206,3,475,3,619,False,"SM_PROP_market_v02_01","Assets/Fantastic Village Pack/3d/props/SM_PROP_market_v02_01.fbx"
True,0,0,3,False,False,494,3,914,3,451,3,619,False,"SM_PROP_market_v02_02","Assets/Fantastic Village Pack/3d/props/SM_PROP_market_v02_02.fbx"
True,0,0,4,False,False,1176,3,706,3,821,3,697,False,"SM_PROP_market_v03_01","Assets/Fantastic Village Pack/3d/props/SM_PROP_market_v03_01.fbx"
True,0,0,4,False,False,1176,3,706,3,821,3,697,False,"SM_PROP_market_v03_02","Assets/Fantastic Village Pack/3d/props/SM_PROP_market_v03_02.fbx"
True,0,0,1,False,False,116,3,736,3,826,3,611,False,"SM_PROP_market_v03_Collision","Assets/Fantastic Village Pack/3d/collision/SM_PROP_market_v03_Collision.fbx"
True,0,0,4,False,False,1436,6,679,3,775,3,491,False,"SM_PROP_market_v04_01","Assets/Fantastic Village Pack/3d/props/SM_PROP_market_v04_01.fbx"
True,0,0,1,False,False,164,6,757,3,826,3,611,False,"SM_PROP_market_v04_01_Collision","Assets/Fantastic Village Pack/3d/collision/SM_PROP_market_v04_01_Collision.fbx"
True,0,0,3,False,False,1364,6,679,3,775,3,491,False,"SM_PROP_market_v04_02","Assets/Fantastic Village Pack/3d/props/SM_PROP_market_v04_02.fbx"
True,0,0,1,False,False,220,6,757,3,826,3,580,False,"SM_PROP_market_v04_02_Collision","Assets/Fantastic Village Pack/3d/collision/SM_PROP_market_v04_02_Collision.fbx"
True,0,0,1,False,False,732,2,307,1,783,0,803,False,"SM_PROP_marketshelf_city_01","Assets/Fantastic City Pack/3d/Props/SM_PROP_marketshelf_city_01.fbx"
True,0,0,1,False,False,264,2,307,1,782,0,788,False,"SM_PROP_marketshelf_city_02","Assets/Fantastic City Pack/3d/Props/SM_PROP_marketshelf_city_02.fbx"
True,0,0,1,False,False,488,2,471,2,880,1,202,False,"SM_PROP_marketstall_city_01","Assets/Fantastic City Pack/3d/Props/SM_PROP_marketstall_city_01.fbx"
True,0,0,1,False,False,360,2,373,0,801,1,440,False,"SM_PROP_marketstall_city_02","Assets/Fantastic City Pack/3d/Props/SM_PROP_marketstall_city_02.fbx"
True,0,0,1,False,False,1068,2,543,2,991,2,941,False,"SM_PROP_marketstall_city_03","Assets/Fantastic City Pack/3d/Props/SM_PROP_marketstall_city_03.fbx"
True,0,0,1,False,False,128,2,491,2,974,2,947,False,"SM_PROP_marketstall_city_03_Collision","Assets/Fantastic City Pack/3d/Props/Collision/SM_PROP_marketstall_city_03_Collision.fbx"
True,0,0,1,False,False,436,2,543,2,928,2,637,False,"SM_PROP_marketstall_city_04","Assets/Fantastic City Pack/3d/Props/SM_PROP_marketstall_city_04.fbx"
True,0,0,1,False,False,112,2,388,2,926,2,682,False,"SM_PROP_marketstall_city_04_Collision","Assets/Fantastic City Pack/3d/Props/Collision/SM_PROP_marketstall_city_04_Collision.fbx"
True,0,0,1,False,False,94,0,225,0,138,0,219,False,"SM_PROP_mortar_city","Assets/Fantastic City Pack/3d/Props/SM_PROP_mortar_city.fbx"
True,0,0,1,False,False,24,0,060,0,070,0,242,False,"SM_PROP_mortar_pestle_city","Assets/Fantastic City Pack/3d/Props/SM_PROP_mortar_pestle_city.fbx"
True,0,0,1,False,False,56,0,142,0,029,0,297,False,"SM_PROP_napking_city_01","Assets/Fantastic City Pack/3d/Props/SM_PROP_napking_city_01.fbx"
True,0,0,1,False,False,58,0,263,0,031,0,270,False,"SM_PROP_napking_city_02","Assets/Fantastic City Pack/3d/Props/SM_PROP_napking_city_02.fbx"
True,0,0,1,False,False,58,0,580,0,059,0,513,False,"SM_PROP_newspaper_city","Assets/Fantastic City Pack/3d/Props/SM_PROP_newspaper_city.fbx"
True,0,0,3,False,False,544,1,908,2,725,1,669,False,"SM_PROP_outhouse","Assets/Fantastic Village Pack/3d/props/SM_PROP_outhouse.fbx"
True,0,0,1,False,False,96,1,922,2,742,1,704,False,"SM_PROP_outhouse_Collision","Assets/Fantastic Village Pack/3d/collision/SM_PROP_outhouse_Collision.fbx"
True,0,0,1,False,False,20,0,876,1,982,0,165,False,"SM_PROP_outhouse_door_Collision","Assets/Fantastic Village Pack/3d/collision/SM_PROP_outhouse_door_Collision.fbx"
True,0,0,1,False,False,48,0,421,0,298,0,367,False,"SM_PROP_package_city","Assets/Fantastic City Pack/3d/Props/SM_PROP_package_city.fbx"
True,0,0,1,False,False,60,0,451,0,009,0,327,False,"SM_PROP_paint_palette_city","Assets/Fantastic City Pack/3d/Props/SM_PROP_paint_palette_city.fbx"
True,0,0,1,False,False,96,0,725,0,912,0,069,False,"SM_PROP_painting_city_01","Assets/Fantastic City Pack/3d/Props/SM_PROP_painting_city_01.fbx"
True,0,0,1,False,False,96,1,407,1,004,0,091,False,"SM_PROP_painting_city_02","Assets/Fantastic City Pack/3d/Props/SM_PROP_painting_city_02.fbx"
True,0,0,1,False,False,110,0,255,0,295,0,127,False,"SM_PROP_painting_city_04","Assets/Fantastic City Pack/3d/Props/SM_PROP_painting_city_04.fbx"
True,0,0,2,False,False,252,0,438,0,253,0,739,False,"SM_PROP_pan","Assets/Fantastic Village Pack/3d/props/SM_PROP_pan.fbx"
True,0,0,1,False,False,166,0,420,0,075,0,721,False,"SM_PROP_pan_city","Assets/Fantastic City Pack/3d/Props/SM_PROP_pan_city.fbx"
True,0,0,1,False,False,8,0,406,0,084,0,514,False,"SM_PROP_paper_01","Assets/Fantastic Village Pack/3d/props/SM_PROP_paper_01.fbx"
True,0,0,1,False,False,8,0,375,0,075,0,496,False,"SM_PROP_paper_02","Assets/Fantastic Village Pack/3d/props/SM_PROP_paper_02.fbx"
True,0,0,1,False,False,44,0,466,0,186,0,545,False,"SM_PROP_paper_03","Assets/Fantastic Village Pack/3d/props/SM_PROP_paper_03.fbx"
True,0,0,1,False,False,44,0,533,0,169,0,201,False,"SM_PROP_paper_04","Assets/Fantastic Village Pack/3d/props/SM_PROP_paper_04.fbx"
True,0,0,1,False,False,8,0,329,0,507,0,031,False,"SM_PROP_paper_city_01","Assets/Fantastic City Pack/3d/Props/SM_PROP_paper_city_01.fbx"
True,0,0,1,False,False,8,0,349,0,487,0,054,False,"SM_PROP_paper_city_02","Assets/Fantastic City Pack/3d/Props/SM_PROP_paper_city_02.fbx"
True,0,0,1,False,False,8,0,355,0,522,0,026,False,"SM_PROP_paper_city_03","Assets/Fantastic City Pack/3d/Props/SM_PROP_paper_city_03.fbx"
True,0,0,1,False,False,56,1,248,0,918,0,066,False,"SM_PROP_paper_city_04","Assets/Fantastic City Pack/3d/Props/SM_PROP_paper_city_04.fbx"
True,0,0,1,False,False,24,0,015,0,016,0,252,False,"SM_PROP_pencil_city","Assets/Fantastic City Pack/3d/Props/SM_PROP_pencil_city.fbx"
True,0,0,1,False,False,200,0,891,0,196,1,240,False,"SM_PROP_pickaxe_city","Assets/Fantastic City Pack/3d/Props/SM_PROP_pickaxe_city.fbx"
True,0,0,2,False,False,142,0,374,0,174,1,736,False,"SM_PROP_pitchfork","Assets/Fantastic Village Pack/3d/props/SM_PROP_pitchfork.fbx"
True,0,0,1,False,False,44,0,392,0,165,1,739,False,"SM_PROP_pitchfork_Collision","Assets/Fantastic Village Pack/3d/collision/SM_PROP_pitchfork_Collision.fbx"
True,0,0,1,False,False,28,1,878,0,086,0,402,False,"SM_PROP_plank_city_01","Assets/Fantastic City Pack/3d/Props/SM_PROP_plank_city_01.fbx"
True,0,0,1,False,False,28,0,837,0,209,0,212,False,"SM_PROP_plank_city_02","Assets/Fantastic City Pack/3d/Props/SM_PROP_plank_city_02.fbx"
True,0,0,1,False,False,40,1,920,0,371,1,038,False,"SM_PROP_planks_01","Assets/Fantastic Village Pack/3d/props/SM_PROP_planks_01.fbx"
True,0,0,1,False,False,60,1,903,0,264,1,899,False,"SM_PROP_planks_02","Assets/Fantastic Village Pack/3d/props/SM_PROP_planks_02.fbx"
True,0,0,1,False,False,20,1,793,0,121,1,085,False,"SM_PROP_planks_03","Assets/Fantastic Village Pack/3d/props/SM_PROP_planks_03.fbx"
True,0,0,2,False,False,182,0,949,0,789,0,917,False,"SM_PROP_plant_pot_city_01","Assets/Fantastic City Pack/3d/Props/SM_PROP_plant_pot_city_01.fbx"
True,0,0,2,False,False,360,0,525,0,858,0,606,False,"SM_PROP_plant_pot_city_02","Assets/Fantastic City Pack/3d/Props/SM_PROP_plant_pot_city_02.fbx"
True,0,0,2,False,False,424,0,567,0,792,0,566,False,"SM_PROP_plant_pot_city_03","Assets/Fantastic City Pack/3d/Props/SM_PROP_plant_pot_city_03.fbx"
True,0,0,2,False,False,148,1,049,0,719,0,637,False,"SM_PROP_plant_pot_city_04","Assets/Fantastic City Pack/3d/Props/SM_PROP_plant_pot_city_04.fbx"
True,0,0,2,False,False,436,0,989,2,461,1,021,False,"SM_PROP_plant_pot_city_05","Assets/Fantastic City Pack/3d/Props/SM_PROP_plant_pot_city_05.fbx"
True,0,0,2,False,False,330,1,264,2,037,1,175,False,"SM_PROP_plant_pot_city_06","Assets/Fantastic City Pack/3d/Props/SM_PROP_plant_pot_city_06.fbx"
True,0,0,2,False,False,448,1,217,1,298,1,228,False,"SM_PROP_plant_pot_city_07","Assets/Fantastic City Pack/3d/Props/SM_PROP_plant_pot_city_07.fbx"
True,0,0,2,False,False,308,1,282,0,981,0,883,False,"SM_PROP_plant_pot_city_08","Assets/Fantastic City Pack/3d/Props/SM_PROP_plant_pot_city_08.fbx"
True,0,0,2,False,False,376,1,691,1,327,1,066,False,"SM_PROP_plant_pot_city_09","Assets/Fantastic City Pack/3d/Props/SM_PROP_plant_pot_city_09.fbx"
True,0,0,2,False,False,280,1,768,1,118,1,088,False,"SM_PROP_plant_pot_city_10","Assets/Fantastic City Pack/3d/Props/SM_PROP_plant_pot_city_10.fbx"
True,0,0,1,False,False,192,0,582,0,505,0,597,False,"SM_PROP_plant_pot_city_11","Assets/Fantastic City Pack/3d/Props/SM_PROP_plant_pot_city_11.fbx"
True,0,0,1,False,False,192,0,582,0,700,0,597,False,"SM_PROP_plant_pot_city_12","Assets/Fantastic City Pack/3d/Props/SM_PROP_plant_pot_city_12.fbx"
True,0,0,1,False,False,108,0,275,1,397,0,272,False,"SM_PROP_plant_pot_holder_city","Assets/Fantastic City Pack/3d/Props/SM_PROP_plant_pot_holder_city.fbx"
True,0,0,2,False,False,180,1,064,0,404,0,599,False,"SM_PROP_PLANT_pot_v1_01","Assets/Fantastic Village Pack/3d/props/SM_PROP_PLANT_pot_v1_01.fbx"
True,0,0,2,False,False,180,1,055,0,400,0,599,False,"SM_PROP_PLANT_pot_v1_02","Assets/Fantastic Village Pack/3d/props/SM_PROP_PLANT_pot_v1_02.fbx"
True,0,0,2,False,False,180,1,087,0,429,0,599,False,"SM_PROP_PLANT_pot_v1_03","Assets/Fantastic Village Pack/3d/props/SM_PROP_PLANT_pot_v1_03.fbx"
True,0,0,2,False,False,180,1,121,0,401,0,599,False,"SM_PROP_PLANT_pot_v1_04","Assets/Fantastic Village Pack/3d/props/SM_PROP_PLANT_pot_v1_04.fbx"
True,0,0,2,False,False,128,0,835,0,751,0,756,False,"SM_PROP_PLANT_pot_v2_01","Assets/Fantastic Village Pack/3d/props/SM_PROP_PLANT_pot_v2_01.fbx"
True,0,0,2,False,False,128,0,767,0,705,0,788,False,"SM_PROP_PLANT_pot_v2_02","Assets/Fantastic Village Pack/3d/props/SM_PROP_PLANT_pot_v2_02.fbx"
True,0,0,2,False,False,128,0,778,0,663,0,768,False,"SM_PROP_PLANT_pot_v2_03","Assets/Fantastic Village Pack/3d/props/SM_PROP_PLANT_pot_v2_03.fbx"
True,0,0,2,False,False,128,0,772,0,676,0,737,False,"SM_PROP_PLANT_pot_v2_04","Assets/Fantastic Village Pack/3d/props/SM_PROP_PLANT_pot_v2_04.fbx"
True,0,0,2,False,False,215,1,227,1,302,1,163,False,"SM_PROP_PLANT_pot_v3_01","Assets/Fantastic Village Pack/3d/props/SM_PROP_PLANT_pot_v3_01.fbx"
True,0,0,2,False,False,215,1,227,1,302,1,163,False,"SM_PROP_PLANT_pot_v3_02","Assets/Fantastic Village Pack/3d/props/SM_PROP_PLANT_pot_v3_02.fbx"
True,0,0,2,False,False,215,1,227,1,302,1,163,False,"SM_PROP_PLANT_pot_v3_03","Assets/Fantastic Village Pack/3d/props/SM_PROP_PLANT_pot_v3_03.fbx"
True,0,0,2,False,False,215,1,227,1,302,1,163,False,"SM_PROP_PLANT_pot_v3_04","Assets/Fantastic Village Pack/3d/props/SM_PROP_PLANT_pot_v3_04.fbx"
True,0,0,2,False,False,556,1,601,0,773,0,683,False,"SM_PROP_PLANT_pot_v4_01","Assets/Fantastic Village Pack/3d/props/SM_PROP_PLANT_pot_v4_01.fbx"
True,0,0,2,False,False,380,1,258,0,831,0,781,False,"SM_PROP_PLANT_pot_v5_01","Assets/Fantastic Village Pack/3d/props/SM_PROP_PLANT_pot_v5_01.fbx"
True,0,0,2,False,False,232,0,764,0,943,0,764,False,"SM_PROP_PLANT_pot_v6_01","Assets/Fantastic Village Pack/3d/props/SM_PROP_PLANT_pot_v6_01.fbx"
True,0,0,1,False,False,128,0,840,0,726,0,839,False,"SM_PROP_planter_base_city_02","Assets/Fantastic City Pack/3d/Props/SM_PROP_planter_base_city_02.fbx"
True,0,0,1,False,False,128,2,122,0,631,0,827,False,"SM_PROP_planter_city_01","Assets/Fantastic City Pack/3d/Props/SM_PROP_planter_city_01.fbx"
True,0,0,1,False,False,160,0,271,0,092,0,250,False,"SM_PROP_plate_city_01","Assets/Fantastic City Pack/3d/Props/SM_PROP_plate_city_01.fbx"
True,0,0,1,False,False,160,0,296,0,091,0,290,False,"SM_PROP_plate_city_02","Assets/Fantastic City Pack/3d/Props/SM_PROP_plate_city_02.fbx"
True,0,0,1,False,False,160,0,282,0,040,0,293,False,"SM_PROP_plate_city_03","Assets/Fantastic City Pack/3d/Props/SM_PROP_plate_city_03.fbx"
True,0,0,1,False,False,128,0,287,0,024,0,287,False,"SM_PROP_plate_city_04","Assets/Fantastic City Pack/3d/Props/SM_PROP_plate_city_04.fbx"
True,0,0,1,False,False,128,0,186,0,055,0,186,False,"SM_PROP_plate_city_05","Assets/Fantastic City Pack/3d/Props/SM_PROP_plate_city_05.fbx"
True,0,0,1,False,False,64,0,675,0,096,0,626,False,"SM_PROP_plate_metal_01","Assets/Fantastic Village Pack/3d/props/SM_PROP_plate_metal_01.fbx"
True,0,0,1,False,False,64,0,374,0,051,0,353,False,"SM_PROP_plate_metal_02","Assets/Fantastic Village Pack/3d/props/SM_PROP_plate_metal_02.fbx"
True,0,0,1,False,False,64,0,321,0,053,0,314,False,"SM_PROP_plate_wood","Assets/Fantastic Village Pack/3d/props/SM_PROP_plate_wood.fbx"
True,0,0,2,False,False,170,0,115,0,036,0,834,False,"SM_PROP_pliers_city","Assets/Fantastic City Pack/3d/Props/SM_PROP_pliers_city.fbx"
True,0,0,1,False,False,232,0,261,0,850,0,261,False,"SM_PROP_post_city_01","Assets/Fantastic City Pack/3d/Props/SM_PROP_post_city_01.fbx"
True,0,0,2,False,False,30,0,372,0,533,0,257,False,"SM_PROP_poster_01","Assets/Fantastic Village Pack/3d/props/SM_PROP_poster_01.fbx"
True,0,0,2,False,False,30,0,401,0,533,0,277,False,"SM_PROP_poster_02","Assets/Fantastic Village Pack/3d/props/SM_PROP_poster_02.fbx"
True,0,0,1,False,False,216,0,582,0,505,0,597,False,"SM_PROP_pot_city_01","Assets/Fantastic City Pack/3d/Props/SM_PROP_pot_city_01.fbx"
True,0,0,1,False,False,264,0,484,0,714,0,498,False,"SM_PROP_pot_city_02","Assets/Fantastic City Pack/3d/Props/SM_PROP_pot_city_02.fbx"
True,0,0,1,False,False,220,0,671,0,506,0,668,False,"SM_PROP_pot_city_03","Assets/Fantastic City Pack/3d/Props/SM_PROP_pot_city_03.fbx"
True,0,0,1,False,False,280,0,484,0,715,0,498,False,"SM_PROP_pot_city_04","Assets/Fantastic City Pack/3d/Props/SM_PROP_pot_city_04.fbx"
True,0,0,1,False,False,100,0,412,1,035,3,095,False,"SM_PROP_railing_v01_01","Assets/Fantastic Village Pack/3d/props/SM_PROP_railing_v01_01.fbx"
True,0,0,1,False,False,100,0,336,1,157,3,100,False,"SM_PROP_railing_v01_02","Assets/Fantastic Village Pack/3d/props/SM_PROP_railing_v01_02.fbx"
True,0,0,2,False,False,220,0,379,1,039,3,181,False,"SM_PROP_railing_v02_01","Assets/Fantastic Village Pack/3d/props/SM_PROP_railing_v02_01.fbx"
True,0,0,2,False,False,220,0,370,1,036,3,154,False,"SM_PROP_railing_v02_02","Assets/Fantastic Village Pack/3d/props/SM_PROP_railing_v02_02.fbx"
True,0,0,2,False,False,144,0,341,1,034,2,010,False,"SM_PROP_railing_v03_01","Assets/Fantastic Village Pack/3d/props/SM_PROP_railing_v03_01.fbx"
True,0,0,2,False,False,144,0,370,1,015,1,872,False,"SM_PROP_railing_v03_02","Assets/Fantastic Village Pack/3d/props/SM_PROP_railing_v03_02.fbx"
True,0,0,3,False,False,310,0,608,0,815,0,339,False,"SM_PROP_reading_stand_city","Assets/Fantastic City Pack/3d/Props/SM_PROP_reading_stand_city.fbx"
True,0,0,1,False,False,266,0,267,0,027,0,232,False,"SM_PROP_rope_city_01","Assets/Fantastic City Pack/3d/Props/SM_PROP_rope_city_01.fbx"
True,0,0,1,False,False,318,4,908,1,001,0,238,False,"SM_PROP_rope_decoration_city_01","Assets/Fantastic City Pack/3d/Props/SM_PROP_rope_decoration_city_01.fbx"
True,0,0,1,False,False,228,4,908,0,654,0,238,False,"SM_PROP_rope_decoration_city_02","Assets/Fantastic City Pack/3d/Props/SM_PROP_rope_decoration_city_02.fbx"
True,0,0,1,False,False,68,4,933,0,697,0,238,False,"SM_PROP_rope_decoration_city_02_Collision","Assets/Fantastic City Pack/3d/Props/Collision/SM_PROP_rope_decoration_city_02_Collision.fbx"
True,0,0,1,False,False,1648,4,908,1,198,0,450,False,"SM_PROP_rope_decoration_city_03","Assets/Fantastic City Pack/3d/Props/SM_PROP_rope_decoration_city_03.fbx"
True,0,0,1,False,False,874,4,908,2,001,0,240,False,"SM_PROP_rope_decoration_city_04","Assets/Fantastic City Pack/3d/Props/SM_PROP_rope_decoration_city_04.fbx"
True,0,0,11,False,False,1440,3,782,2,243,4,060,False,"SM_PROP_rowboat","Assets/Fantastic Village Pack/3d/props/SM_PROP_rowboat.fbx"
True,0,0,1,False,False,178,1,874,2,212,4,093,False,"SM_PROP_rowboat_Collision","Assets/Fantastic Village Pack/3d/collision/SM_PROP_rowboat_Collision.fbx"
True,0,0,1,False,False,28,2,056,2,165,2,083,False,"SM_PROP_rowboat_paddle_01_Collision","Assets/Fantastic Village Pack/3d/collision/SM_PROP_rowboat_paddle_01_Collision.fbx"
True,0,0,1,False,False,28,1,776,2,165,2,304,False,"SM_PROP_rowboat_paddle_02_Collision","Assets/Fantastic Village Pack/3d/collision/SM_PROP_rowboat_paddle_02_Collision.fbx"
True,0,0,2,False,False,122,0,627,0,493,0,701,False,"SM_PROP_sack_01","Assets/Fantastic Village Pack/3d/props/SM_PROP_sack_01.fbx"
True,0,0,2,False,False,122,0,627,0,493,0,701,False,"SM_PROP_sack_02","Assets/Fantastic Village Pack/3d/props/SM_PROP_sack_02.fbx"
True,0,0,2,False,False,122,0,627,0,493,0,701,False,"SM_PROP_sack_03","Assets/Fantastic Village Pack/3d/props/SM_PROP_sack_03.fbx"
True,0,0,2,False,False,122,0,627,0,493,0,701,False,"SM_PROP_sack_04","Assets/Fantastic Village Pack/3d/props/SM_PROP_sack_04.fbx"
True,0,0,1,False,False,132,0,353,0,524,0,542,False,"SM_PROP_sack_05","Assets/Fantastic Village Pack/3d/props/SM_PROP_sack_05.fbx"
True,0,0,1,False,False,112,0,674,0,230,0,555,False,"SM_PROP_sack_06","Assets/Fantastic Village Pack/3d/props/SM_PROP_sack_06.fbx"
True,0,0,2,False,False,122,0,655,0,498,0,678,False,"SM_PROP_sack_07","Assets/Fantastic Village Pack/3d/props/SM_PROP_sack_07.fbx"
True,0,0,2,False,False,122,0,622,0,553,0,684,False,"SM_PROP_sack_08","Assets/Fantastic Village Pack/3d/props/SM_PROP_sack_08.fbx"
True,0,0,2,False,False,122,0,646,0,491,0,708,False,"SM_PROP_sack_09","Assets/Fantastic Village Pack/3d/props/SM_PROP_sack_09.fbx"
True,0,0,2,False,False,122,0,652,0,513,0,745,False,"SM_PROP_sack_10","Assets/Fantastic Village Pack/3d/props/SM_PROP_sack_10.fbx"
True,0,0,1,False,False,448,1,269,0,364,1,290,False,"SM_PROP_sack_11","Assets/Fantastic Village Pack/3d/props/SM_PROP_sack_11.fbx"
True,0,0,1,False,False,128,0,576,0,557,0,376,False,"SM_PROP_sack_city_01","Assets/Fantastic City Pack/3d/Props/SM_PROP_sack_city_01.fbx"
True,0,0,1,False,False,152,0,546,0,181,0,811,False,"SM_PROP_sack_city_02","Assets/Fantastic City Pack/3d/Props/SM_PROP_sack_city_02.fbx"
True,0,0,1,False,False,206,1,792,0,066,0,534,False,"SM_PROP_saw_city_01","Assets/Fantastic City Pack/3d/Props/SM_PROP_saw_city_01.fbx"
True,0,0,1,False,False,184,0,736,0,047,0,257,False,"SM_PROP_saw_city_02","Assets/Fantastic City Pack/3d/Props/SM_PROP_saw_city_02.fbx"
True,0,0,2,False,False,148,0,369,0,012,0,260,False,"SM_PROP_scissors_city","Assets/Fantastic City Pack/3d/Props/SM_PROP_scissors_city.fbx"
True,0,0,1,False,False,44,0,398,0,146,0,136,False,"SM_PROP_scroll","Assets/Fantastic Village Pack/3d/props/SM_PROP_scroll.fbx"
True,0,0,1,False,False,138,1,773,0,376,0,395,False,"SM_PROP_shelf_city_01","Assets/Fantastic City Pack/3d/Props/SM_PROP_shelf_city_01.fbx"
True,0,0,1,False,False,108,1,581,2,856,0,572,False,"SM_PROP_shelf_city_02","Assets/Fantastic City Pack/3d/Props/SM_PROP_shelf_city_02.fbx"
True,0,0,1,False,False,112,1,782,2,707,0,543,False,"SM_PROP_shelf_city_03","Assets/Fantastic City Pack/3d/Props/SM_PROP_shelf_city_03.fbx"
True,0,0,1,False,False,136,2,034,1,147,0,796,False,"SM_PROP_shelf_city_04","Assets/Fantastic City Pack/3d/Props/SM_PROP_shelf_city_04.fbx"
True,0,0,1,False,False,164,0,409,0,158,1,686,False,"SM_PROP_shovel_city","Assets/Fantastic City Pack/3d/Props/SM_PROP_shovel_city.fbx"
True,0,0,1,False,False,126,0,149,0,064,0,450,False,"SM_PROP_shovel_city_01","Assets/Fantastic City Pack/3d/Props/SM_PROP_shovel_city_01.fbx"
True,0,0,6,False,False,502,0,655,3,397,1,828,False,"SM_PROP_sign_01","Assets/Fantastic Village Pack/3d/props/SM_PROP_sign_01.fbx"
True,0,0,6,False,False,502,0,655,3,397,1,828,False,"SM_PROP_sign_02","Assets/Fantastic Village Pack/3d/props/SM_PROP_sign_02.fbx"
True,0,0,6,False,False,502,0,655,3,397,1,828,False,"SM_PROP_sign_03","Assets/Fantastic Village Pack/3d/props/SM_PROP_sign_03.fbx"
True,0,0,6,False,False,502,0,655,3,397,1,828,False,"SM_PROP_sign_04","Assets/Fantastic Village Pack/3d/props/SM_PROP_sign_04.fbx"
True,0,0,6,False,False,502,0,655,3,397,1,828,False,"SM_PROP_sign_05","Assets/Fantastic Village Pack/3d/props/SM_PROP_sign_05.fbx"
True,0,0,6,False,False,502,0,655,3,397,1,828,False,"SM_PROP_sign_06","Assets/Fantastic Village Pack/3d/props/SM_PROP_sign_06.fbx"
True,0,0,1,False,False,794,0,087,1,530,1,801,False,"SM_PROP_sign_city_01","Assets/Fantastic City Pack/3d/Props/SM_PROP_sign_city_01.fbx"
True,0,0,1,False,False,794,0,087,1,530,1,801,False,"SM_PROP_sign_city_02","Assets/Fantastic City Pack/3d/Props/SM_PROP_sign_city_02.fbx"
True,0,0,1,False,False,794,0,087,1,530,1,801,False,"SM_PROP_sign_city_03","Assets/Fantastic City Pack/3d/Props/SM_PROP_sign_city_03.fbx"
True,0,0,1,False,False,794,0,087,1,530,1,801,False,"SM_PROP_sign_city_04","Assets/Fantastic City Pack/3d/Props/SM_PROP_sign_city_04.fbx"
True,0,0,1,False,False,794,0,087,1,530,1,801,False,"SM_PROP_sign_city_05","Assets/Fantastic City Pack/3d/Props/SM_PROP_sign_city_05.fbx"
True,0,0,1,False,False,36,0,979,0,620,0,054,False,"SM_PROP_sign_city_06","Assets/Fantastic City Pack/3d/Props/SM_PROP_sign_city_06.fbx"
True,0,0,1,False,False,36,0,979,0,620,0,054,False,"SM_PROP_sign_city_07","Assets/Fantastic City Pack/3d/Props/SM_PROP_sign_city_07.fbx"
True,0,0,1,False,False,36,0,979,0,620,0,054,False,"SM_PROP_sign_city_08","Assets/Fantastic City Pack/3d/Props/SM_PROP_sign_city_08.fbx"
True,0,0,1,False,False,36,0,979,0,620,0,054,False,"SM_PROP_sign_city_09","Assets/Fantastic City Pack/3d/Props/SM_PROP_sign_city_09.fbx"
True,0,0,1,False,False,36,0,979,0,620,0,054,False,"SM_PROP_sign_city_10","Assets/Fantastic City Pack/3d/Props/SM_PROP_sign_city_10.fbx"
True,0,0,1,False,False,10,3,904,0,607,0,080,False,"SM_PROP_sign_city_11","Assets/Fantastic City Pack/3d/Props/SM_PROP_sign_city_11.fbx"
True,0,0,1,False,False,10,3,904,0,607,0,080,False,"SM_PROP_sign_city_12","Assets/Fantastic City Pack/3d/Props/SM_PROP_sign_city_12.fbx"
True,0,0,1,False,False,10,3,904,0,607,0,080,False,"SM_PROP_sign_city_13","Assets/Fantastic City Pack/3d/Props/SM_PROP_sign_city_13.fbx"
True,0,0,1,False,False,20,1,157,0,740,0,080,False,"SM_PROP_sign_city_14","Assets/Fantastic City Pack/3d/Props/SM_PROP_sign_city_14.fbx"
True,0,0,2,False,False,150,2,302,4,118,2,177,False,"SM_PROP_signpost_01","Assets/Fantastic Village Pack/3d/props/SM_PROP_signpost_01.fbx"
True,0,0,3,False,False,66,0,536,3,985,1,408,False,"SM_PROP_signpost_02","Assets/Fantastic Village Pack/3d/props/SM_PROP_signpost_02.fbx"
True,0,0,3,False,False,194,2,385,4,381,2,385,False,"SM_PROP_signpost_03","Assets/Fantastic Village Pack/3d/props/SM_PROP_signpost_03.fbx"
True,0,0,3,False,False,98,0,321,4,118,2,385,False,"SM_PROP_signpost_04","Assets/Fantastic Village Pack/3d/props/SM_PROP_signpost_04.fbx"
True,0,0,1,False,False,54,0,107,0,055,0,165,False,"SM_PROP_soap_city","Assets/Fantastic City Pack/3d/Props/SM_PROP_soap_city.fbx"
True,0,0,2,False,False,264,2,028,2,212,2,296,False,"SM_PROP_spikes_v01_01","Assets/Fantastic Village Pack/3d/props/SM_PROP_spikes_v01_01.fbx"
True,0,0,2,False,False,264,2,057,2,045,2,068,False,"SM_PROP_spikes_v01_02","Assets/Fantastic Village Pack/3d/props/SM_PROP_spikes_v01_02.fbx"
True,0,0,2,False,False,264,1,992,2,036,2,043,False,"SM_PROP_spikes_v01_03","Assets/Fantastic Village Pack/3d/props/SM_PROP_spikes_v01_03.fbx"
True,0,0,2,False,False,506,4,034,2,212,2,440,False,"SM_PROP_spikes_v02_01","Assets/Fantastic Village Pack/3d/props/SM_PROP_spikes_v02_01.fbx"
True,0,0,2,False,False,506,3,817,2,045,2,092,False,"SM_PROP_spikes_v02_02","Assets/Fantastic Village Pack/3d/props/SM_PROP_spikes_v02_02.fbx"
True,0,0,2,False,False,484,3,456,2,082,2,140,False,"SM_PROP_spikes_v02_03","Assets/Fantastic Village Pack/3d/props/SM_PROP_spikes_v02_03.fbx"
True,0,0,2,False,False,1536,0,544,1,623,1,195,False,"SM_PROP_spinningwheel_base_city","Assets/Fantastic City Pack/3d/Props/SM_PROP_spinningwheel_base_city.fbx"
True,0,0,1,False,False,126,0,079,0,045,0,261,False,"SM_PROP_spoon_01","Assets/Fantastic Village Pack/3d/props/SM_PROP_spoon_01.fbx"
True,0,0,1,False,False,126,0,078,0,051,0,260,False,"SM_PROP_spoon_02","Assets/Fantastic Village Pack/3d/props/SM_PROP_spoon_02.fbx"
True,0,0,1,False,False,100,0,074,0,033,0,329,False,"SM_PROP_spoon_city","Assets/Fantastic City Pack/3d/Props/SM_PROP_spoon_city.fbx"
True,0,0,1,False,False,200,4,116,3,610,2,808,False,"SM_PROP_stairs_wood_01","Assets/Fantastic Village Pack/3d/props/SM_PROP_stairs_wood_01.fbx"
True,0,0,1,False,False,120,2,710,2,063,2,740,False,"SM_PROP_stairs_wood_02","Assets/Fantastic Village Pack/3d/props/SM_PROP_stairs_wood_02.fbx"
True,0,0,1,False,False,100,1,283,1,032,1,862,False,"SM_PROP_stairs_wood_03","Assets/Fantastic Village Pack/3d/props/SM_PROP_stairs_wood_03.fbx"
True,0,0,1,False,False,98,2,301,2,033,2,301,False,"SM_PROP_statue_base_city_01","Assets/Fantastic City Pack/3d/Props/SM_PROP_statue_base_city_01.fbx"
True,0,0,1,False,False,298,4,209,2,000,4,209,False,"SM_PROP_statue_base_city_02","Assets/Fantastic City Pack/3d/Props/SM_PROP_statue_base_city_02.fbx"
True,0,0,1,False,False,106,4,209,2,000,4,209,False,"SM_PROP_statue_base_city_02_Collision","Assets/Fantastic City Pack/3d/Props/Collision/SM_PROP_statue_base_city_02_Collision.fbx"
True,0,0,1,False,False,968,2,155,4,973,2,121,False,"SM_PROP_statue_city_01","Assets/Fantastic City Pack/3d/Props/SM_PROP_statue_city_01.fbx"
True,0,0,1,False,False,136,0,563,0,759,0,601,False,"SM_PROP_stepladder","Assets/Fantastic Village Pack/3d/props/SM_PROP_stepladder.fbx"
True,0,0,1,False,False,8,0,520,0,754,0,610,False,"SM_PROP_stepladder_Collision","Assets/Fantastic Village Pack/3d/collision/SM_PROP_stepladder_Collision.fbx"
True,0,0,1,False,False,92,1,820,0,269,1,791,False,"SM_PROP_stone_01","Assets/Fantastic Village Pack/3d/props/SM_PROP_stone_01.fbx"
True,0,0,1,False,False,92,1,089,0,180,1,117,False,"SM_PROP_stone_02","Assets/Fantastic Village Pack/3d/props/SM_PROP_stone_02.fbx"
True,0,0,1,False,False,92,0,836,0,148,0,698,False,"SM_PROP_stone_03","Assets/Fantastic Village Pack/3d/props/SM_PROP_stone_03.fbx"
True,0,0,1,False,False,46,1,820,0,213,1,791,False,"SM_PROP_stone_04","Assets/Fantastic Village Pack/3d/props/SM_PROP_stone_04.fbx"
True,0,0,1,False,False,92,0,356,0,326,0,576,False,"SM_PROP_stool_01","Assets/Fantastic Village Pack/3d/props/SM_PROP_stool_01.fbx"
True,0,0,1,False,False,92,0,434,0,513,0,584,False,"SM_PROP_stool_02","Assets/Fantastic Village Pack/3d/props/SM_PROP_stool_02.fbx"
True,0,0,6,False,False,362,0,863,3,739,1,999,False,"SM_PROP_streetlamp_v01_01","Assets/Fantastic Village Pack/3d/props/SM_PROP_streetlamp_v01_01.fbx"
True,0,0,6,False,False,698,0,863,3,757,3,168,False,"SM_PROP_streetlamp_v01_02","Assets/Fantastic Village Pack/3d/props/SM_PROP_streetlamp_v01_02.fbx"
True,0,0,6,False,False,546,0,878,3,739,1,998,False,"SM_PROP_streetlamp_v01_03","Assets/Fantastic Village Pack/3d/props/SM_PROP_streetlamp_v01_03.fbx"
True,0,0,6,False,False,1056,0,878,3,739,3,223,False,"SM_PROP_streetlamp_v01_04","Assets/Fantastic Village Pack/3d/props/SM_PROP_streetlamp_v01_04.fbx"
True,0,0,6,False,False,496,0,823,3,783,1,691,False,"SM_PROP_streetlamp_v02_01","Assets/Fantastic Village Pack/3d/props/SM_PROP_streetlamp_v02_01.fbx"
True,0,0,6,False,False,944,0,823,4,022,2,628,False,"SM_PROP_streetlamp_v02_02","Assets/Fantastic Village Pack/3d/props/SM_PROP_streetlamp_v02_02.fbx"
True,0,0,6,False,False,388,0,823,3,773,1,691,False,"SM_PROP_streetlamp_v02_03","Assets/Fantastic Village Pack/3d/props/SM_PROP_streetlamp_v02_03.fbx"
True,0,0,6,False,False,728,0,823,4,029,2,628,False,"SM_PROP_streetlamp_v02_04","Assets/Fantastic Village Pack/3d/props/SM_PROP_streetlamp_v02_04.fbx"
True,0,0,1,False,False,650,1,361,4,252,0,648,False,"SM_PROP_streetsign_city_01","Assets/Fantastic City Pack/3d/Props/SM_PROP_streetsign_city_01.fbx"
True,0,0,1,False,False,972,1,361,4,252,1,366,False,"SM_PROP_streetsign_city_02","Assets/Fantastic City Pack/3d/Props/SM_PROP_streetsign_city_02.fbx"
True,0,0,1,False,False,232,0,260,0,015,0,380,False,"SM_PROP_stripes_city","Assets/Fantastic City Pack/3d/Props/SM_PROP_stripes_city.fbx"
True,0,0,1,False,False,132,1,795,0,825,1,143,False,"SM_PROP_table_01","Assets/Fantastic Village Pack/3d/props/SM_PROP_table_01.fbx"
True,0,0,1,False,False,144,2,414,0,786,1,372,False,"SM_PROP_table_02","Assets/Fantastic Village Pack/3d/props/SM_PROP_table_02.fbx"
True,0,0,1,False,False,84,1,244,0,749,1,125,False,"SM_PROP_table_03","Assets/Fantastic Village Pack/3d/props/SM_PROP_table_03.fbx"
True,0,0,1,False,False,84,0,643,0,440,0,580,False,"SM_PROP_table_04","Assets/Fantastic Village Pack/3d/props/SM_PROP_table_04.fbx"
True,0,0,1,False,False,716,0,834,0,838,0,834,False,"SM_PROP_table_city_01","Assets/Fantastic City Pack/3d/Props/SM_PROP_table_city_01.fbx"
True,0,0,1,False,False,700,0,995,0,860,0,993,False,"SM_PROP_table_city_02","Assets/Fantastic City Pack/3d/Props/SM_PROP_table_city_02.fbx"
True,0,0,1,False,False,232,2,260,0,742,1,373,False,"SM_PROP_table_city_03","Assets/Fantastic City Pack/3d/Props/SM_PROP_table_city_03.fbx"
True,0,0,1,False,False,360,0,854,0,742,0,853,False,"SM_PROP_table_city_04","Assets/Fantastic City Pack/3d/Props/SM_PROP_table_city_04.fbx"
True,0,0,1,False,False,118,2,046,0,828,1,104,False,"SM_PROP_table_city_05","Assets/Fantastic City Pack/3d/Props/SM_PROP_table_city_05.fbx"
True,0,0,1,False,False,78,0,884,0,317,0,862,False,"SM_PROP_tablecloth_city_01","Assets/Fantastic City Pack/3d/Props/SM_PROP_tablecloth_city_01.fbx"
True,0,0,1,False,False,56,1,220,0,494,1,192,False,"SM_PROP_tablecloth_city_02","Assets/Fantastic City Pack/3d/Props/SM_PROP_tablecloth_city_02.fbx"
True,0,0,1,False,False,52,1,006,0,437,0,520,False,"SM_PROP_tablecloth_city_03","Assets/Fantastic City Pack/3d/Props/SM_PROP_tablecloth_city_03.fbx"
True,0,0,1,False,False,29,2,256,0,400,1,319,False,"SM_PROP_tablecloth_city_04","Assets/Fantastic City Pack/3d/Props/SM_PROP_tablecloth_city_04.fbx"
True,0,0,1,False,False,29,2,256,0,400,1,319,False,"SM_PROP_tablecloth_city_05","Assets/Fantastic City Pack/3d/Props/SM_PROP_tablecloth_city_05.fbx"
True,0,0,1,False,False,58,1,799,0,618,1,391,False,"SM_PROP_tablecloth_city_06","Assets/Fantastic City Pack/3d/Props/SM_PROP_tablecloth_city_06.fbx"
True,0,0,1,False,False,24,0,434,0,011,0,298,False,"SM_PROP_tablemat_city","Assets/Fantastic City Pack/3d/Props/SM_PROP_tablemat_city.fbx"
True,0,0,1,False,False,1226,2,016,2,196,1,214,False,"SM_PROP_tanningrack_city","Assets/Fantastic City Pack/3d/Props/SM_PROP_tanningrack_city.fbx"
True,0,0,1,False,False,206,0,285,0,248,0,437,False,"SM_PROP_teapot_city","Assets/Fantastic City Pack/3d/Props/SM_PROP_teapot_city.fbx"
True,0,0,1,False,False,72,0,054,0,190,0,059,False,"SM_PROP_testtube_city_01","Assets/Fantastic City Pack/3d/Props/SM_PROP_testtube_city_01.fbx"
True,0,0,1,False,False,84,0,102,0,149,0,117,False,"SM_PROP_thread_spool_city","Assets/Fantastic City Pack/3d/Props/SM_PROP_thread_spool_city.fbx"
True,0,0,1,False,False,136,0,738,0,548,0,482,False,"SM_PROP_toolbox_city","Assets/Fantastic City Pack/3d/Props/SM_PROP_toolbox_city.fbx"
True,0,0,1,False,False,654,0,569,1,098,0,799,False,"SM_PROP_trashbin_city","Assets/Fantastic City Pack/3d/Props/SM_PROP_trashbin_city.fbx"
True,0,0,5,False,False,818,0,817,0,701,0,577,False,"SM_PROP_treasurechest","Assets/Fantastic Village Pack/3d/props/SM_PROP_treasurechest.fbx"
True,0,0,2,False,False,180,4,837,1,600,2,573,False,"SM_PROP_treetrunk_01","Assets/Fantastic Village Pack/3d/props/SM_PROP_treetrunk_01.fbx"
True,0,0,2,False,False,36,4,593,0,788,0,910,False,"SM_PROP_treetrunk_02","Assets/Fantastic Village Pack/3d/props/SM_PROP_treetrunk_02.fbx"
True,0,0,2,False,False,180,4,837,1,616,2,547,False,"SM_PROP_treetrunk_03","Assets/Fantastic Village Pack/3d/props/SM_PROP_treetrunk_03.fbx"
True,0,0,2,False,False,36,4,593,0,910,0,788,False,"SM_PROP_treetrunk_04","Assets/Fantastic Village Pack/3d/props/SM_PROP_treetrunk_04.fbx"
True,0,0,2,False,False,284,1,035,0,924,2,610,False,"SM_PROP_trough_01","Assets/Fantastic Village Pack/3d/props/SM_PROP_trough_01.fbx"
True,0,0,2,False,False,90,1,106,0,819,2,549,False,"SM_PROP_trough_02","Assets/Fantastic Village Pack/3d/props/SM_PROP_trough_02.fbx"
True,0,0,1,False,False,200,2,912,0,649,5,794,False,"SM_PROP_walkway_wood","Assets/Fantastic Village Pack/3d/props/SM_PROP_walkway_wood.fbx"
True,0,0,1,False,False,270,0,143,0,368,0,789,False,"SM_PROP_wall_holder_city_01","Assets/Fantastic City Pack/3d/Props/SM_PROP_wall_holder_city_01.fbx"
True,0,0,1,False,False,126,0,086,0,362,1,210,False,"SM_PROP_wall_holder_city_02","Assets/Fantastic City Pack/3d/Props/SM_PROP_wall_holder_city_02.fbx"
True,0,0,1,False,False,16,0,426,1,066,2,979,False,"SM_PROP_wall_stone_small_01","Assets/Fantastic Village Pack/3d/props/SM_PROP_wall_stone_small_01.fbx"
True,0,0,1,False,False,16,0,549,1,181,2,971,False,"SM_PROP_wall_stone_small_02","Assets/Fantastic Village Pack/3d/props/SM_PROP_wall_stone_small_02.fbx"
True,0,0,1,False,False,54,0,468,1,285,2,971,False,"SM_PROP_wall_stone_small_03","Assets/Fantastic Village Pack/3d/props/SM_PROP_wall_stone_small_03.fbx"
True,0,0,1,False,False,78,0,925,1,268,2,971,False,"SM_PROP_wall_stone_small_04","Assets/Fantastic Village Pack/3d/props/SM_PROP_wall_stone_small_04.fbx"
True,0,0,3,False,False,596,3,604,5,314,6,262,False,"SM_PROP_wall_wood","Assets/Fantastic Village Pack/3d/props/SM_PROP_wall_wood.fbx"
True,0,0,1,False,False,32,3,347,4,776,6,213,False,"SM_PROP_wall_wood_Collision","Assets/Fantastic Village Pack/3d/collision/SM_PROP_wall_wood_Collision.fbx"
True,0,0,3,False,False,654,5,404,5,214,5,327,False,"SM_PROP_wall_wood_corner_01","Assets/Fantastic Village Pack/3d/props/SM_PROP_wall_wood_corner_01.fbx"
True,0,0,1,False,False,76,5,353,4,902,5,304,False,"SM_PROP_wall_wood_corner_01_Collision","Assets/Fantastic Village Pack/3d/collision/SM_PROP_wall_wood_corner_01_Collision.fbx"
True,0,0,3,False,False,578,4,577,5,266,5,631,False,"SM_PROP_wall_wood_corner_02","Assets/Fantastic Village Pack/3d/props/SM_PROP_wall_wood_corner_02.fbx"
True,0,0,1,False,False,74,4,591,5,059,5,782,False,"SM_PROP_wall_wood_corner_02_Collision","Assets/Fantastic Village Pack/3d/collision/SM_PROP_wall_wood_corner_02_Collision.fbx"
True,0,0,1,False,False,12,0,460,5,730,2,098,False,"SM_PROP_wall_wood_gate_door_L_Collision","Assets/Fantastic Village Pack/3d/collision/SM_PROP_wall_wood_gate_door_L_Collision.fbx"
True,0,0,1,False,False,12,0,553,5,704,2,098,False,"SM_PROP_wall_wood_gate_door_R_Collision","Assets/Fantastic Village Pack/3d/collision/SM_PROP_wall_wood_gate_door_R_Collision.fbx"
True,0,0,7,False,False,544,1,528,7,469,6,485,False,"SM_PROP_wall_wood_gate_frame_01","Assets/Fantastic Village Pack/3d/props/SM_PROP_wall_wood_gate_frame_01.fbx"
True,0,0,1,False,False,68,1,243,7,430,6,529,False,"SM_PROP_wall_wood_gate_frame_01_Collision","Assets/Fantastic Village Pack/3d/collision/SM_PROP_wall_wood_gate_frame_01_Collision.fbx"
True,0,0,7,False,False,328,1,212,5,920,6,058,False,"SM_PROP_wall_wood_gate_frame_02","Assets/Fantastic Village Pack/3d/props/SM_PROP_wall_wood_gate_frame_02.fbx"
True,0,0,1,False,False,40,1,055,5,897,6,137,False,"SM_PROP_wall_wood_gate_frame_02_Collision","Assets/Fantastic Village Pack/3d/collision/SM_PROP_wall_wood_gate_frame_02_Collision.fbx"
True,0,0,3,False,False,56,1,146,5,817,1,026,False,"SM_PROP_wall_wood_post_01","Assets/Fantastic Village Pack/3d/props/SM_PROP_wall_wood_post_01.fbx"
True,0,0,2,False,False,16,0,902,5,817,0,960,False,"SM_PROP_wall_wood_post_02","Assets/Fantastic Village Pack/3d/props/SM_PROP_wall_wood_post_02.fbx"
True,0,0,2,False,False,18,0,678,4,838,0,555,False,"SM_PROP_wall_wood_post_03","Assets/Fantastic Village Pack/3d/props/SM_PROP_wall_wood_post_03.fbx"
True,0,0,2,False,False,198,0,892,4,906,5,861,False,"SM_PROP_wall_wood_post_04","Assets/Fantastic Village Pack/3d/props/SM_PROP_wall_wood_post_04.fbx"
True,0,0,3,False,False,986,6,173,5,409,6,273,False,"SM_PROP_wall_wood_stairs_01","Assets/Fantastic Village Pack/3d/props/SM_PROP_wall_wood_stairs_01.fbx"
True,0,0,1,False,False,82,5,882,4,804,6,321,False,"SM_PROP_wall_wood_stairs_01_Collision","Assets/Fantastic Village Pack/3d/collision/SM_PROP_wall_wood_stairs_01_Collision.fbx"
True,0,0,3,False,False,986,6,173,5,409,6,273,False,"SM_PROP_wall_wood_stairs_02","Assets/Fantastic Village Pack/3d/props/SM_PROP_wall_wood_stairs_02.fbx"
True,0,0,1,False,False,82,5,882,4,804,6,155,False,"SM_PROP_wall_wood_stairs_02_Collision","Assets/Fantastic Village Pack/3d/collision/SM_PROP_wall_wood_stairs_02_Collision.fbx"
True,0,0,1,False,False,116,0,170,0,582,0,166,False,"SM_PROP_vase_city_01","Assets/Fantastic City Pack/3d/Props/SM_PROP_vase_city_01.fbx"
True,0,0,2,False,False,1412,5,013,11,214,4,484,False,"SM_PROP_watchtower_wood_01","Assets/Fantastic Village Pack/3d/props/SM_PROP_watchtower_wood_01.fbx"
True,0,0,1,False,False,136,4,581,11,313,3,978,False,"SM_PROP_watchtower_wood_01_Collision","Assets/Fantastic Village Pack/3d/collision/SM_PROP_watchtower_wood_01_Collision.fbx"
True,0,0,3,False,False,1604,7,338,13,096,6,075,False,"SM_PROP_watchtower_wood_02","Assets/Fantastic Village Pack/3d/props/SM_PROP_watchtower_wood_02.fbx"
True,0,0,1,False,False,110,6,588,12,718,5,438,False,"SM_PROP_watchtower_wood_02_Collision","Assets/Fantastic Village Pack/3d/collision/SM_PROP_watchtower_wood_02_Collision.fbx"
True,0,0,3,False,False,1676,5,013,11,298,4,484,False,"SM_PROP_watchtower_wood_02_small","Assets/Fantastic Village Pack/3d/props/SM_PROP_watchtower_wood_02_small.fbx"
True,0,0,1,False,False,110,4,581,11,320,3,978,False,"SM_PROP_watchtower_wood_02_small_Collision","Assets/Fantastic Village Pack/3d/collision/SM_PROP_watchtower_wood_02_small_Collision.fbx"
True,0,0,1,False,False,291,0,353,0,626,0,924,False,"SM_PROP_wateringcan_city","Assets/Fantastic City Pack/3d/Props/SM_PROP_wateringcan_city.fbx"
True,0,0,1,False,False,2552,8,558,11,212,8,510,False,"SM_PROP_waypoint_city_01","Assets/Fantastic City Pack/3d/Props/SM_PROP_waypoint_city_01.fbx"
True,0,0,1,False,False,440,8,557,11,229,8,510,False,"SM_PROP_waypoint_city_01_Collision","Assets/Fantastic City Pack/3d/Props/Collision/SM_PROP_waypoint_city_01_Collision.fbx"
True,0,0,1,False,False,472,2,130,1,514,2,460,False,"SM_PROP_waypoint_city_02","Assets/Fantastic City Pack/3d/Props/SM_PROP_waypoint_city_02.fbx"
True,0,0,1,False,False,100,2,130,1,472,2,460,False,"SM_PROP_waypoint_city_02_Collision","Assets/Fantastic City Pack/3d/Props/Collision/SM_PROP_waypoint_city_02_Collision.fbx"
True,0,0,1,False,False,142,8,122,0,333,8,122,False,"SM_PROP_waypoint_city_03","Assets/Fantastic City Pack/3d/Props/SM_PROP_waypoint_city_03.fbx"
True,0,0,1,False,False,123,2,086,3,944,2,231,False,"SM_PROP_weathervane","Assets/Fantastic Village Pack/3d/props/SM_PROP_weathervane.fbx"
True,0,0,7,False,False,808,2,501,4,241,4,762,False,"SM_PROP_well","Assets/Fantastic Village Pack/3d/props/SM_PROP_well.fbx"
True,0,0,1,False,False,202,2,501,4,264,4,511,False,"SM_PROP_well_Collision","Assets/Fantastic Village Pack/3d/collision/SM_PROP_well_Collision.fbx"
True,0,0,1,False,False,36,0,257,1,030,3,336,False,"SM_PROP_well_handle_Collision","Assets/Fantastic Village Pack/3d/collision/SM_PROP_well_handle_Collision.fbx"
True,0,0,1,False,False,128,0,662,0,550,0,679,False,"SM_PROP_woodblock_city","Assets/Fantastic City Pack/3d/Props/SM_PROP_woodblock_city.fbx"
True,0,0,1,False,False,584,2,427,1,482,1,509,False,"SM_PROP_woodworking_station_city_01","Assets/Fantastic City Pack/3d/Props/SM_PROP_woodworking_station_city_01.fbx"
True,0,0,1,False,False,2,83,203,0,000,45,933,False,"SM_River","Assets/Polyart/PolyartStudio/DreamscapeMeadows/Meshes/Water/SM_River.fbx"
True,0,0,1,False,False,64,3,009,0,000,1,298,False,"SM_RiverPlane","Assets/Polyart/PolyartStudio/SharedResources/Meshes/SM_RiverPlane.fbx"
True,0,0,1,False,False,64,7,944,0,000,6,855,False,"SM_RiverPlane_Wide","Assets/Polyart/PolyartStudio/SharedResources/Meshes/SM_RiverPlane_Wide.fbx"
True,0,0,3,True,False,2192,4,433,4,723,5,159,False,"SM_RockFormation_01","Assets/Polyart/PolyartStudio/DreamscapeMeadows/Meshes/Rocks/SM_RockFormation_01.fbx"
True,0,0,3,True,False,3906,4,212,5,459,4,147,False,"SM_RockFormation_02","Assets/Polyart/PolyartStudio/DreamscapeMeadows/Meshes/Rocks/SM_RockFormation_02.fbx"
True,0,0,3,True,False,2604,4,817,3,186,5,031,False,"SM_RockFormation_03","Assets/Polyart/PolyartStudio/DreamscapeMeadows/Meshes/Rocks/SM_RockFormation_03.fbx"
True,0,0,3,True,False,4560,5,608,3,777,4,410,False,"SM_RockFormation_04","Assets/Polyart/PolyartStudio/DreamscapeMeadows/Meshes/Rocks/SM_RockFormation_04.fbx"
True,0,0,1,False,False,192,4,044,3,697,8,912,False,"SM_RocksRound_01","Assets/Polyart/PolyartStudio/DreamscapeMeadows/Meshes/Rocks/SM_RocksRound_01.fbx"
True,0,0,1,False,False,180,3,101,2,384,6,713,False,"SM_RocksRound_02","Assets/Polyart/PolyartStudio/DreamscapeMeadows/Meshes/Rocks/SM_RocksRound_02.fbx"
True,0,0,1,False,False,174,2,519,2,027,2,221,False,"SM_RocksRound_03","Assets/Polyart/PolyartStudio/DreamscapeMeadows/Meshes/Rocks/SM_RocksRound_03.fbx"
True,0,0,1,False,False,188,2,187,2,506,1,721,False,"SM_RuneRock_01","Assets/Polyart/PolyartStudio/DreamscapeMeadows/Meshes/Rocks/SM_RuneRock_01.fbx"
True,0,0,1,False,False,1222,0,350,0,393,0,283,False,"SM_Sack_01","Assets/Polyart/PolyartStudio/DreamscapeMeadows/Meshes/Props/SM_Sack_01.fbx"
True,0,0,1,False,False,1222,0,350,0,393,0,283,False,"SM_Sack_03_Unity","Assets/Polyart/PolyartStudio/DreamscapeCampsite/Meshes/Containers/SM_Sack_03_Unity.fbx"
True,0,0,1,False,False,3012,1,239,0,737,0,651,False,"SM_SleepingBag_01","Assets/Polyart/PolyartStudio/DreamscapeMeadows/Meshes/Props/SM_SleepingBag_01.fbx"
True,0,0,1,False,False,2080,1,487,0,595,2,864,False,"SM_SleepingBag_02","Assets/Polyart/PolyartStudio/DreamscapeMeadows/Meshes/Props/SM_SleepingBag_02.fbx"
True,0,0,1,False,False,3012,0,826,0,492,0,434,False,"SM_SleepingBag_02_Unity","Assets/Polyart/PolyartStudio/DreamscapeCampsite/Meshes/Props/SM_SleepingBag_02_Unity.fbx"
True,0,0,1,False,False,2080,0,991,0,397,1,909,False,"SM_SleepingBag_04_Unity","Assets/Polyart/PolyartStudio/DreamscapeCampsite/Meshes/Props/SM_SleepingBag_04_Unity.fbx"
True,0,0,1,False,False,15,0,459,0,231,0,512,False,"SM_SmallRock_01","Assets/Polyart/PolyartStudio/DreamscapeMeadows/Meshes/Rocks/SM_SmallRock_01.fbx"
True,0,0,1,False,False,20,0,931,0,327,0,753,False,"SM_SmallRock_02","Assets/Polyart/PolyartStudio/DreamscapeMeadows/Meshes/Rocks/SM_SmallRock_02.fbx"
True,0,0,1,False,False,15,0,468,0,230,0,467,False,"SM_SmallRock_03","Assets/Polyart/PolyartStudio/DreamscapeMeadows/Meshes/Rocks/SM_SmallRock_03.fbx"
True,0,0,1,False,False,2097152,50,000,2,624,50,000,False,"SM_SoftHills","Assets/PolyOne/Water URP/Prefabs/SM_SoftHills.prefab"
True,0,0,1,False,False,210,0,371,1,581,0,167,False,"SM_Stick_01","Assets/Polyart/PolyartStudio/DreamscapeMeadows/Meshes/Props/SM_Stick_01.fbx"
True,0,0,1,False,False,210,0,371,1,581,0,167,False,"SM_Stick_01_Unity","Assets/Polyart/PolyartStudio/DreamscapeCampsite/Meshes/Cooking/SM_Stick_01_Unity.fbx"
True,0,0,1,False,False,354,0,367,1,595,0,206,False,"SM_Stick_02","Assets/Polyart/PolyartStudio/DreamscapeMeadows/Meshes/Props/SM_Stick_02.fbx"
True,0,0,1,False,False,354,0,367,1,595,0,206,False,"SM_Stick_02_Unity","Assets/Polyart/PolyartStudio/DreamscapeCampsite/Meshes/Cooking/SM_Stick_02_Unity.fbx"
True,0,0,1,False,False,272,0,125,0,206,2,143,False,"SM_Stick_03","Assets/Polyart/PolyartStudio/DreamscapeMeadows/Meshes/Props/SM_Stick_03.fbx"
True,0,0,1,False,False,272,0,125,0,206,2,143,False,"SM_Stick_03_Unity","Assets/Polyart/PolyartStudio/DreamscapeCampsite/Meshes/Cooking/SM_Stick_03_Unity.fbx"
True,0,0,3,True,False,1614,1,738,1,336,1,802,False,"SM_StoneSmall_01","Assets/Polyart/PolyartStudio/DreamscapeMeadows/Meshes/Rocks/SM_StoneSmall_01.fbx"
True,0,0,3,True,False,1585,1,633,0,925,1,587,False,"SM_StoneSmall_02","Assets/Polyart/PolyartStudio/DreamscapeMeadows/Meshes/Rocks/SM_StoneSmall_02.fbx"
True,0,0,1,False,False,48,1,438,0,598,1,546,False,"SM_StoneSmall_03","Assets/Polyart/PolyartStudio/DreamscapeMeadows/Meshes/Rocks/SM_StoneSmall_03.fbx"
True,0,0,3,True,False,1290,1,712,1,109,1,760,False,"SM_StoneSmall_04","Assets/Polyart/PolyartStudio/DreamscapeMeadows/Meshes/Rocks/SM_StoneSmall_04.fbx"
True,0,0,3,True,False,1203,2,462,2,440,2,228,False,"SM_StoneSmall_05","Assets/Polyart/PolyartStudio/DreamscapeMeadows/Meshes/Rocks/SM_StoneSmall_05.fbx"
True,0,0,1,False,False,1952,2,266,1,685,1,604,False,"SM_Tent","Assets/Polyart/PolyartStudio/DreamscapeMeadows/Meshes/Props/SM_Tent.fbx"
True,0,0,1,False,False,1952,2,266,1,685,1,604,False,"SM_Tent_03_Unity","Assets/Polyart/PolyartStudio/DreamscapeCampsite/Meshes/Structures/SM_Tent_03_Unity.fbx"
True,0,1,1,False,False,14289,96,045,32,995,96,045,False,"SM_Terrain_01","Assets/Polyart/PolyartStudio/DreamscapeMeadows/Meshes/Terrain/SM_Terrain_01.fbx"
True,0,1,1,False,False,15374,98,507,19,605,98,507,False,"SM_Terrain_02","Assets/Polyart/PolyartStudio/DreamscapeMeadows/Meshes/Terrain/SM_Terrain_02.fbx"
True,0,0,1,False,False,3142,2,928,1,061,1,060,False,"SM_Tree_Fallen","Assets/Polyart/PolyartStudio/DreamscapeMeadows/Meshes/Props/SM_Tree_Fallen.fbx"
True,0,0,8,True,False,10356,22,337,24,530,22,410,False,"SM_TreeLarge_01_Unity","Assets/Polyart/PolyartStudio/DreamscapeMeadows/Meshes/Trees/SM_TreeLarge_01_Unity.fbx"
True,0,0,8,True,False,14812,23,821,26,189,23,792,False,"SM_TreeLarge_02_Unity","Assets/Polyart/PolyartStudio/DreamscapeMeadows/Meshes/Trees/SM_TreeLarge_02_Unity.fbx"
True,0,0,8,True,False,13946,20,187,21,269,21,453,False,"SM_TreeLarge_03_Unity","Assets/Polyart/PolyartStudio/DreamscapeMeadows/Meshes/Trees/SM_TreeLarge_03_Unity.fbx"
True,0,0,8,True,False,15714,26,767,26,133,23,681,False,"SM_TreeLarge_04_Unity","Assets/Polyart/PolyartStudio/DreamscapeMeadows/Meshes/Trees/SM_TreeLarge_04_Unity.fbx"
True,0,0,1,False,False,3228,3,093,1,464,2,857,False,"SM_TreeStump_01","Assets/Polyart/PolyartStudio/DreamscapeMeadows/Meshes/Props/SM_TreeStump_01.fbx"
True,0,0,1,False,False,896,5,425,15,505,18,699,False,"SM_Waterfall_Edge","Assets/Polyart/PolyartStudio/DreamscapeMeadows/Meshes/Water/SM_Waterfall_Edge.fbx"
True,0,0,1,False,False,616,4,180,15,505,18,727,False,"SM_Waterfall_Main","Assets/Polyart/PolyartStudio/DreamscapeMeadows/Meshes/Water/SM_Waterfall_Main.fbx"
True,0,0,1,False,False,8192,20,000,0,000,20,000,False,"SM_WaterPlane","Assets/Polyart/PolyartStudio/SharedResources/Meshes/SM_WaterPlane.fbx"
True,0,0,1,False,False,32768,20,000,0,000,20,000,False,"SM_WaterPlane_High","Assets/Polyart/PolyartStudio/DreamscapeMeadows/Meshes/Water/SM_WaterPlane_High.fbx"
True,0,0,1,False,False,8192,20,000,0,000,20,000,False,"SM_WaterPlane_Medium","Assets/Polyart/PolyartStudio/DreamscapeMeadows/Meshes/Water/SM_WaterPlane_Medium.fbx"
True,0,0,1,False,False,8192,20,000,0,000,20,000,False,"SM_WaterRiver","Assets/Polyart/PolyartStudio/DreamscapeMeadows/Prefabs/Water/SM_WaterRiver.prefab"
True,0,0,1,False,False,56,0,020,0,020,0,020,False,"SM_VFX_Background_Plate_01","Assets/Vefects/Free Fire VFX URP/Scene/Meshes/SM_VFX_Background_Plate_01.fbx"
True,0,0,1,False,False,56,0,020,0,020,0,020,False,"SM_VFX_Background_Plate_01","Assets/Vefects/Free Fire VFX URP/Scene/Meshes/SM_VFX_Background_Plate_01.prefab"
True,0,0,1,False,False,3283,3,721,4,491,2,282,False,"SM_WoodSign_01","Assets/Polyart/PolyartStudio/DreamscapeMeadows/Meshes/Props/SM_WoodSign_01.fbx"
True,0,0,1,False,False,328,0,050,0,350,0,130,False,"Small Hammer","Assets/UpDraftArt/BlackSmith Props Sampler/Prefabs/Small Hammer.prefab"
True,0,0,2,False,False,0,0,000,0,000,0,000,False,"Smoke","Assets/Polyart/PolyartStudio/DreamscapeCampsite/Effects/Smoke.prefab"
True,0,0,1,False,False,2097152,50,000,2,624,50,000,False,"Soft Hills","Assets/PolyOne/Water URP/Model/Soft Hills.fbx"
True,0,0,6,False,False,3670,2,536,5,378,4,837,False,"Stag","Assets/Quaternius/FBX/Stag.fbx"
True,0,0,2,False,False,0,0,000,0,000,0,000,False,"Stylized_Fog","Assets/Polyart/PolyartStudio/DreamscapeMeadows/Effects/Stylized_Fog.prefab"
True,0,0,2,False,False,0,0,000,0,000,0,000,False,"SunShaft","Assets/Polyart/PolyartStudio/DreamscapeMeadows/Effects/SunShaft.prefab"
True,0,0,1,False,False,1448,0,795,0,341,0,284,False,"UD_SAF_Anvil","Assets/UpDraftArt/BlackSmith Props Sampler/Models/UD_SAF_Anvil.fbx"
True,0,0,1,False,False,3157,0,700,0,200,0,550,False,"UD_SAF_Coal_Pile","Assets/UpDraftArt/BlackSmith Props Sampler/Models/UD_SAF_Coal_Pile.fbx"
True,0,0,1,False,False,1392,0,060,0,478,0,059,False,"UD_SAF_Flat_Tongs","Assets/UpDraftArt/BlackSmith Props Sampler/Models/UD_SAF_Flat_Tongs.fbx"
True,0,0,1,False,False,328,0,050,0,350,0,130,False,"UD_SAF_Small_Hammer","Assets/UpDraftArt/BlackSmith Props Sampler/Models/UD_SAF_Small_Hammer.fbx"
True,0,0,1,False,False,30217,1,466,1,899,1,467,False,"well","Assets/Emergence/Models/tech/well.glb"
True,0,0,109,False,False,0,0,000,0,000,0,000,False,"VFX","Assets/Vefects/Free Fire VFX URP/Scene/Prefabs/VFX.prefab"
True,0,0,5,False,False,0,0,000,0,000,0,000,False,"VFX_EastLands_Fireball","Assets/Polyart/PolyartStudio/SharedResources/Effects/VFX_EastLands_Fireball.prefab"
True,0,0,5,False,False,0,0,000,0,000,0,000,False,"VFX_EastLands_Fireball_Purple","Assets/Polyart/PolyartStudio/SharedResources/Effects/VFX_EastLands_Fireball_Purple.prefab"
True,0,0,1,False,False,0,0,000,0,000,0,000,False,"VFX_EastLands_HeroTreeLeaves","Assets/Polyart/PolyartStudio/SharedResources/Effects/VFX_EastLands_HeroTreeLeaves.prefab"
True,0,0,1,False,False,0,0,000,0,000,0,000,False,"VFX_EastLands_TreeLeaves","Assets/Polyart/PolyartStudio/SharedResources/Effects/VFX_EastLands_TreeLeaves.prefab"
True,0,0,8,False,False,0,0,000,0,000,0,000,False,"VFX_Fire_01_Big","Assets/Vefects/Free Fire VFX URP/Particles/VFX_Fire_01_Big.prefab"
True,0,0,5,False,False,0,0,000,0,000,0,000,False,"VFX_Fire_01_Big_Simple","Assets/Vefects/Free Fire VFX URP/Particles/VFX_Fire_01_Big_Simple.prefab"
True,0,0,11,False,False,0,0,000,0,000,0,000,False,"VFX_Fire_01_Big_Smoke","Assets/Vefects/Free Fire VFX URP/Particles/VFX_Fire_01_Big_Smoke.prefab"
True,0,0,8,False,False,0,0,000,0,000,0,000,False,"VFX_Fire_01_Medium","Assets/Vefects/Free Fire VFX URP/Particles/VFX_Fire_01_Medium.prefab"
True,0,0,5,False,False,0,0,000,0,000,0,000,False,"VFX_Fire_01_Medium_Simple","Assets/Vefects/Free Fire VFX URP/Particles/VFX_Fire_01_Medium_Simple.prefab"
True,0,0,11,False,False,0,0,000,0,000,0,000,False,"VFX_Fire_01_Medium_Smoke","Assets/Vefects/Free Fire VFX URP/Particles/VFX_Fire_01_Medium_Smoke.prefab"
True,0,0,8,False,False,0,0,000,0,000,0,000,False,"VFX_Fire_01_Small","Assets/Vefects/Free Fire VFX URP/Particles/VFX_Fire_01_Small.prefab"
True,0,0,5,False,False,0,0,000,0,000,0,000,False,"VFX_Fire_01_Small_Simple","Assets/Vefects/Free Fire VFX URP/Particles/VFX_Fire_01_Small_Simple.prefab"
True,0,0,9,False,False,0,0,000,0,000,0,000,False,"VFX_Fire_01_Small_Smoke","Assets/Vefects/Free Fire VFX URP/Particles/VFX_Fire_01_Small_Smoke.prefab"
True,0,0,6,False,False,0,0,000,0,000,0,000,False,"VFX_Fire_Floor_01","Assets/Vefects/Free Fire VFX URP/Particles/VFX_Fire_Floor_01.prefab"
True,0,0,4,False,False,0,0,000,0,000,0,000,False,"VFX_Fire_Floor_01_Simple","Assets/Vefects/Free Fire VFX URP/Particles/VFX_Fire_Floor_01_Simple.prefab"
True,0,0,9,False,False,0,0,000,0,000,0,000,False,"VFX_Fire_Floor_01_Smoke","Assets/Vefects/Free Fire VFX URP/Particles/VFX_Fire_Floor_01_Smoke.prefab"
True,0,0,6,False,False,0,0,000,0,000,0,000,False,"VFX_Fire_Floor_02","Assets/Vefects/Free Fire VFX URP/Particles/VFX_Fire_Floor_02.prefab"
True,0,0,4,False,False,0,0,000,0,000,0,000,False,"VFX_Fire_Floor_02_Simple","Assets/Vefects/Free Fire VFX URP/Particles/VFX_Fire_Floor_02_Simple.prefab"
True,0,0,9,False,False,0,0,000,0,000,0,000,False,"VFX_Fire_Floor_02_Smoke","Assets/Vefects/Free Fire VFX URP/Particles/VFX_Fire_Floor_02_Smoke.prefab"
True,0,0,0,False,False,0,0,000,0,000,0,000,False,"VFX_Point_Light","Assets/Vefects/Free Fire VFX URP/Lights/VFX_Point_Light.prefab"
True,0,0,1,False,False,30910,0,008,0,017,0,005,False,"villager","Assets/Emergence/Models/characters/villager.glb"
True,0,0,1,False,False,30799,0,007,0,017,0,005,False,"villager-child","Assets/Emergence/Models/characters/villager-child.glb"
True,0,0,1,False,False,30818,0,007,0,017,0,005,False,"villager-child-f","Assets/Emergence/Models/characters/villager-child-f.glb"
True,0,0,1,False,False,30880,0,006,0,017,0,005,False,"villager-child-f-walk","Assets/Emergence/Models/characters/villager-child-f-walk.glb"
True,0,0,1,False,False,31107,0,007,0,017,0,005,False,"villager-child-walk","Assets/Emergence/Models/characters/villager-child-walk.glb"
True,0,0,1,False,False,31091,0,007,0,017,0,005,False,"villager-elder","Assets/Emergence/Models/characters/villager-elder.glb"
True,0,0,1,False,False,31015,0,007,0,017,0,005,False,"villager-elder-f","Assets/Emergence/Models/characters/villager-elder-f.glb"
True,0,0,1,False,False,30979,0,007,0,017,0,005,False,"villager-elder-f-walk","Assets/Emergence/Models/characters/villager-elder-f-walk.glb"
True,0,0,1,False,False,31040,0,007,0,017,0,005,False,"villager-elder-walk","Assets/Emergence/Models/characters/villager-elder-walk.glb"
True,0,0,1,False,False,31082,0,006,0,017,0,004,False,"villager-f","Assets/Emergence/Models/characters/villager-f.glb"
True,0,0,1,False,False,31169,0,006,0,017,0,004,False,"villager-f-walk","Assets/Emergence/Models/characters/villager-f-walk.glb"
True,0,0,1,False,False,31104,0,006,0,017,0,004,False,"villager-f-work","Assets/Emergence/Models/characters/villager-f-work.glb"
True,0,0,1,False,False,30655,0,008,0,017,0,005,False,"villager-walk","Assets/Emergence/Models/characters/villager-walk.glb"
True,0,0,1,False,False,30778,0,008,0,017,0,005,False,"villager-work","Assets/Emergence/Models/characters/villager-work.glb"
True,0,0,4,False,False,1962,1,065,2,681,5,553,False,"Wolf","Assets/Quaternius/FBX/Wolf.fbx"
True,0,0,1,False,False,31350,0,531,1,156,1,899,False,"wolf","Assets/Emergence/Models/nature/wolf.glb"
